<?xml version="1.0" encoding="us-ascii"?>
<XML ID="EQInterfaceDefinitionLanguage">
  <Schema xmlns="EverQuestData" xmlns:dt="EverQuestDataTypes" />
  <Button item="MVW_MapZoneGuide">
    <ScreenID>MVW_MapZoneGuide</ScreenID>
    <AutoStretch>true</AutoStretch>
    <RelativePosition>true</RelativePosition>
    <LeftAnchorOffset>92</LeftAnchorOffset>
    <TopAnchorOffset>4</TopAnchorOffset>
    <RightAnchorOffset>2</RightAnchorOffset>
    <BottomAnchorOffset>26</BottomAnchorOffset>
    <LeftAnchorToLeft>false</LeftAnchorToLeft>
    <TopAnchorToTop>true</TopAnchorToTop>
    <RightAnchorToLeft>false</RightAnchorToLeft>
    <BottomAnchorToTop>true</BottomAnchorToTop>
    <Style_Transparent>false</Style_Transparent>
    <Style_Checkbox>false</Style_Checkbox>
    <Text>Zone Guide</Text>
    <TextColor>
      <R>255</R>
      <G>255</G>
      <B>255</B>
    </TextColor>
    <TooltipReference>Toggle the visibility of the Zone Guide.</TooltipReference>
    <Template>BDT_Normal</Template>
  </Button>
  <Combobox item="MVW_MapsDirCombobox">
    <ScreenID>MVW_MapsDirCombobox</ScreenID>
    <DrawTemplate>WDT_Standard</DrawTemplate>
    <Location>
      <X>2</X>
      <Y>2</Y>
    </Location>
    <Size>
      <CX>150</CX>
      <CY>24</CY>
    </Size>
    <ListHeight>200</ListHeight>
    <Button>BDT_Combo</Button>
    <Style_Border>true</Style_Border>
  </Combobox>
  <Label item="MVW_SearchLabel">
    <ScreenID>MVW_SearchLabel</ScreenID>
    <Location>
      <X>0</X>
      <Y>4</Y>
    </Location>
    <Size>
      <CX>50</CX>
      <CY>15</CY>
    </Size>
    <Text>Search:</Text>
    <TextColor>
      <R>255</R>
      <G>255</G>
      <B>255</B>
    </TextColor>
  </Label>
  <Editbox item="MVW_SearchBox">
    <ScreenID>MVW_SearchBox</ScreenID>
    <DrawTemplate>WDT_Standard</DrawTemplate>
    <RelativePosition>true</RelativePosition>
    <AutoStretch>true</AutoStretch>
    <RelativePosition>true</RelativePosition>
    <LeftAnchorOffset>50</LeftAnchorOffset>
    <TopAnchorOffset>0</TopAnchorOffset>
    <RightAnchorOffset>130</RightAnchorOffset>
    <BottomAnchorOffset>22</BottomAnchorOffset>
    <LeftAnchorToLeft>true</LeftAnchorToLeft>
    <TopAnchorToTop>true</TopAnchorToTop>
    <RightAnchorToLeft>false</RightAnchorToLeft>
    <BottomAnchorToTop>true</BottomAnchorToTop>
    <Style_Border>true</Style_Border>
    <TextColor>
      <R>255</R>
      <G>255</G>
      <B>255</B>
    </TextColor>
  </Editbox>
  <Button item="MVW_SearchButton">
    <ScreenID>MVW_SearchButton</ScreenID>
    <RelativePosition>true</RelativePosition>
    <AutoStretch>true</AutoStretch>
    <LeftAnchorOffset>120</LeftAnchorOffset>
    <TopAnchorOffset>0</TopAnchorOffset>
    <RightAnchorOffset>70</RightAnchorOffset>
    <BottomAnchorOffset>22</BottomAnchorOffset>
    <LeftAnchorToLeft>false</LeftAnchorToLeft>
    <TopAnchorToTop>true</TopAnchorToTop>
    <RightAnchorToLeft>false</RightAnchorToLeft>
    <BottomAnchorToTop>true</BottomAnchorToTop>
    <Text>Search</Text>
    <TextColor>
      <R>255</R>
      <G>255</G>
      <B>255</B>
    </TextColor>
    <Template>BDT_Normal</Template>
  </Button>
  <Button item="MVW_SearchClearButton">
    <ScreenID>MVW_SearchClearButton</ScreenID>
    <RelativePosition>true</RelativePosition>
    <AutoStretch>true</AutoStretch>
    <LeftAnchorOffset>65</LeftAnchorOffset>
    <TopAnchorOffset>0</TopAnchorOffset>
    <RightAnchorOffset>15</RightAnchorOffset>
    <BottomAnchorOffset>22</BottomAnchorOffset>
    <LeftAnchorToLeft>false</LeftAnchorToLeft>
    <TopAnchorToTop>true</TopAnchorToTop>
    <RightAnchorToLeft>false</RightAnchorToLeft>
    <BottomAnchorToTop>true</BottomAnchorToTop>
    <Text>Clear</Text>
    <TextColor>
      <R>255</R>
      <G>255</G>
      <B>255</B>
    </TextColor>
    <TooltipReference>Resets the search.</TooltipReference>
    <Template>BDT_Normal</Template>
  </Button>
  <Screen item="MVW_MapSearchScreen">
    <RelativePosition>true</RelativePosition>
    <AutoStretch>true</AutoStretch>
    <TopAnchorToTop>true</TopAnchorToTop>
    <TopAnchorOffset>4</TopAnchorOffset>
    <BottomAnchorToTop>true</BottomAnchorToTop>
    <BottomAnchorOffset>32</BottomAnchorOffset>
    <LeftAnchorToLeft>true</LeftAnchorToLeft>
    <LeftAnchorOffset>165</LeftAnchorOffset>
    <RightAnchorToLeft>false</RightAnchorToLeft>
    <RightAnchorOffset>100</RightAnchorOffset>
    <Style_Transparent>true</Style_Transparent>
    <Pieces>MVW_SearchLabel</Pieces>
    <Pieces>MVW_SearchBox</Pieces>
    <Pieces>MVW_SearchButton</Pieces>
    <Pieces>MVW_SearchClearButton</Pieces>
  </Screen>
  <Button item="MVW_LoadCurrent">
    <ScreenID>MVW_LoadCurrent</ScreenID>
    <RelativePosition>true</RelativePosition>
    <Location>
      <X>8</X>
      <Y>0</Y>
    </Location>
    <Size>
      <CX>100</CX>
      <CY>22</CY>
    </Size>
    <Style_Transparent>false</Style_Transparent>
    <Style_Checkbox>false</Style_Checkbox>
    <Text>Current Zone</Text>
    <TextColor>
      <R>255</R>
      <G>255</G>
      <B>255</B>
    </TextColor>
    <TooltipReference>Reset map to current zone.</TooltipReference>
    <Template>BDT_Normal</Template>
  </Button>
  <Button item="MVW_Find">
    <ScreenID>MVW_Find</ScreenID>
    <RelativePosition>true</RelativePosition>
    <Location>
      <X>160</X>
      <Y>0</Y>
    </Location>
    <Size>
      <CX>80</CX>
      <CY>22</CY>
    </Size>
    <Style_Transparent>false</Style_Transparent>
    <Style_Checkbox>false</Style_Checkbox>
    <Text>Find</Text>
    <TextColor>
      <R>255</R>
      <G>255</G>
      <B>255</B>
    </TextColor>
    <TooltipReference>Find a destination in the current zone.</TooltipReference>
    <Template>BDT_Normal</Template>
  </Button>
  <Button item="MVW_EndFind">
    <ScreenID>MVW_EndFind</ScreenID>
    <RelativePosition>true</RelativePosition>
    <Location>
      <X>160</X>
      <Y>0</Y>
    </Location>
    <Size>
      <CX>80</CX>
      <CY>22</CY>
    </Size>
    <Style_Transparent>false</Style_Transparent>
    <Style_Checkbox>false</Style_Checkbox>
    <Text>End Find</Text>
    <TextColor>
      <R>255</R>
      <G>255</G>
      <B>255</B>
    </TextColor>
    <TooltipReference>Cancel the current find path.</TooltipReference>
    <Template>BDT_Normal</Template>
  </Button>
  <Button item="MVW_FindAutoZoom">
    <ScreenID>MVW_FindAutoZoom</ScreenID>
    <RelativePosition>true</RelativePosition>
    <Location>
      <X>250</X>
      <Y>0</Y>
    </Location>
    <Size>
      <CX>80</CX>
      <CY>22</CY>
    </Size>
    <Style_Transparent>false</Style_Transparent>
    <Style_Checkbox>true</Style_Checkbox>
    <Text>Auto-Zoom</Text>
    <TextColor>
      <R>255</R>
      <G>255</G>
      <B>255</B>
    </TextColor>
    <TooltipReference>Toggle the map auto-zooming on your find path.</TooltipReference>
    <Template>BDT_Normal</Template>
  </Button>
  <Button item="MVW_ShowGroupButton">
    <ScreenID>MVW_ShowGroupButton</ScreenID>
    <RelativePosition>true</RelativePosition>
    <AutoStretch>true</AutoStretch>
    <TopAnchorOffset>0</TopAnchorOffset>
    <TopAnchorToTop>true</TopAnchorToTop>
    <BottomAnchorToTop>true</BottomAnchorToTop>
    <BottomAnchorOffset>22</BottomAnchorOffset>
    <LeftAnchorToLeft>false</LeftAnchorToLeft>
    <LeftAnchorOffset>90</LeftAnchorOffset>
    <RightAnchorToLeft>false</RightAnchorToLeft>
    <RightAnchorOffset>0</RightAnchorOffset>
    <Style_Checkbox>true</Style_Checkbox>
    <Text>Show Group</Text>
    <TooltipReference>Toggle display of group members in the current zone.</TooltipReference>
    <TextColor>
      <R>255</R>
      <G>255</G>
      <B>255</B>
    </TextColor>
    <Template>BDT_Normal</Template>
  </Button>
  <Screen item="MVW_MapCurrentZoneScreen">
    <RelativePosition>true</RelativePosition>
    <AutoStretch>true</AutoStretch>
    <TopAnchorOffset>25</TopAnchorOffset>
    <TopAnchorToTop>false</TopAnchorToTop>
    <BottomAnchorToTop>false</BottomAnchorToTop>
    <BottomAnchorOffset>5</BottomAnchorOffset>
    <LeftAnchorToLeft>true</LeftAnchorToLeft>
    <LeftAnchorOffset>0</LeftAnchorOffset>
    <RightAnchorToLeft>false</RightAnchorToLeft>
    <RightAnchorOffset>70</RightAnchorOffset>
    <Style_Transparent>true</Style_Transparent>
    <Pieces>MVW_LoadCurrent</Pieces>
    <Pieces>MVW_Find</Pieces>
    <Pieces>MVW_EndFind</Pieces>
    <Pieces>MVW_FindAutoZoom</Pieces>
    <Pieces>MVW_ShowGroupButton</Pieces>
  </Screen>
  <Button item="MVW_Layer0Button">
    <ScreenID>MVW_Layer0Button</ScreenID>
    <RelativePosition>true</RelativePosition>
    <Location>
      <X>0</X>
      <Y>146</Y>
    </Location>
    <Size>
      <CX>63</CX>
      <CY>20</CY>
    </Size>
    <Style_VScroll>false</Style_VScroll>
    <Style_HScroll>false</Style_HScroll>
    <Style_Transparent>false</Style_Transparent>
    <Style_Checkbox>true</Style_Checkbox>
    <Text>Base</Text>
    <TextColor>
      <R>255</R>
      <G>255</G>
      <B>255</B>
    </TextColor>
    <Template>BDT_Normal</Template>
  </Button>
  <Button item="MVW_LabelsToggleButton">
    <ScreenID>MVW_LabelsToggleButton</ScreenID>
    <RelativePosition>true</RelativePosition>
    <Location>
      <X>0</X>
      <Y>230</Y>
    </Location>
    <Size>
      <CX>63</CX>
      <CY>22</CY>
    </Size>
    <Style_VScroll>false</Style_VScroll>
    <Style_HScroll>false</Style_HScroll>
    <Style_Transparent>false</Style_Transparent>
    <Style_Checkbox>true</Style_Checkbox>
    <Text>Labels</Text>
    <TooltipReference>Toggle displaying of labels on and off.</TooltipReference>
    <TextColor>
      <R>255</R>
      <G>255</G>
      <B>255</B>
    </TextColor>
    <Template>BDT_Normal</Template>
  </Button>
  <Button item="MVW_PanResetButton">
    <ScreenID>MVW_PanResetButton</ScreenID>
    <RelativePosition>true</RelativePosition>
    <Location>
      <X>228</X>
      <Y>5</Y>
    </Location>
    <Size>
      <CX>12</CX>
      <CY>12</CY>
    </Size>
    <!--<Font>1</Font>
    <Text>R</Text>-->
    <Style_VScroll>false</Style_VScroll>
    <Style_HScroll>false</Style_HScroll>
    <Style_Transparent>false</Style_Transparent>
    <Style_Checkbox>false</Style_Checkbox>
    <TextColor>
      <R>255</R>
      <G>255</G>
      <B>255</B>
    </TextColor>
    <Template>BDT_MiniMapReset</Template>
  </Button>
  <!-- Image for an EQ map, move to EQUI_Animations at some point -->
  <TextureInfo item="cart.tga">
    <Size>
      <CX>64</CX>
      <CY>64</CY>
    </Size>
  </TextureInfo>
  <Ui2DAnimation item="A_MapPiece">
    <Cycle>false</Cycle>
    <Frames>
      <Texture>cart.tga</Texture>
      <Location>
        <X>0</X>
        <Y>0</Y>
      </Location>
      <Size>
        <CX>512</CX>
        <CY>399</CY>
      </Size>
      <Hotspot>
        <X>0</X>
        <Y>0</Y>
      </Hotspot>
    </Frames>
  </Ui2DAnimation>
  <Ui2DAnimation item="A_ToolbarButtonNormal">
    <Cycle>false</Cycle>
    <Frames>
      <Texture>window_pieces04.tga</Texture>
      <Location>
        <X>0</X>
        <Y>100</Y>
      </Location>
      <Size>
        <CX>22</CX>
        <CY>22</CY>
      </Size>
      <Hotspot>
        <X>0</X>
        <Y>0</Y>
      </Hotspot>
    </Frames>
  </Ui2DAnimation>
  <Ui2DAnimation item="A_ToolbarButtonFlyby">
    <Cycle>false</Cycle>
    <Frames>
      <Texture>window_pieces04.tga</Texture>
      <Location>
        <X>22</X>
        <Y>100</Y>
      </Location>
      <Size>
        <CX>22</CX>
        <CY>22</CY>
      </Size>
      <Hotspot>
        <X>0</X>
        <Y>0</Y>
      </Hotspot>
    </Frames>
  </Ui2DAnimation>
  <Ui2DAnimation item="A_ToolbarButtonPressed">
    <Cycle>false</Cycle>
    <Frames>
      <Texture>window_pieces04.tga</Texture>
      <Location>
        <X>44</X>
        <Y>100</Y>
      </Location>
      <Size>
        <CX>22</CX>
        <CY>22</CY>
      </Size>
      <Hotspot>
        <X>0</X>
        <Y>0</Y>
      </Hotspot>
    </Frames>
  </Ui2DAnimation>
  <Ui2DAnimation item="A_ToolbarButtonPressedFlyby">
    <Cycle>false</Cycle>
    <Frames>
      <Texture>window_pieces04.tga</Texture>
      <Location>
        <X>66</X>
        <Y>100</Y>
      </Location>
      <Size>
        <CX>22</CX>
        <CY>22</CY>
      </Size>
      <Hotspot>
        <X>0</X>
        <Y>0</Y>
      </Hotspot>
    </Frames>
  </Ui2DAnimation>
  <Button item="MVW_ZFilterButton">
    <ScreenID>MVW_ZFilterButton</ScreenID>
    <RelativePosition>true</RelativePosition>
    <Location>
      <X>214</X>
      <Y>5</Y>
    </Location>
    <Size>
      <CX>12</CX>
      <CY>12</CY>
    </Size>
    <Style_VScroll>false</Style_VScroll>
    <Style_HScroll>false</Style_HScroll>
    <Style_Transparent>false</Style_Transparent>
    <Style_Checkbox>true</Style_Checkbox>
    <TextColor>
      <R>255</R>
      <G>255</G>
      <B>255</B>
    </TextColor>
    <TooltipReference>Toggle filtering map lines based on your position and the high and low values.</TooltipReference>
    <Template>BDT_MiniHeightFilter</Template>
    <!--<Font>1</Font>
	<Text>H</Text>-->
  </Button>
  <Button item="MVW_Layer3ActiveButton">
    <ScreenID>MVW_Layer3ActiveButton</ScreenID>
    <RelativePosition>true</RelativePosition>
    <Location>
      <X>42</X>
      <Y>200</Y>
    </Location>
    <Size>
      <CX>20</CX>
      <CY>20</CY>
    </Size>
    <Style_VScroll>false</Style_VScroll>
    <Style_HScroll>false</Style_HScroll>
    <Style_Transparent>false</Style_Transparent>
    <Style_Checkbox>false</Style_Checkbox>
    <Text>3</Text>
    <TextColor>
      <R>255</R>
      <G>255</G>
      <B>255</B>
    </TextColor>
    <Template>BDT_Normal</Template>
    <RadioGroup>MVW_ActiveLayer</RadioGroup>
  </Button>
  <Button item="MVW_Layer2ActiveButton">
    <ScreenID>MVW_Layer2ActiveButton</ScreenID>
    <RelativePosition>true</RelativePosition>
    <Location>
      <X>21</X>
      <Y>200</Y>
    </Location>
    <Size>
      <CX>20</CX>
      <CY>20</CY>
    </Size>
    <Style_VScroll>false</Style_VScroll>
    <Style_HScroll>false</Style_HScroll>
    <Style_Transparent>false</Style_Transparent>
    <Style_Checkbox>false</Style_Checkbox>
    <Text>2</Text>
    <TextColor>
      <R>255</R>
      <G>255</G>
      <B>255</B>
    </TextColor>
    <Template>BDT_Normal</Template>
    <RadioGroup>MVW_ActiveLayer</RadioGroup>
  </Button>
  <Button item="MVW_Layer1ActiveButton">
    <ScreenID>MVW_Layer1ActiveButton</ScreenID>
    <RelativePosition>true</RelativePosition>
    <Location>
      <X>0</X>
      <Y>200</Y>
    </Location>
    <Size>
      <CX>20</CX>
      <CY>20</CY>
    </Size>
    <Style_VScroll>false</Style_VScroll>
    <Style_HScroll>false</Style_HScroll>
    <Style_Transparent>false</Style_Transparent>
    <Style_Checkbox>false</Style_Checkbox>
    <Text>1</Text>
    <TextColor>
      <R>255</R>
      <G>255</G>
      <B>255</B>
    </TextColor>
    <Template>BDT_Normal</Template>
    <RadioGroup>MVW_ActiveLayer</RadioGroup>
  </Button>
  <Label item="MVW_LayerActiveLabel">
    <ScreenID>MVW_LayerActiveLabel</ScreenID>
    <Font>3</Font>
    <Text>Active</Text>
    <TextColor>
      <R>255</R>
      <G>255</G>
      <B>255</B>
    </TextColor>
    <Size>
      <CX>52</CX>
      <CY>15</CY>
    </Size>
    <Location>
      <X>4</X>
      <Y>186</Y>
    </Location>
  </Label>
  <Label item="MVW_LayerVisibleLabel">
    <ScreenID>MVW_LayerVisibleLabel</ScreenID>
    <Font>3</Font>
    <Text>Visible</Text>
    <TextColor>
      <R>255</R>
      <G>255</G>
      <B>255</B>
    </TextColor>
    <Size>
      <CX>51</CX>
      <CY>15</CY>
    </Size>
    <Location>
      <X>4</X>
      <Y>132</Y>
    </Location>
  </Label>
  <Button item="MVW_Layer3Button">
    <ScreenID>MVW_Layer3Button</ScreenID>
    <RelativePosition>true</RelativePosition>
    <Location>
      <X>45</X>
      <Y>15</Y>
    </Location>
    <Size>
      <CX>12</CX>
      <CY>12</CY>
    </Size>
    <Style_VScroll>false</Style_VScroll>
    <Style_HScroll>false</Style_HScroll>
    <Style_Transparent>false</Style_Transparent>
    <Style_Checkbox>true</Style_Checkbox>
    <Text>3</Text>
    <TextColor>
      <R>255</R>
      <G>255</G>
      <B>255</B>
    </TextColor>
    <Template>BDT_Normal</Template>
  </Button>
  <Button item="MVW_Layer2Button">
    <ScreenID>MVW_Layer2Button</ScreenID>
    <RelativePosition>true</RelativePosition>
    <Location>
      <X>30</X>
      <Y>15</Y>
    </Location>
    <Size>
      <CX>12</CX>
      <CY>12</CY>
    </Size>
    <Style_VScroll>false</Style_VScroll>
    <Style_HScroll>false</Style_HScroll>
    <Style_Transparent>false</Style_Transparent>
    <Style_Checkbox>true</Style_Checkbox>
    <Text>2</Text>
    <TextColor>
      <R>255</R>
      <G>255</G>
      <B>255</B>
    </TextColor>
    <Template>BDT_Normal</Template>
  </Button>
  <Button item="MVW_Layer1Button">
    <ScreenID>MVW_Layer1Button</ScreenID>
    <RelativePosition>true</RelativePosition>
    <Location>
      <X>15</X>
      <Y>15</Y>
    </Location>
    <Size>
      <CX>12</CX>
      <CY>12</CY>
    </Size>
    <Style_VScroll>false</Style_VScroll>
    <Style_HScroll>false</Style_HScroll>
    <Style_Transparent>false</Style_Transparent>
    <Style_Checkbox>true</Style_Checkbox>
    <Text>1</Text>
    <TextColor>
      <R>255</R>
      <G>255</G>
      <B>255</B>
    </TextColor>
    <Template>BDT_Normal</Template>
  </Button>
  <Label item="MVW_LayersLabel">
    <ScreenID>MVW_LayersLabel</ScreenID>
    <Font>3</Font>
    <Text>Layers:</Text>
    <TextColor>
      <R>255</R>
      <G>255</G>
      <B>255</B>
    </TextColor>
    <Size>
      <CX>46</CX>
      <CY>15</CY>
    </Size>
    <Location>
      <X>0</X>
      <Y>116</Y>
    </Location>
  </Label>
  <!-- Panning -->
  <Button item="MVW_PanLeftButton">
    <ScreenID>MVW_PanLeftButton</ScreenID>
    <RelativePosition>true</RelativePosition>
    <Location>
      <X>0</X>
      <Y>24</Y>
    </Location>
    <Size>
      <CX>22</CX>
      <CY>22</CY>
    </Size>
    <Style_Transparent>false</Style_Transparent>
    <Style_Checkbox>false</Style_Checkbox>
    <Template>BDT_PanLeft</Template>
  </Button>
  <Button item="MVW_PanRightButton">
    <ScreenID>MVW_PanRightButton</ScreenID>
    <RelativePosition>true</RelativePosition>
    <Location>
      <X>41</X>
      <Y>24</Y>
    </Location>
    <Size>
      <CX>22</CX>
      <CY>22</CY>
    </Size>
    <Style_Transparent>false</Style_Transparent>
    <Style_Checkbox>false</Style_Checkbox>
    <Template>BDT_PanRight</Template>
  </Button>
  <Button item="MVW_PanUpButton">
    <ScreenID>MVW_PanUpButton</ScreenID>
    <RelativePosition>true</RelativePosition>
    <Location>
      <X>20</X>
      <Y>2</Y>
    </Location>
    <Size>
      <CX>22</CX>
      <CY>22</CY>
    </Size>
    <Style_Transparent>false</Style_Transparent>
    <Style_Checkbox>false</Style_Checkbox>
    <Template>BDT_PanUp</Template>
  </Button>
  <Button item="MVW_PanDownButton">
    <ScreenID>MVW_PanDownButton</ScreenID>
    <RelativePosition>true</RelativePosition>
    <Location>
      <X>20</X>
      <Y>46</Y>
    </Location>
    <Size>
      <CX>22</CX>
      <CY>22</CY>
    </Size>
    <Style_Transparent>false</Style_Transparent>
    <Style_Checkbox>false</Style_Checkbox>
    <Template>BDT_PanDown</Template>
  </Button>
  
  <!-- Zooming -->
  <Button item="MVW_ZoomInButton">
    <ScreenID>MVW_ZoomInButton</ScreenID>
    <RelativePosition>true</RelativePosition>
    <Location>
      <X>9</X>
      <Y>70</Y>
    </Location>
    <Size>
      <CX>22</CX>
      <CY>22</CY>
    </Size>
    <Style_VScroll>false</Style_VScroll>
    <Style_HScroll>false</Style_HScroll>
    <Style_Transparent>false</Style_Transparent>
    <Style_Checkbox>false</Style_Checkbox>
    <Text />
    <TextColor>
      <R>255</R>
      <G>255</G>
      <B>255</B>
    </TextColor>
    <TooltipReference>Zoom In. (Or use Mouse Wheel)</TooltipReference>
    <Template>BDT_ZoomIn</Template>
  </Button>
  
  <Button item="MVW_ZoomOutButton">
    <ScreenID>MVW_ZoomOutButton</ScreenID>
    <RelativePosition>true</RelativePosition>
    <Location>
      <X>33</X>
      <Y>70</Y>
    </Location>
    <Size>
      <CX>22</CX>
      <CY>22</CY>
    </Size>
    <Style_VScroll>false</Style_VScroll>
    <Style_HScroll>false</Style_HScroll>
    <Style_Transparent>false</Style_Transparent>
    <Style_Checkbox>false</Style_Checkbox>
    <Text />
    <TextColor>
      <R>255</R>
      <G>255</G>
      <B>255</B>
    </TextColor>
    <TooltipReference>Zoom Out. (Or use Mouse Wheel)</TooltipReference>
    <Template>BDT_ZoomOut</Template>
  </Button>
  
  <!-- Map background -->
  <Screen item="MVW_MapRenderArea">
    <ScreenID>MVW_MapRenderArea</ScreenID>
    <DrawTemplate>WDT_Standard</DrawTemplate>
    <RelativePosition>true</RelativePosition>
    <AutoStretch>true</AutoStretch>
    <TopAnchorOffset>0</TopAnchorOffset>
    <BottomAnchorOffset>0</BottomAnchorOffset>
    <LeftAnchorOffset>0</LeftAnchorOffset>
    <RightAnchorOffset>0</RightAnchorOffset>
    <BottomAnchorToTop>false</BottomAnchorToTop>
    <RightAnchorToLeft>false</RightAnchorToLeft>
    <Style_Border>true</Style_Border>
    <Style_Transparent>true</Style_Transparent>
  </Screen>
  
  <StaticAnimation item="MVW_MapPiece">
    <ScreenID>MapPiece</ScreenID>
    <RelativePosition>true</RelativePosition>
    <AutoStretch>true</AutoStretch>
    <TopAnchorOffset>0</TopAnchorOffset>
    <BottomAnchorOffset>0</BottomAnchorOffset>
    <LeftAnchorOffset>0</LeftAnchorOffset>
    <RightAnchorOffset>0</RightAnchorOffset>
    <BottomAnchorToTop>false</BottomAnchorToTop>
    <RightAnchorToLeft>false</RightAnchorToLeft>
    <Style_VScroll>false</Style_VScroll>
    <Style_HScroll>false</Style_HScroll>
    <Animation>A_MapPiece</Animation>
  </StaticAnimation>
  
  <Button item="MVW_ToolbarButton">
    <ScreenID>MVW_ToolbarButton</ScreenID>
    <RelativePosition>true</RelativePosition>
    <Location>
      <X>20</X>
      <Y>378</Y>
    </Location>
    <Size>
      <CX>22</CX>
      <CY>22</CY>
    </Size>
    <Style_Transparent>false</Style_Transparent>
    <Style_Checkbox>false</Style_Checkbox>
    <TextColor>
      <R>255</R>
      <G>255</G>
      <B>255</B>
    </TextColor>
    <ButtonDrawTemplate>
      <Normal>A_ToolbarButtonNormal</Normal>
      <Pressed>A_ToolbarButtonPressed</Pressed>
      <Flyby>A_ToolbarButtonFlyby</Flyby>
      <Disabled>A_ToolbarButtonNormal</Disabled>
      <PressedFlyby>A_ToolbarButtonPressedFlyby</PressedFlyby>
    </ButtonDrawTemplate>
    <TooltipReference>Pop up the Toolbar Window.</TooltipReference>
  </Button>
  
  <Label item="MVW_MinZLabel">
    <ScreenID>MVW_MinZLabel</ScreenID>
    <Font>3</Font>
    <Text>Low:</Text>
    <TextColor>
      <R>255</R>
      <G>255</G>
      <B>255</B>
    </TextColor>
    <Size>
      <CX>44</CX>
      <CY>15</CY>
    </Size>
    <Location>
      <X>2</X>
      <Y>302</Y>
    </Location>
  </Label>
  
  <Label item="MVW_MaxZLabel">
    <ScreenID>MVW_MaxZLabel</ScreenID>
    <Font>3</Font>
    <Text>High:</Text>
    <TextColor>
      <R>255</R>
      <G>255</G>
      <B>255</B>
    </TextColor>
    <Size>
      <CX>44</CX>
      <CY>15</CY>
    </Size>
    <Location>
      <X>2</X>
      <Y>337</Y>
    </Location>
  </Label>
  
  <Editbox item="MVW_MinZEditBox">
    <ScreenID>MVW_MinZEditBox</ScreenID>
    <DrawTemplate>WDT_Standard</DrawTemplate>
    <RelativePosition>true</RelativePosition>
    <Location>
      <X>0</X>
      <Y>317</Y>
    </Location>
    <Size>
      <CX>63</CX>
      <CY>20</CY>
    </Size>
    <Style_Border>true</Style_Border>
    <TextColor>
      <R>255</R>
      <G>255</G>
      <B>255</B>
    </TextColor>
    <TooltipReference>How much below your current position to draw map lines.</TooltipReference>
  </Editbox>
  
  <Editbox item="MVW_MaxZEditBox">
    <ScreenID>MVW_MaxZEditBox</ScreenID>
    <DrawTemplate>WDT_Standard</DrawTemplate>
    <RelativePosition>true</RelativePosition>
    <Location>
      <X>0</X>
      <Y>352</Y>
    </Location>
    <Size>
      <CX>63</CX>
      <CY>20</CY>
    </Size>
    <Style_Border>true</Style_Border>
    <TextColor>
      <R>255</R>
      <G>255</G>
      <B>255</B>
    </TextColor>
    <TooltipReference>How much above your current position to draw map lines.</TooltipReference>
  </Editbox>
  
  <Screen item="MVW_MapToolBar">
    <ScreenID>MVW_MapToolBar</ScreenID>
    <RelativePosition>false</RelativePosition>
    <AutoStretch>true</AutoStretch>
    <TopAnchorToTop>true</TopAnchorToTop>
    <TopAnchorOffset>33</TopAnchorOffset>
    <BottomAnchorToTop>true</BottomAnchorToTop>
    <BottomAnchorOffset>470</BottomAnchorOffset>
    <LeftAnchorToLeft>false</LeftAnchorToLeft>
    <LeftAnchorOffset>67</LeftAnchorOffset>
    <RightAnchorToLeft>false</RightAnchorToLeft>
    <RightAnchorOffset>2</RightAnchorOffset>
    <Style_VScroll>false</Style_VScroll>
    <Style_HScroll>false</Style_HScroll>
    <Style_Transparent>true</Style_Transparent>
    <Pieces>MVW_PanLeftButton</Pieces>
    <Pieces>MVW_PanRightButton</Pieces>
    <Pieces>MVW_PanUpButton</Pieces>
    <Pieces>MVW_PanDownButton</Pieces>
    <Pieces>MVW_ZoomInButton</Pieces>
    <Pieces>MVW_ZoomOutButton</Pieces>
    <Pieces>MVW_ToolbarButton</Pieces>
    <Pieces>MVW_MinZLabel</Pieces>
    <Pieces>MVW_MaxZLabel</Pieces>
    <Pieces>MVW_MinZEditBox</Pieces>
    <Pieces>MVW_MaxZEditBox</Pieces>
    <Pieces>MVW_LayersLabel</Pieces>
    <Pieces>MVW_Layer1Button</Pieces>
    <Pieces>MVW_Layer2Button</Pieces>
    <Pieces>MVW_Layer3Button</Pieces>
    <Pieces>MVW_LayerVisibleLabel</Pieces>
    <Pieces>MVW_LayerActiveLabel</Pieces>
    <Pieces>MVW_Layer1ActiveButton</Pieces>
    <Pieces>MVW_Layer2ActiveButton</Pieces>
    <Pieces>MVW_Layer3ActiveButton</Pieces>
    <Pieces>MVW_PanResetButton</Pieces>
    <Pieces>MVW_ZFilterButton</Pieces>
    <Pieces>MVW_LabelsToggleButton</Pieces>
    <Pieces>MVW_Layer0Button</Pieces>
  </Screen>
  
  <Button item="MVW_SearchHideButton">
    <ScreenID>MVW_SearchHideButton</ScreenID>
    <RelativePosition>true</RelativePosition>
    <AutoStretch>true</AutoStretch>
    <TopAnchorOffset>32</TopAnchorOffset>
    <BottomAnchorOffset>52</BottomAnchorOffset>
    <LeftAnchorOffset>110</LeftAnchorOffset>
    <RightAnchorOffset>155</RightAnchorOffset>
    <Text>Hide</Text>
    <TextColor>
      <R>255</R>
      <G>255</G>
      <B>255</B>
    </TextColor>
    <TooltipReference>Hides the search list.</TooltipReference>
    <Template>BDT_Normal</Template>
  </Button>

  <HorizontalLayoutBox item="MVW_SearchLayout">
    <ScreenID>MVW_SearchLayout</ScreenID>
    <DrawTemplate>WDT_Standard</DrawTemplate>
    <AutoStretch>true</AutoStretch>
    <TopAnchorOffset>30</TopAnchorOffset>
    <BottomAnchorOffset>10</BottomAnchorOffset>
    <LeftAnchorOffset>7</LeftAnchorOffset>
    <RightAnchorOffset>70</RightAnchorOffset>
    <BottomAnchorToTop>false</BottomAnchorToTop>
    <RightAnchorToLeft>false</RightAnchorToLeft>
    <Spacing>4</Spacing>
    <Style_Border>false</Style_Border>
    <Style_Transparent>true</Style_Transparent>
  </HorizontalLayoutBox>
  
  <Page item="MapPage">
    <ScreenID>MapPage</ScreenID>
    <RelativePosition>true</RelativePosition>
    <Style_VScroll>false</Style_VScroll>
    <Style_HScroll>false</Style_HScroll>
    <Style_Transparent>true</Style_Transparent>
    <DrawTemplate>WDT_Standard</DrawTemplate>
    <TabText>Player</TabText>
    <TabTextColor>
      <R>255</R>
      <G>255</G>
      <B>255</B>
    </TabTextColor>
    <TabTextActiveColor>
      <R>255</R>
      <G>255</G>
      <B>255</B>
    </TabTextActiveColor>
    <Style_Sizable>true</Style_Sizable>
    <Pieces>MVW_MapPiece</Pieces>
    <Pieces>Screen:MVW_MapRenderArea</Pieces>
    <Pieces>HorizontalLayoutBox:MVW_SearchLayout</Pieces>
    <Pieces>Screen:MVW_MapToolBar</Pieces>
    <Pieces>MVW_PanResetButton</Pieces>
    <!--<Pieces>MVW_Layer1Button</Pieces>
    <Pieces>MVW_Layer2Button</Pieces>
    <Pieces>MVW_Layer3Button</Pieces>-->
    <Pieces>MVW_ZFilterButton</Pieces>
  </Page>

  <!-- Only using the Map Page -->
  <TabBox item="MVW_Subwindows">
    <ScreenID>MVW_Subwindows</ScreenID>
    <RelativePosition>true</RelativePosition>
    <AutoStretch>true</AutoStretch>
    <TopAnchorToTop>true</TopAnchorToTop>
    <BottomAnchorToTop>false</BottomAnchorToTop>
    <LeftAnchorToLeft>true</LeftAnchorToLeft>
    <RightAnchorToLeft>false</RightAnchorToLeft>
    <TabBorderTemplate>FT_DefTabBorder</TabBorderTemplate>
    <PageBorderTemplate>FT_DefPageBorder</PageBorderTemplate>
    <Pages>Page:MapPage</Pages>
  </TabBox>
  <!-- Main Window -->
  <Screen item="MapViewWnd">
    <RelativePosition>false</RelativePosition>
    <Location>
      <X>100</X>
      <Y>80</Y>
    </Location>
    <Size>
      <CX>250</CX>
      <CY>250</CY>
    </Size>
    <NoWrap>false</NoWrap>
    <TooltipReference>Map Viewer</TooltipReference>
    <DrawTemplate>WDT_Standard</DrawTemplate>
    <Style_Titlebar>false</Style_Titlebar>
    <Style_Closebox>false</Style_Closebox>
    <Style_Minimizebox>false</Style_Minimizebox>
    <Style_Border>true</Style_Border>
    <Style_Sizable>false</Style_Sizable>
    <Text>Map</Text>
    <Pieces>MVW_Subwindows</Pieces>
  </Screen>
  <Screen item="MapViewMap" />
</XML>