<?xml version="1.0" encoding="us-ascii"?>
<XML ID="EQInterfaceDefinitionLanguage">
  <Schema xmlns="EverQuestData" xmlns:dt="EverQuestDataTypes" />
  <Button item="GW_InviteButton">
    <ScreenID>InviteButton</ScreenID>
    <RelativePosition>true</RelativePosition>
    <Style_VScroll>false</Style_VScroll>
    <Style_HScroll>false</Style_HScroll>
    <Style_Transparent>false</Style_Transparent>
    <TooltipReference>Select a player and click to invite into the group</TooltipReference>
    <Style_Checkbox>false</Style_Checkbox>
    <Text>I</Text>
    <TextColor>
      <R>255</R>
      <G>255</G>
      <B>255</B>
    </TextColor>
    <Template>BDT_SmallNormal</Template>
    <AutoStretch>False</AutoStretch>
    <TopAnchorOffset>0</TopAnchorOffset>
    <RightAnchorOffset>0</RightAnchorOffset>
    <LeftAnchorOffset>0</LeftAnchorOffset>
    <TopAnchorToTop>false</TopAnchorToTop>
    <BottomAnchorToTop>false</BottomAnchorToTop>
    <Font>2</Font>
    <Size>
      <CX>20</CX>
      <CY>20</CY>
    </Size>
    <Location>
      <X>0</X>
      <Y>0</Y>
    </Location>
    <LeftAnchorToLeft>True</LeftAnchorToLeft>
  </Button>
  <Button item="GW_DisbandButton">
    <ScreenID>DisbandButton</ScreenID>
    <RelativePosition>true</RelativePosition>
    <Style_VScroll>false</Style_VScroll>
    <Style_HScroll>false</Style_HScroll>
    <Style_Transparent>false</Style_Transparent>
    <TooltipReference>Click to disband your target from the group</TooltipReference>
    <Style_Checkbox>false</Style_Checkbox>
    <Template>BDT_SmallNormal</Template>
    <Text>X</Text>
    <TextColor>
      <R>255</R>
      <G>255</G>
      <B>255</B>
    </TextColor>
    <AutoStretch>False</AutoStretch>
    <TopAnchorOffset>0</TopAnchorOffset>
    <LeftAnchorOffset>0</LeftAnchorOffset>
    <RightAnchorOffset>0</RightAnchorOffset>
    <TopAnchorToTop>false</TopAnchorToTop>
    <BottomAnchorToTop>false</BottomAnchorToTop>
    <Font>2</Font>
    <Size>
      <CX>20</CX>
      <CY>20</CY>
    </Size>
    <Location>
      <X>0</X>
      <Y>23</Y>
    </Location>
  </Button>
  <Button item="GW_FollowButton">
    <ScreenID>FollowButton</ScreenID>
    <RelativePosition>true</RelativePosition>
    <Style_VScroll>false</Style_VScroll>
    <Style_HScroll>false</Style_HScroll>
    <Style_Transparent>false</Style_Transparent>
    <TooltipReference>Accept group invitation.</TooltipReference>
    <Style_Checkbox>false</Style_Checkbox>
    <Text>F</Text>
    <TextColor>
      <R>255</R>
      <G>255</G>
      <B>255</B>
    </TextColor>
    <Template>BDT_SmallNormal</Template>
    <AutoStretch>False</AutoStretch>
    <TopAnchorOffset>0</TopAnchorOffset>
    <RightAnchorOffset>0</RightAnchorOffset>
    <LeftAnchorOffset>0</LeftAnchorOffset>
    <TopAnchorToTop>false</TopAnchorToTop>
    <BottomAnchorToTop>false</BottomAnchorToTop>
    <Font>2</Font>
    <Size>
      <CX>20</CX>
      <CY>20</CY>
    </Size>
    <Location>
      <X>0</X>
      <Y>0</Y>
    </Location>
    <LeftAnchorToLeft>True</LeftAnchorToLeft>
  </Button>
  <Button item="GW_DeclineButton">
    <ScreenID>DeclineButton</ScreenID>
    <RelativePosition>true</RelativePosition>
    <Style_VScroll>false</Style_VScroll>
    <Style_HScroll>false</Style_HScroll>
    <Style_Transparent>false</Style_Transparent>
    <TooltipReference>Refuse an invtitation to group</TooltipReference>
    <Style_Checkbox>false</Style_Checkbox>
    <Template>BDT_SmallNormal</Template>
    <Text>X</Text>
    <TextColor>
      <R>255</R>
      <G>255</G>
      <B>255</B>
    </TextColor>
    <AutoStretch>False</AutoStretch>
    <TopAnchorOffset>0</TopAnchorOffset>
    <LeftAnchorOffset>0</LeftAnchorOffset>
    <RightAnchorOffset>0</RightAnchorOffset>
    <TopAnchorToTop>false</TopAnchorToTop>
    <BottomAnchorToTop>false</BottomAnchorToTop>
    <BottomAnchorOffset>0</BottomAnchorOffset>
    <Font>2</Font>
    <Size>
      <CX>20</CX>
      <CY>20</CY>
    </Size>
    <Location>
      <X>0</X>
      <Y>23</Y>
    </Location>
  </Button>
  <Gauge item="GW_Gauge1">
    <ScreenID>Gauge1</ScreenID>
    <TextColor>
      <R>240</R>
      <G>240</G>
      <B>240</B>
    </TextColor>
    <RelativePosition>true</RelativePosition>
    <Size>
      <X>108</X>
      <Y>11</Y>
      <CX>200</CX>
      <CY>20</CY>
    </Size>
    <FillTint>
      <R>255</R>
      <G>100</G>
      <B>100</B>
    </FillTint>
    <EQType>11</EQType>
    <GaugeDrawTemplate>
      <Fill>btmpkd_GaugeFill</Fill>
      <EndCapLeft>btmpkd_GaugeEndCapLeft</EndCapLeft>
      <EndCapRight>btmpkd_GaugeEndCapRight</EndCapRight>
      <Background>btmpkd_GaugeBackground</Background>
    </GaugeDrawTemplate>
    <GaugeOffsetY>0</GaugeOffsetY>
    <TextOffsetY>-30</TextOffsetY>
    <AutoStretch>false</AutoStretch>
    <TopAnchorOffset>0</TopAnchorOffset>
    <BottomAnchorOffset>0</BottomAnchorOffset>
    <LeftAnchorOffset>0</LeftAnchorOffset>
    <RightAnchorToLeft>false</RightAnchorToLeft>
    <Location>
      <X>25</X>
      <Y>0</Y>
    </Location>
  </Gauge>
  <Gauge item="GW_Gauge2">
    <ScreenID>Gauge2</ScreenID>
    <TextColor>
      <R>240</R>
      <G>240</G>
      <B>240</B>
    </TextColor>
    <RelativePosition>true</RelativePosition>
    <Size>
      <X>108</X>
      <Y>11</Y>
      <CX>200</CX>
      <CY>20</CY>
    </Size>
    <FillTint>
      <R>255</R>
      <G>100</G>
      <B>100</B>
    </FillTint>
    <EQType>12</EQType>
    <GaugeDrawTemplate>
      <Fill>btmpkd_GaugeFill</Fill>
      <EndCapLeft>btmpkd_GaugeEndCapLeft</EndCapLeft>
      <EndCapRight>btmpkd_GaugeEndCapRight</EndCapRight>
      <Background>btmpkd_GaugeBackground</Background>
    </GaugeDrawTemplate>
    <GaugeOffsetY>0</GaugeOffsetY>
    <TextOffsetY>-30</TextOffsetY>
    <AutoStretch>false</AutoStretch>
    <TopAnchorOffset>0</TopAnchorOffset>
    <BottomAnchorOffset>0</BottomAnchorOffset>
    <LeftAnchorOffset>0</LeftAnchorOffset>
    <RightAnchorToLeft>false</RightAnchorToLeft>
    <Location>
      <X>25</X>
      <Y>23</Y>
    </Location>
  </Gauge>
  <Gauge item="GW_Gauge3">
    <ScreenID>Gauge3</ScreenID>
    <TextColor>
      <R>240</R>
      <G>240</G>
      <B>240</B>
    </TextColor>
    <RelativePosition>true</RelativePosition>
    <Size>
      <X>108</X>
      <Y>11</Y>
      <CX>200</CX>
      <CY>20</CY>
    </Size>
    <FillTint>
      <R>255</R>
      <G>100</G>
      <B>100</B>
    </FillTint>
    <EQType>13</EQType>
    <GaugeDrawTemplate>
      <Fill>btmpkd_GaugeFill</Fill>
      <EndCapLeft>btmpkd_GaugeEndCapLeft</EndCapLeft>
      <EndCapRight>btmpkd_GaugeEndCapRight</EndCapRight>
      <Background>btmpkd_GaugeBackground</Background>
    </GaugeDrawTemplate>
    <GaugeOffsetY>0</GaugeOffsetY>
    <TextOffsetY>-30</TextOffsetY>
    <AutoStretch>false</AutoStretch>
    <TopAnchorOffset>0</TopAnchorOffset>
    <BottomAnchorOffset>0</BottomAnchorOffset>
    <LeftAnchorOffset>0</LeftAnchorOffset>
    <RightAnchorToLeft>false</RightAnchorToLeft>
    <Location>
      <X>25</X>
      <Y>46</Y>
    </Location>
  </Gauge>
  <Gauge item="GW_Gauge4">
    <ScreenID>Gauge4</ScreenID>
    <TextColor>
      <R>240</R>
      <G>240</G>
      <B>240</B>
    </TextColor>
    <RelativePosition>true</RelativePosition>
    <Size>
      <X>108</X>
      <Y>11</Y>
      <CX>200</CX>
      <CY>20</CY>
    </Size>
    <FillTint>
      <R>255</R>
      <G>100</G>
      <B>100</B>
    </FillTint>
    <EQType>14</EQType>
    <GaugeDrawTemplate>
      <Fill>btmpkd_GaugeFill</Fill>
      <EndCapLeft>btmpkd_GaugeEndCapLeft</EndCapLeft>
      <EndCapRight>btmpkd_GaugeEndCapRight</EndCapRight>
      <Background>btmpkd_GaugeBackground</Background>
    </GaugeDrawTemplate>
    <GaugeOffsetY>0</GaugeOffsetY>
    <TextOffsetY>-30</TextOffsetY>
    <AutoStretch>false</AutoStretch>
    <TopAnchorOffset>0</TopAnchorOffset>
    <BottomAnchorOffset>0</BottomAnchorOffset>
    <LeftAnchorOffset>0</LeftAnchorOffset>
    <RightAnchorToLeft>false</RightAnchorToLeft>
    <Location>
      <X>25</X>
      <Y>69</Y>
    </Location>
  </Gauge>
  <Gauge item="GW_Gauge5">
    <ScreenID>Gauge5</ScreenID>
    <TextColor>
      <R>240</R>
      <G>240</G>
      <B>240</B>
    </TextColor>
    <RelativePosition>true</RelativePosition>
    <Size>
      <X>108</X>
      <Y>11</Y>
      <CX>200</CX>
      <CY>20</CY>
    </Size>
    <FillTint>
      <R>255</R>
      <G>100</G>
      <B>100</B>
    </FillTint>
    <EQType>15</EQType>
    <GaugeDrawTemplate>
      <Fill>btmpkd_GaugeFill</Fill>
      <EndCapLeft>btmpkd_GaugeEndCapLeft</EndCapLeft>
      <EndCapRight>btmpkd_GaugeEndCapRight</EndCapRight>
      <Background>btmpkd_GaugeBackground</Background>
    </GaugeDrawTemplate>
    <GaugeOffsetY>0</GaugeOffsetY>
    <TextOffsetY>-30</TextOffsetY>
    <AutoStretch>false</AutoStretch>
    <TopAnchorOffset>0</TopAnchorOffset>
    <BottomAnchorOffset>0</BottomAnchorOffset>
    <LeftAnchorOffset>0</LeftAnchorOffset>
    <RightAnchorToLeft>false</RightAnchorToLeft>
    <Location>
      <X>25</X>
      <Y>92</Y>
    </Location>
  </Gauge>
  <Label item="GW_HPLabel1">
    <ScreenID>HPLabel1</ScreenID>
    <RelativePosition>true</RelativePosition>
    <Text>100</Text>
    <TextColor>
      <R>255</R>
      <G>255</G>
      <B>255</B>
    </TextColor>
    <NoWrap>true</NoWrap>
    <AlignCenter>False</AlignCenter>
    <Font>1</Font>
    <EQType>35</EQType>
    <AutoStretch>false</AutoStretch>
    <TopAnchorOffset>0</TopAnchorOffset>
    <BottomAnchorOffset>0</BottomAnchorOffset>
    <LeftAnchorOffset>0</LeftAnchorOffset>
    <RightAnchorToLeft>false</RightAnchorToLeft>
    <Style_Tooltip>false</Style_Tooltip>
    <Size>
      <CX>200</CX>
      <CY>20</CY>
    </Size>
    <Location>
      <X>20</X>
      <Y>4</Y>
    </Location>
    <AlignRight>True</AlignRight>
  </Label>
  <Label item="GW_HPLabel2">
    <ScreenID>HPLabel2</ScreenID>
    <RelativePosition>true</RelativePosition>
    <Text>100</Text>
    <TextColor>
      <R>255</R>
      <G>255</G>
      <B>255</B>
    </TextColor>
    <NoWrap>true</NoWrap>
    <AlignCenter>False</AlignCenter>
    <Font>1</Font>
    <EQType>36</EQType>
    <AutoStretch>false</AutoStretch>
    <TopAnchorOffset>0</TopAnchorOffset>
    <BottomAnchorOffset>0</BottomAnchorOffset>
    <LeftAnchorOffset>0</LeftAnchorOffset>
    <RightAnchorToLeft>false</RightAnchorToLeft>
    <Style_Tooltip>false</Style_Tooltip>
    <Size>
      <CX>200</CX>
      <CY>20</CY>
    </Size>
    <Location>
      <X>20</X>
      <Y>27</Y>
    </Location>
    <AlignRight>True</AlignRight>
  </Label>
  <Label item="GW_HPLabel3">
    <ScreenID>HPLabel3</ScreenID>
    <RelativePosition>true</RelativePosition>
    <Text>100</Text>
    <TextColor>
      <R>255</R>
      <G>255</G>
      <B>255</B>
    </TextColor>
    <NoWrap>true</NoWrap>
    <AlignCenter>False</AlignCenter>
    <Font>1</Font>
    <EQType>37</EQType>
    <AutoStretch>false</AutoStretch>
    <TopAnchorOffset>0</TopAnchorOffset>
    <BottomAnchorOffset>0</BottomAnchorOffset>
    <LeftAnchorOffset>0</LeftAnchorOffset>
    <RightAnchorToLeft>false</RightAnchorToLeft>
    <Style_Tooltip>false</Style_Tooltip>
    <Size>
      <CX>200</CX>
      <CY>20</CY>
    </Size>
    <Location>
      <X>20</X>
      <Y>50</Y>
    </Location>
    <AlignRight>True</AlignRight>
  </Label>
  <Label item="GW_HPLabel4">
    <ScreenID>HPLabel4</ScreenID>
    <RelativePosition>true</RelativePosition>
    <Text>100</Text>
    <TextColor>
      <R>255</R>
      <G>255</G>
      <B>255</B>
    </TextColor>
    <NoWrap>true</NoWrap>
    <AlignCenter>False</AlignCenter>
    <Font>1</Font>
    <EQType>38</EQType>
    <AutoStretch>false</AutoStretch>
    <TopAnchorOffset>0</TopAnchorOffset>
    <BottomAnchorOffset>0</BottomAnchorOffset>
    <LeftAnchorOffset>0</LeftAnchorOffset>
    <RightAnchorToLeft>false</RightAnchorToLeft>
    <Style_Tooltip>false</Style_Tooltip>
    <Size>
      <CX>200</CX>
      <CY>20</CY>
    </Size>
    <Location>
      <X>20</X>
      <Y>73</Y>
    </Location>
    <AlignRight>True</AlignRight>
  </Label>
  <Label item="GW_HPLabel5">
    <ScreenID>HPLabel5</ScreenID>
    <RelativePosition>true</RelativePosition>
    <Text>100</Text>
    <TextColor>
      <R>255</R>
      <G>255</G>
      <B>255</B>
    </TextColor>
    <NoWrap>true</NoWrap>
    <AlignCenter>False</AlignCenter>
    <Font>1</Font>
    <EQType>39</EQType>
    <AutoStretch>false</AutoStretch>
    <TopAnchorOffset>0</TopAnchorOffset>
    <BottomAnchorOffset>0</BottomAnchorOffset>
    <LeftAnchorOffset>0</LeftAnchorOffset>
    <RightAnchorToLeft>false</RightAnchorToLeft>
    <Style_Tooltip>false</Style_Tooltip>
    <Size>
      <CX>200</CX>
      <CY>20</CY>
    </Size>
    <Location>
      <X>20</X>
      <Y>96</Y>
    </Location>
    <AlignRight>True</AlignRight>
  </Label>
  <Label item="GW_Gname1">
    <ScreenID>Gname1</ScreenID>
    <RelativePosition>true</RelativePosition>
    <Text>Name</Text>
    <EQType>30</EQType>
    <TextColor>
      <R>240</R>
      <G>240</G>
      <B>240</B>
    </TextColor>
    <NoWrap>true</NoWrap>
    <AlignCenter>false</AlignCenter>
    <Font>2</Font>
    <AutoStretch>false</AutoStretch>
    <TopAnchorOffset>0</TopAnchorOffset>
    <BottomAnchorOffset>0</BottomAnchorOffset>
    <LeftAnchorOffset>0</LeftAnchorOffset>
    <RightAnchorToLeft>false</RightAnchorToLeft>
    <Style_Tooltip>false</Style_Tooltip>
    <Size>
      <CX>200</CX>
      <CY>20</CY>
    </Size>
    <Location>
      <X>30</X>
      <Y>2</Y>
    </Location>
  </Label>
  <Label item="GW_Gname2">
    <ScreenID>Gname2</ScreenID>
    <RelativePosition>true</RelativePosition>
    <Text>Name</Text>
    <EQType>31</EQType>
    <TextColor>
      <R>240</R>
      <G>240</G>
      <B>240</B>
    </TextColor>
    <NoWrap>true</NoWrap>
    <AlignCenter>false</AlignCenter>
    <Font>2</Font>
    <AutoStretch>false</AutoStretch>
    <TopAnchorOffset>0</TopAnchorOffset>
    <BottomAnchorOffset>0</BottomAnchorOffset>
    <LeftAnchorOffset>0</LeftAnchorOffset>
    <RightAnchorToLeft>false</RightAnchorToLeft>
    <Style_Tooltip>false</Style_Tooltip>
    <Size>
      <CX>200</CX>
      <CY>20</CY>
    </Size>
    <Location>
      <X>30</X>
      <Y>25</Y>
    </Location>
  </Label>
  <Label item="GW_Gname3">
    <ScreenID>Gname3</ScreenID>
    <RelativePosition>true</RelativePosition>
    <Text>Name</Text>
    <EQType>32</EQType>
    <TextColor>
      <R>240</R>
      <G>240</G>
      <B>240</B>
    </TextColor>
    <NoWrap>true</NoWrap>
    <AlignCenter>false</AlignCenter>
    <Font>2</Font>
    <AutoStretch>false</AutoStretch>
    <TopAnchorOffset>0</TopAnchorOffset>
    <BottomAnchorOffset>0</BottomAnchorOffset>
    <LeftAnchorOffset>0</LeftAnchorOffset>
    <RightAnchorToLeft>false</RightAnchorToLeft>
    <Style_Tooltip>false</Style_Tooltip>
    <Size>
      <CX>200</CX>
      <CY>20</CY>
    </Size>
    <Location>
      <X>30</X>
      <Y>48</Y>
    </Location>
  </Label>
  <Label item="GW_Gname4">
    <ScreenID>Gname4</ScreenID>
    <RelativePosition>true</RelativePosition>
    <Text>Name</Text>
    <EQType>33</EQType>
    <TextColor>
      <R>240</R>
      <G>240</G>
      <B>240</B>
    </TextColor>
    <NoWrap>true</NoWrap>
    <AlignCenter>false</AlignCenter>
    <Font>2</Font>
    <AutoStretch>false</AutoStretch>
    <TopAnchorOffset>0</TopAnchorOffset>
    <BottomAnchorOffset>0</BottomAnchorOffset>
    <LeftAnchorOffset>0</LeftAnchorOffset>
    <RightAnchorToLeft>false</RightAnchorToLeft>
    <Style_Tooltip>false</Style_Tooltip>
    <Size>
      <CX>200</CX>
      <CY>20</CY>
    </Size>
    <Location>
      <X>30</X>
      <Y>71</Y>
    </Location>
  </Label>
  <Label item="GW_Gname5">
    <ScreenID>Gname5</ScreenID>
    <RelativePosition>true</RelativePosition>
    <Text>Name</Text>
    <EQType>34</EQType>
    <TextColor>
      <R>240</R>
      <G>240</G>
      <B>240</B>
    </TextColor>
    <NoWrap>true</NoWrap>
    <AlignCenter>false</AlignCenter>
    <Font>2</Font>
    <AutoStretch>false</AutoStretch>
    <TopAnchorOffset>0</TopAnchorOffset>
    <BottomAnchorOffset>0</BottomAnchorOffset>
    <LeftAnchorOffset>0</LeftAnchorOffset>
    <RightAnchorToLeft>false</RightAnchorToLeft>
    <Style_Tooltip>false</Style_Tooltip>
    <Size>
      <CX>200</CX>
      <CY>20</CY>
    </Size>
    <Location>
      <X>30</X>
      <Y>94</Y>
    </Location>
  </Label>
  <Screen item="GroupWindow">
    <ScreenID />
    <RelativePosition>false</RelativePosition>
    <Location>
      <X>3</X>
      <Y>134</Y>
    </Location>
    <Size>
      <CX>227</CX>
      <CY>114</CY>
    </Size>
    <Text>Group</Text>
    <Style_VScroll>false</Style_VScroll>
    <Style_HScroll>false</Style_HScroll>
    <Style_Transparent>false</Style_Transparent>
    <TooltipReference>This is the party window.</TooltipReference>
    <Style_Titlebar>false</Style_Titlebar>
    <Style_Closebox>false</Style_Closebox>
    <Style_Minimizebox>false</Style_Minimizebox>
    <Style_Border>true</Style_Border>
    <Style_Sizable>false</Style_Sizable>
    <Escapable>false</Escapable>
    <DrawTemplate>WDT_Transparent</DrawTemplate>
    <Pieces>GW_Gauge1</Pieces>
    <Pieces>GW_Gauge2</Pieces>
    <Pieces>GW_Gauge3</Pieces>
    <Pieces>GW_Gauge4</Pieces>
    <Pieces>GW_Gauge5</Pieces>
    <Pieces>GW_HPLabel1</Pieces>
    <Pieces>GW_HPLabel2</Pieces>
    <Pieces>GW_HPLabel3</Pieces>
    <Pieces>GW_HPLabel4</Pieces>
    <Pieces>GW_HPLabel5</Pieces>
    <Pieces>GW_InviteButton</Pieces>
    <Pieces>GW_DisbandButton</Pieces>
    <Pieces>GW_FollowButton</Pieces>
    <Pieces>GW_DeclineButton</Pieces>
    <Pieces>GW_Gname1</Pieces>
    <Pieces>GW_Gname2</Pieces>
    <Pieces>GW_Gname3</Pieces>
    <Pieces>GW_Gname4</Pieces>
    <Pieces>GW_Gname5</Pieces>
  </Screen>
</XML>