<?xml version="1.0" encoding="us-ascii"?>
<XML ID="EQInterfaceDefinitionLanguage">
  <Schema xmlns="EverQuestData" xmlns:dt="EverQuestDataTypes" />
  <!--    Modified version of Duesama by Filtiky of Sol Invictus    -->
  <Label item="ETW_AggroPct0">
    <ScreenID>ETW_AggroPct0</ScreenID>
    <RelativePosition>true</RelativePosition>
    <Font>2</Font>
    <Text>78</Text>
    <TextColor>
      <R>255</R>
      <G>255</G>
      <B>255</B>
    </TextColor>
    <EQType>314</EQType>
    <Location>
      <X>104</X>
      <Y>0</Y>
    </Location>
    <Size>
      <CX>24</CX>
      <CY>16</CY>
    </Size>
  </Label>
  <Gauge item="ETW_Gauge0">
    <ScreenID>ETW_Gauge0</ScreenID>
    <TextColor>
      <R>240</R>
      <G>240</G>
      <B>240</B>
    </TextColor>
    <RelativePosition>true</RelativePosition>
    <FillTint>
      <R>220</R>
      <G>20</G>
      <B>20</B>
    </FillTint>
    <EQType>42</EQType>
    <GaugeDrawTemplate>
      <Fill>btmpkd_GaugeFill</Fill>
      <EndCapLeft>btmpkd_GaugeEndCapLeft</EndCapLeft>
      <EndCapRight>btmpkd_GaugeEndCapRight</EndCapRight>
      <Background>btmpkd_GaugeBackground</Background>
    </GaugeDrawTemplate>
    <GaugeOffsetX>10</GaugeOffsetX>
    <GaugeOffsetY>15</GaugeOffsetY>
    <AutoStretch>false</AutoStretch>
    <Location>
      <X>1</X>
      <Y>0</Y>
    </Location>
    <Size>
      <CX>100</CX>
      <CY>24</CY>
    </Size>
  </Gauge>
  <Gauge item="ETW_ManaGauge0">
    <ScreenID>ETW_ManaGauge0</ScreenID>
    <TextOffsetY>-50</TextOffsetY>
    <GaugeOffsetY>-2</GaugeOffsetY>
    <RelativePosition>true</RelativePosition>
    <FillTint>
      <R>0</R>
      <G>128</G>
      <B>255</B>
    </FillTint>
    <EQType>62</EQType>
    <GaugeDrawTemplate>
      <Fill>btmpkd_GaugeFill</Fill>
    </GaugeDrawTemplate>
    <AutoStretch>false</AutoStretch>
    <Location>
      <X>15</X>
      <Y>20</Y>
    </Location>
    <Size>
      <CX>82</CX>
      <CY>4</CY>
    </Size>
  </Gauge>
  <Gauge item="ETW_STAGauge0">
    <ScreenID>ETW_STAGauge0</ScreenID>
    <TextOffsetY>-50</TextOffsetY>
    <GaugeOffsetY>-2</GaugeOffsetY>
    <RelativePosition>true</RelativePosition>
    <FillTint>
      <R>240</R>
      <G>240</G>
      <B>0</B>
    </FillTint>
    <EQType>82</EQType>
    <GaugeDrawTemplate>
      <Fill>btmpkd_GaugeFill</Fill>
    </GaugeDrawTemplate>
    <AutoStretch>false</AutoStretch>
    <Location>
      <X>15</X>
      <Y>20</Y>
    </Location>
    <Size>
      <CX>82</CX>
      <CY>4</CY>
    </Size>
  </Gauge>
  <Label item="ETW_HPLabel0">
    <ScreenID>ETW_HPLabel0</ScreenID>
    <RelativePosition>true</RelativePosition>
    <Text>100</Text>
    <TextColor>
      <R>255</R>
      <G>255</G>
      <B>255</B>
    </TextColor>
    <NoWrap>true</NoWrap>
    <AlignCenter>true</AlignCenter>
    <Font>1</Font>
    <EQType>151</EQType>
    <AutoStretch>false</AutoStretch>
    <Location>
      <X>-9</X>
      <Y>14</Y>
    </Location>
    <Size>
      <CX>130</CX>
      <CY>12</CY>
    </Size>
    <Style_Tooltip>false</Style_Tooltip>
  </Label>
  <Label item="ETW_HPPercLabel0">
    <ScreenID>ETW_HPPercLabel0</ScreenID>
    <RelativePosition>true</RelativePosition>
    <Text>%</Text>
    <TextColor>
      <R>255</R>
      <G>255</G>
      <B>255</B>
    </TextColor>
    <NoWrap>true</NoWrap>
    <AlignCenter>true</AlignCenter>
    <Font>1</Font>
    <AutoStretch>false</AutoStretch>
    <Location>
      <X>5</X>
      <Y>14</Y>
    </Location>
    <Size>
      <CX>130</CX>
      <CY>12</CY>
    </Size>
    <Style_Tooltip>false</Style_Tooltip>
  </Label>
  <Button item="ETW_Role0">
    <ScreenID>ETW_Role0</ScreenID>
    <RelativePosition>true</RelativePosition>
    <Style_Transparent>false</Style_Transparent>
    <Style_Checkbox>false</Style_Checkbox>
    <ButtonDrawTemplate />
    <DecalSize>
      <CX>16</CX>
      <CY>16</CY>
    </DecalSize>
    <AutoStretch>false</AutoStretch>
    <Location>
      <X>105</X>
      <Y>12</Y>
    </Location>
    <Size>
      <CX>16</CX>
      <CY>16</CY>
    </Size>
  </Button>
  <Label item="ETW_SlotNumber0">
    <ScreenID>ETW_SlotNumber0</ScreenID>
    <RelativePosition>true</RelativePosition>
    <Text>1</Text>
    <TextColor>
      <R>186</R>
      <G>171</G>
      <B>48</B>
    </TextColor>
    <NoWrap>true</NoWrap>
    <AlignCenter>false</AlignCenter>
    <Font>1</Font>
    <AutoStretch>false</AutoStretch>
    <Location>
      <X>2</X>
      <Y>14</Y>
    </Location>
    <Size>
      <CX>130</CX>
      <CY>12</CY>
    </Size>
    <Style_Tooltip>false</Style_Tooltip>
  </Label>
  <LayoutBox item="ETW_Ext0">
    <ScreenID>ETW_Ext0</ScreenID>
    <RelativePosition>true</RelativePosition>
    <AutoStretch>false</AutoStretch>
    <Size>
      <CX>122</CX>
      <CY>27</CY>
    </Size>
    <Text />
    <Style_Transparent>true</Style_Transparent>
    <Style_Tooltip>true</Style_Tooltip>
    <Style_Titlebar>false</Style_Titlebar>
    <Style_Closebox>false</Style_Closebox>
    <Style_Minimizebox>false</Style_Minimizebox>
    <Style_Border>false</Style_Border>
    <Style_Sizable>false</Style_Sizable>
    <AnchorToTop>true</AnchorToTop>
    <AnchorToLeft>true</AnchorToLeft>
    <Pieces>ETW_Gauge0</Pieces>
    <Pieces>ETW_STAGauge0</Pieces>
    <Pieces>ETW_ManaGauge0</Pieces>
    <Pieces>ETW_HPLabel0</Pieces>
    <Pieces>ETW_HPPercLabel0</Pieces>
    <Pieces>ETW_Role0</Pieces>
    <Pieces>ETW_SlotNumber0</Pieces>
    <Pieces>ETW_AggroPct0</Pieces>
  </LayoutBox>
  <Label item="ETW_AggroPct1">
    <ScreenID>ETW_AggroPct1</ScreenID>
    <RelativePosition>true</RelativePosition>
    <Font>2</Font>
    <Text>78</Text>
    <TextColor>
      <R>255</R>
      <G>255</G>
      <B>255</B>
    </TextColor>
    <EQType>315</EQType>
    <Location>
      <X>104</X>
      <Y>0</Y>
    </Location>
    <Size>
      <CX>24</CX>
      <CY>16</CY>
    </Size>
  </Label>
  <Gauge item="ETW_Gauge1">
    <ScreenID>ETW_Gauge1</ScreenID>
    <TextColor>
      <R>240</R>
      <G>240</G>
      <B>240</B>
    </TextColor>
    <RelativePosition>true</RelativePosition>
    <FillTint>
      <R>220</R>
      <G>20</G>
      <B>20</B>
    </FillTint>
    <EQType>43</EQType>
    <GaugeDrawTemplate>
      <Fill>btmpkd_GaugeFill</Fill>
      <EndCapLeft>btmpkd_GaugeEndCapLeft</EndCapLeft>
      <EndCapRight>btmpkd_GaugeEndCapRight</EndCapRight>
      <Background>btmpkd_GaugeBackground</Background>
    </GaugeDrawTemplate>
    <GaugeOffsetX>10</GaugeOffsetX>
    <GaugeOffsetY>15</GaugeOffsetY>
    <AutoStretch>false</AutoStretch>
    <Location>
      <X>1</X>
      <Y>0</Y>
    </Location>
    <Size>
      <CX>100</CX>
      <CY>25</CY>
    </Size>
  </Gauge>
  <Gauge item="ETW_ManaGauge1">
    <ScreenID>ETW_ManaGauge1</ScreenID>
    <TextOffsetY>-50</TextOffsetY>
    <GaugeOffsetY>-2</GaugeOffsetY>
    <RelativePosition>true</RelativePosition>
    <FillTint>
      <R>0</R>
      <G>128</G>
      <B>255</B>
    </FillTint>
    <EQType>63</EQType>
    <GaugeDrawTemplate>
      <Fill>btmpkd_GaugeFill</Fill>
    </GaugeDrawTemplate>
    <AutoStretch>false</AutoStretch>
    <Location>
      <X>15</X>
      <Y>20</Y>
    </Location>
    <Size>
      <CX>82</CX>
      <CY>4</CY>
    </Size>
  </Gauge>
  <Gauge item="ETW_STAGauge1">
    <ScreenID>ETW_STAGauge1</ScreenID>
    <TextOffsetY>-50</TextOffsetY>
    <GaugeOffsetY>-2</GaugeOffsetY>
    <RelativePosition>true</RelativePosition>
    <FillTint>
      <R>240</R>
      <G>240</G>
      <B>0</B>
    </FillTint>
    <EQType>83</EQType>
    <GaugeDrawTemplate>
      <Fill>btmpkd_GaugeFill</Fill>
    </GaugeDrawTemplate>
    <AutoStretch>false</AutoStretch>
    <Location>
      <X>15</X>
      <Y>20</Y>
    </Location>
    <Size>
      <CX>82</CX>
      <CY>4</CY>
    </Size>
  </Gauge>
  <Label item="ETW_HPLabel1">
    <ScreenID>ETW_HPLabel1</ScreenID>
    <RelativePosition>true</RelativePosition>
    <Text>100</Text>
    <TextColor>
      <R>255</R>
      <G>255</G>
      <B>255</B>
    </TextColor>
    <NoWrap>true</NoWrap>
    <AlignCenter>true</AlignCenter>
    <Font>1</Font>
    <EQType>152</EQType>
    <AutoStretch>false</AutoStretch>
    <Location>
      <X>-9</X>
      <Y>14</Y>
    </Location>
    <Size>
      <CX>130</CX>
      <CY>12</CY>
    </Size>
    <Style_Tooltip>false</Style_Tooltip>
  </Label>
  <Label item="ETW_HPPercLabel1">
    <ScreenID>ETW_HPPercLabel1</ScreenID>
    <RelativePosition>true</RelativePosition>
    <Text>%</Text>
    <TextColor>
      <R>255</R>
      <G>255</G>
      <B>255</B>
    </TextColor>
    <NoWrap>true</NoWrap>
    <AlignCenter>true</AlignCenter>
    <Font>1</Font>
    <AutoStretch>false</AutoStretch>
    <Location>
      <X>5</X>
      <Y>14</Y>
    </Location>
    <Size>
      <CX>130</CX>
      <CY>12</CY>
    </Size>
    <Style_Tooltip>false</Style_Tooltip>
  </Label>
  <Button item="ETW_Role1">
    <ScreenID>ETW_Role1</ScreenID>
    <RelativePosition>true</RelativePosition>
    <Style_Transparent>false</Style_Transparent>
    <Style_Checkbox>false</Style_Checkbox>
    <ButtonDrawTemplate />
    <DecalSize>
      <CX>16</CX>
      <CY>16</CY>
    </DecalSize>
    <AutoStretch>false</AutoStretch>
    <Location>
      <X>105</X>
      <Y>12</Y>
    </Location>
    <Size>
      <CX>16</CX>
      <CY>16</CY>
    </Size>
  </Button>
  <Label item="ETW_SlotNumber1">
    <ScreenID>ETW_SlotNumber1</ScreenID>
    <RelativePosition>true</RelativePosition>
    <Text>2</Text>
    <TextColor>
      <R>186</R>
      <G>171</G>
      <B>48</B>
    </TextColor>
    <NoWrap>true</NoWrap>
    <AlignCenter>false</AlignCenter>
    <Font>1</Font>
    <AutoStretch>false</AutoStretch>
    <Location>
      <X>2</X>
      <Y>14</Y>
    </Location>
    <Size>
      <CX>130</CX>
      <CY>12</CY>
    </Size>
    <Style_Tooltip>false</Style_Tooltip>
  </Label>
  <LayoutBox item="ETW_Ext1">
    <ScreenID>ETW_Ext1</ScreenID>
    <RelativePosition>true</RelativePosition>
    <AutoStretch>false</AutoStretch>
    <Size>
      <CX>127</CX>
      <CY>35</CY>
    </Size>
    <Text />
    <Style_Transparent>true</Style_Transparent>
    <Style_Tooltip>true</Style_Tooltip>
    <Style_Titlebar>false</Style_Titlebar>
    <Style_Closebox>false</Style_Closebox>
    <Style_Minimizebox>false</Style_Minimizebox>
    <Style_Border>false</Style_Border>
    <Style_Sizable>false</Style_Sizable>
    <AnchorToTop>true</AnchorToTop>
    <AnchorToLeft>true</AnchorToLeft>
    <Pieces>ETW_Gauge1</Pieces>
    <Pieces>ETW_STAGauge1</Pieces>
    <Pieces>ETW_ManaGauge1</Pieces>
    <Pieces>ETW_HPLabel1</Pieces>
    <Pieces>ETW_HPPercLabel1</Pieces>
    <Pieces>ETW_Role1</Pieces>
    <Pieces>ETW_SlotNumber1</Pieces>
    <Pieces>ETW_AggroPct1</Pieces>
  </LayoutBox>
  <Label item="ETW_AggroPct2">
    <ScreenID>ETW_AggroPct2</ScreenID>
    <RelativePosition>true</RelativePosition>
    <Font>2</Font>
    <Text>78</Text>
    <TextColor>
      <R>255</R>
      <G>255</G>
      <B>255</B>
    </TextColor>
    <EQType>316</EQType>
    <Location>
      <X>104</X>
      <Y>0</Y>
    </Location>
    <Size>
      <CX>24</CX>
      <CY>16</CY>
    </Size>
  </Label>
  <Gauge item="ETW_Gauge2">
    <ScreenID>ETW_Gauge2</ScreenID>
    <TextColor>
      <R>240</R>
      <G>240</G>
      <B>240</B>
    </TextColor>
    <RelativePosition>true</RelativePosition>
    <FillTint>
      <R>220</R>
      <G>20</G>
      <B>20</B>
    </FillTint>
    <EQType>44</EQType>
    <GaugeDrawTemplate>
      <Fill>btmpkd_GaugeFill</Fill>
      <EndCapLeft>btmpkd_GaugeEndCapLeft</EndCapLeft>
      <EndCapRight>btmpkd_GaugeEndCapRight</EndCapRight>
      <Background>btmpkd_GaugeBackground</Background>
    </GaugeDrawTemplate>
    <GaugeOffsetX>10</GaugeOffsetX>
    <GaugeOffsetY>15</GaugeOffsetY>
    <AutoStretch>false</AutoStretch>
    <Location>
      <X>1</X>
      <Y>0</Y>
    </Location>
    <Size>
      <CX>100</CX>
      <CY>25</CY>
    </Size>
  </Gauge>
  <Gauge item="ETW_ManaGauge2">
    <ScreenID>ETW_ManaGauge2</ScreenID>
    <TextOffsetY>-50</TextOffsetY>
    <GaugeOffsetY>-2</GaugeOffsetY>
    <RelativePosition>true</RelativePosition>
    <FillTint>
      <R>0</R>
      <G>128</G>
      <B>255</B>
    </FillTint>
    <EQType>64</EQType>
    <GaugeDrawTemplate>
      <Fill>btmpkd_GaugeFill</Fill>
    </GaugeDrawTemplate>
    <AutoStretch>false</AutoStretch>
    <Location>
      <X>15</X>
      <Y>20</Y>
    </Location>
    <Size>
      <CX>82</CX>
      <CY>4</CY>
    </Size>
  </Gauge>
  <Gauge item="ETW_STAGauge2">
    <ScreenID>ETW_STAGauge2</ScreenID>
    <TextOffsetY>-50</TextOffsetY>
    <GaugeOffsetY>-2</GaugeOffsetY>
    <RelativePosition>true</RelativePosition>
    <FillTint>
      <R>240</R>
      <G>240</G>
      <B>0</B>
    </FillTint>
    <EQType>84</EQType>
    <GaugeDrawTemplate>
      <Fill>btmpkd_GaugeFill</Fill>
    </GaugeDrawTemplate>
    <AutoStretch>false</AutoStretch>
    <Location>
      <X>15</X>
      <Y>20</Y>
    </Location>
    <Size>
      <CX>82</CX>
      <CY>4</CY>
    </Size>
  </Gauge>
  <Label item="ETW_HPLabel2">
    <ScreenID>ETW_HPLabel2</ScreenID>
    <RelativePosition>true</RelativePosition>
    <Text>100</Text>
    <TextColor>
      <R>255</R>
      <G>255</G>
      <B>255</B>
    </TextColor>
    <NoWrap>true</NoWrap>
    <AlignCenter>true</AlignCenter>
    <Font>1</Font>
    <EQType>153</EQType>
    <AutoStretch>false</AutoStretch>
    <Location>
      <X>-9</X>
      <Y>14</Y>
    </Location>
    <Size>
      <CX>130</CX>
      <CY>12</CY>
    </Size>
    <Style_Tooltip>false</Style_Tooltip>
  </Label>
  <Label item="ETW_HPPercLabel2">
    <ScreenID>ETW_HPPercLabel2</ScreenID>
    <RelativePosition>true</RelativePosition>
    <Text>%</Text>
    <TextColor>
      <R>255</R>
      <G>255</G>
      <B>255</B>
    </TextColor>
    <NoWrap>true</NoWrap>
    <AlignCenter>true</AlignCenter>
    <Font>1</Font>
    <AutoStretch>false</AutoStretch>
    <Location>
      <X>5</X>
      <Y>14</Y>
    </Location>
    <Size>
      <CX>130</CX>
      <CY>12</CY>
    </Size>
    <Style_Tooltip>false</Style_Tooltip>
  </Label>
  <Button item="ETW_Role2">
    <ScreenID>ETW_Role2</ScreenID>
    <RelativePosition>true</RelativePosition>
    <Style_Transparent>false</Style_Transparent>
    <Style_Checkbox>false</Style_Checkbox>
    <ButtonDrawTemplate />
    <DecalSize>
      <CX>16</CX>
      <CY>16</CY>
    </DecalSize>
    <AutoStretch>false</AutoStretch>
    <Location>
      <X>105</X>
      <Y>12</Y>
    </Location>
    <Size>
      <CX>16</CX>
      <CY>16</CY>
    </Size>
  </Button>
  <Label item="ETW_SlotNumber2">
    <ScreenID>ETW_SlotNumber2</ScreenID>
    <RelativePosition>true</RelativePosition>
    <Text>3</Text>
    <TextColor>
      <R>186</R>
      <G>171</G>
      <B>48</B>
    </TextColor>
    <NoWrap>true</NoWrap>
    <AlignCenter>false</AlignCenter>
    <Font>1</Font>
    <AutoStretch>false</AutoStretch>
    <Location>
      <X>2</X>
      <Y>14</Y>
    </Location>
    <Size>
      <CX>130</CX>
      <CY>12</CY>
    </Size>
    <Style_Tooltip>false</Style_Tooltip>
  </Label>
  <LayoutBox item="ETW_Ext2">
    <ScreenID>ETW_Ext2</ScreenID>
    <RelativePosition>true</RelativePosition>
    <AutoStretch>false</AutoStretch>
    <Size>
      <CX>127</CX>
      <CY>35</CY>
    </Size>
    <Text />
    <Style_Transparent>true</Style_Transparent>
    <Style_Tooltip>true</Style_Tooltip>
    <Style_Titlebar>false</Style_Titlebar>
    <Style_Closebox>false</Style_Closebox>
    <Style_Minimizebox>false</Style_Minimizebox>
    <Style_Border>false</Style_Border>
    <Style_Sizable>false</Style_Sizable>
    <AnchorToTop>true</AnchorToTop>
    <AnchorToLeft>true</AnchorToLeft>
    <Pieces>ETW_Gauge2</Pieces>
    <Pieces>ETW_STAGauge2</Pieces>
    <Pieces>ETW_ManaGauge2</Pieces>
    <Pieces>ETW_HPLabel2</Pieces>
    <Pieces>ETW_HPPercLabel2</Pieces>
    <Pieces>ETW_Role2</Pieces>
    <Pieces>ETW_SlotNumber2</Pieces>
    <Pieces>ETW_AggroPct2</Pieces>
  </LayoutBox>
  <Label item="ETW_AggroPct3">
    <ScreenID>ETW_AggroPct3</ScreenID>
    <RelativePosition>true</RelativePosition>
    <Font>2</Font>
    <Text>78</Text>
    <TextColor>
      <R>255</R>
      <G>255</G>
      <B>255</B>
    </TextColor>
    <EQType>317</EQType>
    <Location>
      <X>104</X>
      <Y>0</Y>
    </Location>
    <Size>
      <CX>24</CX>
      <CY>16</CY>
    </Size>
  </Label>
  <Gauge item="ETW_Gauge3">
    <ScreenID>ETW_Gauge3</ScreenID>
    <TextColor>
      <R>240</R>
      <G>240</G>
      <B>240</B>
    </TextColor>
    <RelativePosition>true</RelativePosition>
    <FillTint>
      <R>220</R>
      <G>20</G>
      <B>20</B>
    </FillTint>
    <EQType>45</EQType>
    <GaugeDrawTemplate>
      <Fill>btmpkd_GaugeFill</Fill>
      <EndCapLeft>btmpkd_GaugeEndCapLeft</EndCapLeft>
      <EndCapRight>btmpkd_GaugeEndCapRight</EndCapRight>
      <Background>btmpkd_GaugeBackground</Background>
    </GaugeDrawTemplate>
    <GaugeOffsetX>10</GaugeOffsetX>
    <GaugeOffsetY>15</GaugeOffsetY>
    <AutoStretch>false</AutoStretch>
    <Location>
      <X>1</X>
      <Y>0</Y>
    </Location>
    <Size>
      <CX>100</CX>
      <CY>25</CY>
    </Size>
  </Gauge>
  <Gauge item="ETW_ManaGauge3">
    <ScreenID>ETW_ManaGauge3</ScreenID>
    <TextOffsetY>-50</TextOffsetY>
    <GaugeOffsetY>-2</GaugeOffsetY>
    <RelativePosition>true</RelativePosition>
    <FillTint>
      <R>0</R>
      <G>128</G>
      <B>255</B>
    </FillTint>
    <EQType>65</EQType>
    <GaugeDrawTemplate>
      <Fill>btmpkd_GaugeFill</Fill>
    </GaugeDrawTemplate>
    <AutoStretch>false</AutoStretch>
    <Location>
      <X>15</X>
      <Y>20</Y>
    </Location>
    <Size>
      <CX>82</CX>
      <CY>4</CY>
    </Size>
  </Gauge>
  <Gauge item="ETW_STAGauge3">
    <ScreenID>ETW_STAGauge3</ScreenID>
    <TextOffsetY>-50</TextOffsetY>
    <GaugeOffsetY>-2</GaugeOffsetY>
    <RelativePosition>true</RelativePosition>
    <FillTint>
      <R>240</R>
      <G>240</G>
      <B>0</B>
    </FillTint>
    <EQType>85</EQType>
    <GaugeDrawTemplate>
      <Fill>btmpkd_GaugeFill</Fill>
    </GaugeDrawTemplate>
    <AutoStretch>false</AutoStretch>
    <Location>
      <X>15</X>
      <Y>20</Y>
    </Location>
    <Size>
      <CX>82</CX>
      <CY>4</CY>
    </Size>
  </Gauge>
  <Label item="ETW_HPLabel3">
    <ScreenID>ETW_HPLabel3</ScreenID>
    <RelativePosition>true</RelativePosition>
    <Text>100</Text>
    <TextColor>
      <R>255</R>
      <G>255</G>
      <B>255</B>
    </TextColor>
    <NoWrap>true</NoWrap>
    <AlignCenter>true</AlignCenter>
    <Font>1</Font>
    <EQType>154</EQType>
    <AutoStretch>false</AutoStretch>
    <Location>
      <X>-9</X>
      <Y>14</Y>
    </Location>
    <Size>
      <CX>130</CX>
      <CY>12</CY>
    </Size>
    <Style_Tooltip>false</Style_Tooltip>
  </Label>
  <Label item="ETW_HPPercLabel3">
    <ScreenID>ETW_HPPercLabel3</ScreenID>
    <RelativePosition>true</RelativePosition>
    <Text>%</Text>
    <TextColor>
      <R>255</R>
      <G>255</G>
      <B>255</B>
    </TextColor>
    <NoWrap>true</NoWrap>
    <AlignCenter>true</AlignCenter>
    <Font>1</Font>
    <AutoStretch>false</AutoStretch>
    <Location>
      <X>5</X>
      <Y>14</Y>
    </Location>
    <Size>
      <CX>130</CX>
      <CY>12</CY>
    </Size>
    <Style_Tooltip>false</Style_Tooltip>
  </Label>
  <Button item="ETW_Role3">
    <ScreenID>ETW_Role3</ScreenID>
    <RelativePosition>true</RelativePosition>
    <Style_Transparent>false</Style_Transparent>
    <Style_Checkbox>false</Style_Checkbox>
    <ButtonDrawTemplate />
    <DecalSize>
      <CX>16</CX>
      <CY>16</CY>
    </DecalSize>
    <AutoStretch>false</AutoStretch>
    <Location>
      <X>105</X>
      <Y>12</Y>
    </Location>
    <Size>
      <CX>16</CX>
      <CY>16</CY>
    </Size>
  </Button>
  <Label item="ETW_SlotNumber3">
    <ScreenID>ETW_SlotNumber3</ScreenID>
    <RelativePosition>true</RelativePosition>
    <Text>4</Text>
    <TextColor>
      <R>186</R>
      <G>171</G>
      <B>48</B>
    </TextColor>
    <NoWrap>true</NoWrap>
    <AlignCenter>false</AlignCenter>
    <Font>1</Font>
    <AutoStretch>false</AutoStretch>
    <Location>
      <X>2</X>
      <Y>14</Y>
    </Location>
    <Size>
      <CX>130</CX>
      <CY>12</CY>
    </Size>
    <Style_Tooltip>false</Style_Tooltip>
  </Label>
  <LayoutBox item="ETW_Ext3">
    <ScreenID>ETW_Ext3</ScreenID>
    <RelativePosition>true</RelativePosition>
    <AutoStretch>false</AutoStretch>
    <Size>
      <CX>127</CX>
      <CY>35</CY>
    </Size>
    <Text />
    <Style_Transparent>true</Style_Transparent>
    <Style_Tooltip>true</Style_Tooltip>
    <Style_Titlebar>false</Style_Titlebar>
    <Style_Closebox>false</Style_Closebox>
    <Style_Minimizebox>false</Style_Minimizebox>
    <Style_Border>false</Style_Border>
    <Style_Sizable>false</Style_Sizable>
    <AnchorToTop>true</AnchorToTop>
    <AnchorToLeft>true</AnchorToLeft>
    <Pieces>ETW_Gauge3</Pieces>
    <Pieces>ETW_STAGauge3</Pieces>
    <Pieces>ETW_ManaGauge3</Pieces>
    <Pieces>ETW_HPLabel3</Pieces>
    <Pieces>ETW_HPPercLabel3</Pieces>
    <Pieces>ETW_Role3</Pieces>
    <Pieces>ETW_SlotNumber3</Pieces>
    <Pieces>ETW_AggroPct3</Pieces>
  </LayoutBox>
  <Label item="ETW_AggroPct4">
    <ScreenID>ETW_AggroPct4</ScreenID>
    <RelativePosition>true</RelativePosition>
    <Font>2</Font>
    <Text>78</Text>
    <TextColor>
      <R>255</R>
      <G>255</G>
      <B>255</B>
    </TextColor>
    <EQType>318</EQType>
    <Location>
      <X>104</X>
      <Y>0</Y>
    </Location>
    <Size>
      <CX>24</CX>
      <CY>16</CY>
    </Size>
  </Label>
  <Gauge item="ETW_Gauge4">
    <ScreenID>ETW_Gauge4</ScreenID>
    <TextColor>
      <R>240</R>
      <G>240</G>
      <B>240</B>
    </TextColor>
    <RelativePosition>true</RelativePosition>
    <FillTint>
      <R>220</R>
      <G>20</G>
      <B>20</B>
    </FillTint>
    <EQType>46</EQType>
    <GaugeDrawTemplate>
      <Fill>btmpkd_GaugeFill</Fill>
      <EndCapLeft>btmpkd_GaugeEndCapLeft</EndCapLeft>
      <EndCapRight>btmpkd_GaugeEndCapRight</EndCapRight>
      <Background>btmpkd_GaugeBackground</Background>
    </GaugeDrawTemplate>
    <GaugeOffsetX>10</GaugeOffsetX>
    <GaugeOffsetY>15</GaugeOffsetY>
    <AutoStretch>false</AutoStretch>
    <Location>
      <X>1</X>
      <Y>0</Y>
    </Location>
    <Size>
      <CX>100</CX>
      <CY>25</CY>
    </Size>
  </Gauge>
  <Gauge item="ETW_ManaGauge4">
    <ScreenID>ETW_ManaGauge4</ScreenID>
    <TextOffsetY>-50</TextOffsetY>
    <GaugeOffsetY>-2</GaugeOffsetY>
    <RelativePosition>true</RelativePosition>
    <FillTint>
      <R>0</R>
      <G>128</G>
      <B>255</B>
    </FillTint>
    <EQType>66</EQType>
    <GaugeDrawTemplate>
      <Fill>btmpkd_GaugeFill</Fill>
    </GaugeDrawTemplate>
    <AutoStretch>false</AutoStretch>
    <Location>
      <X>15</X>
      <Y>20</Y>
    </Location>
    <Size>
      <CX>82</CX>
      <CY>4</CY>
    </Size>
  </Gauge>
  <Gauge item="ETW_STAGauge4">
    <ScreenID>ETW_STAGauge4</ScreenID>
    <TextOffsetY>-50</TextOffsetY>
    <GaugeOffsetY>-2</GaugeOffsetY>
    <RelativePosition>true</RelativePosition>
    <FillTint>
      <R>240</R>
      <G>240</G>
      <B>0</B>
    </FillTint>
    <EQType>86</EQType>
    <GaugeDrawTemplate>
      <Fill>btmpkd_GaugeFill</Fill>
    </GaugeDrawTemplate>
    <AutoStretch>false</AutoStretch>
    <Location>
      <X>15</X>
      <Y>20</Y>
    </Location>
    <Size>
      <CX>82</CX>
      <CY>4</CY>
    </Size>
  </Gauge>
  <Label item="ETW_HPLabel4">
    <ScreenID>ETW_HPLabel4</ScreenID>
    <RelativePosition>true</RelativePosition>
    <Text>100</Text>
    <TextColor>
      <R>255</R>
      <G>255</G>
      <B>255</B>
    </TextColor>
    <NoWrap>true</NoWrap>
    <AlignCenter>true</AlignCenter>
    <Font>1</Font>
    <EQType>155</EQType>
    <AutoStretch>false</AutoStretch>
    <Location>
      <X>-9</X>
      <Y>14</Y>
    </Location>
    <Size>
      <CX>130</CX>
      <CY>12</CY>
    </Size>
    <Style_Tooltip>false</Style_Tooltip>
  </Label>
  <Label item="ETW_HPPercLabel4">
    <ScreenID>ETW_HPPercLabel4</ScreenID>
    <RelativePosition>true</RelativePosition>
    <Text>%</Text>
    <TextColor>
      <R>255</R>
      <G>255</G>
      <B>255</B>
    </TextColor>
    <NoWrap>true</NoWrap>
    <AlignCenter>true</AlignCenter>
    <Font>1</Font>
    <AutoStretch>false</AutoStretch>
    <Location>
      <X>5</X>
      <Y>14</Y>
    </Location>
    <Size>
      <CX>130</CX>
      <CY>12</CY>
    </Size>
    <Style_Tooltip>false</Style_Tooltip>
  </Label>
  <Button item="ETW_Role4">
    <ScreenID>ETW_Role4</ScreenID>
    <RelativePosition>true</RelativePosition>
    <Style_Transparent>false</Style_Transparent>
    <Style_Checkbox>false</Style_Checkbox>
    <ButtonDrawTemplate />
    <DecalSize>
      <CX>16</CX>
      <CY>16</CY>
    </DecalSize>
    <AutoStretch>false</AutoStretch>
    <Location>
      <X>105</X>
      <Y>12</Y>
    </Location>
    <Size>
      <CX>16</CX>
      <CY>16</CY>
    </Size>
  </Button>
  <Label item="ETW_SlotNumber4">
    <ScreenID>ETW_SlotNumber4</ScreenID>
    <RelativePosition>true</RelativePosition>
    <Text>5</Text>
    <TextColor>
      <R>186</R>
      <G>171</G>
      <B>48</B>
    </TextColor>
    <NoWrap>true</NoWrap>
    <AlignCenter>false</AlignCenter>
    <Font>1</Font>
    <AutoStretch>false</AutoStretch>
    <Location>
      <X>2</X>
      <Y>14</Y>
    </Location>
    <Size>
      <CX>130</CX>
      <CY>12</CY>
    </Size>
    <Style_Tooltip>false</Style_Tooltip>
  </Label>
  <LayoutBox item="ETW_Ext4">
    <ScreenID>ETW_Ext4</ScreenID>
    <RelativePosition>true</RelativePosition>
    <AutoStretch>false</AutoStretch>
    <Size>
      <CX>127</CX>
      <CY>35</CY>
    </Size>
    <Text />
    <Style_Transparent>true</Style_Transparent>
    <Style_Tooltip>true</Style_Tooltip>
    <Style_Titlebar>false</Style_Titlebar>
    <Style_Closebox>false</Style_Closebox>
    <Style_Minimizebox>false</Style_Minimizebox>
    <Style_Border>false</Style_Border>
    <Style_Sizable>false</Style_Sizable>
    <AnchorToTop>true</AnchorToTop>
    <AnchorToLeft>true</AnchorToLeft>
    <Pieces>ETW_Gauge4</Pieces>
    <Pieces>ETW_STAGauge4</Pieces>
    <Pieces>ETW_ManaGauge4</Pieces>
    <Pieces>ETW_HPLabel4</Pieces>
    <Pieces>ETW_HPPercLabel4</Pieces>
    <Pieces>ETW_Role4</Pieces>
    <Pieces>ETW_SlotNumber4</Pieces>
    <Pieces>ETW_AggroPct4</Pieces>
  </LayoutBox>
  <Label item="ETW_AggroPct5">
    <ScreenID>ETW_AggroPct5</ScreenID>
    <RelativePosition>true</RelativePosition>
    <Font>2</Font>
    <Text>78</Text>
    <TextColor>
      <R>255</R>
      <G>255</G>
      <B>255</B>
    </TextColor>
    <EQType>319</EQType>
    <Location>
      <X>104</X>
      <Y>0</Y>
    </Location>
    <Size>
      <CX>24</CX>
      <CY>16</CY>
    </Size>
  </Label>
  <Gauge item="ETW_Gauge5">
    <ScreenID>ETW_Gauge5</ScreenID>
    <TextColor>
      <R>240</R>
      <G>240</G>
      <B>240</B>
    </TextColor>
    <RelativePosition>true</RelativePosition>
    <FillTint>
      <R>220</R>
      <G>20</G>
      <B>20</B>
    </FillTint>
    <EQType>47</EQType>
    <GaugeDrawTemplate>
      <Fill>btmpkd_GaugeFill</Fill>
      <EndCapLeft>btmpkd_GaugeEndCapLeft</EndCapLeft>
      <EndCapRight>btmpkd_GaugeEndCapRight</EndCapRight>
      <Background>btmpkd_GaugeBackground</Background>
    </GaugeDrawTemplate>
    <GaugeOffsetX>10</GaugeOffsetX>
    <GaugeOffsetY>15</GaugeOffsetY>
    <AutoStretch>false</AutoStretch>
    <Location>
      <X>1</X>
      <Y>0</Y>
    </Location>
    <Size>
      <CX>100</CX>
      <CY>25</CY>
    </Size>
  </Gauge>
  <Gauge item="ETW_ManaGauge5">
    <ScreenID>ETW_ManaGauge5</ScreenID>
    <TextOffsetY>-50</TextOffsetY>
    <GaugeOffsetY>-2</GaugeOffsetY>
    <RelativePosition>true</RelativePosition>
    <FillTint>
      <R>0</R>
      <G>128</G>
      <B>255</B>
    </FillTint>
    <EQType>67</EQType>
    <GaugeDrawTemplate>
      <Fill>btmpkd_GaugeFill</Fill>
    </GaugeDrawTemplate>
    <AutoStretch>false</AutoStretch>
    <Location>
      <X>15</X>
      <Y>20</Y>
    </Location>
    <Size>
      <CX>82</CX>
      <CY>4</CY>
    </Size>
  </Gauge>
  <Gauge item="ETW_STAGauge5">
    <ScreenID>ETW_STAGauge5</ScreenID>
    <TextOffsetY>-50</TextOffsetY>
    <GaugeOffsetY>-2</GaugeOffsetY>
    <RelativePosition>true</RelativePosition>
    <FillTint>
      <R>240</R>
      <G>240</G>
      <B>0</B>
    </FillTint>
    <EQType>87</EQType>
    <GaugeDrawTemplate>
      <Fill>btmpkd_GaugeFill</Fill>
    </GaugeDrawTemplate>
    <AutoStretch>false</AutoStretch>
    <Location>
      <X>15</X>
      <Y>20</Y>
    </Location>
    <Size>
      <CX>82</CX>
      <CY>4</CY>
    </Size>
  </Gauge>
  <Label item="ETW_HPLabel5">
    <ScreenID>ETW_HPLabel5</ScreenID>
    <RelativePosition>true</RelativePosition>
    <Text>100</Text>
    <TextColor>
      <R>255</R>
      <G>255</G>
      <B>255</B>
    </TextColor>
    <NoWrap>true</NoWrap>
    <AlignCenter>true</AlignCenter>
    <Font>1</Font>
    <EQType>156</EQType>
    <AutoStretch>false</AutoStretch>
    <Location>
      <X>-9</X>
      <Y>14</Y>
    </Location>
    <Size>
      <CX>130</CX>
      <CY>12</CY>
    </Size>
    <Style_Tooltip>false</Style_Tooltip>
  </Label>
  <Label item="ETW_HPPercLabel5">
    <ScreenID>ETW_HPPercLabel5</ScreenID>
    <RelativePosition>true</RelativePosition>
    <Text>%</Text>
    <TextColor>
      <R>255</R>
      <G>255</G>
      <B>255</B>
    </TextColor>
    <NoWrap>true</NoWrap>
    <AlignCenter>true</AlignCenter>
    <Font>1</Font>
    <AutoStretch>false</AutoStretch>
    <Location>
      <X>5</X>
      <Y>14</Y>
    </Location>
    <Size>
      <CX>130</CX>
      <CY>12</CY>
    </Size>
    <Style_Tooltip>false</Style_Tooltip>
  </Label>
  <Button item="ETW_Role5">
    <ScreenID>ETW_Role5</ScreenID>
    <RelativePosition>true</RelativePosition>
    <Style_Transparent>false</Style_Transparent>
    <Style_Checkbox>false</Style_Checkbox>
    <ButtonDrawTemplate />
    <DecalSize>
      <CX>16</CX>
      <CY>16</CY>
    </DecalSize>
    <AutoStretch>false</AutoStretch>
    <Location>
      <X>105</X>
      <Y>12</Y>
    </Location>
    <Size>
      <CX>16</CX>
      <CY>16</CY>
    </Size>
  </Button>
  <Label item="ETW_SlotNumber5">
    <ScreenID>ETW_SlotNumber5</ScreenID>
    <RelativePosition>true</RelativePosition>
    <Text>6</Text>
    <TextColor>
      <R>186</R>
      <G>171</G>
      <B>48</B>
    </TextColor>
    <NoWrap>true</NoWrap>
    <AlignCenter>false</AlignCenter>
    <Font>1</Font>
    <AutoStretch>false</AutoStretch>
    <Location>
      <X>2</X>
      <Y>14</Y>
    </Location>
    <Size>
      <CX>130</CX>
      <CY>12</CY>
    </Size>
    <Style_Tooltip>false</Style_Tooltip>
  </Label>
  <LayoutBox item="ETW_Ext5">
    <ScreenID>ETW_Ext5</ScreenID>
    <RelativePosition>true</RelativePosition>
    <AutoStretch>false</AutoStretch>
    <Size>
      <CX>127</CX>
      <CY>35</CY>
    </Size>
    <Text />
    <Style_Transparent>true</Style_Transparent>
    <Style_Tooltip>true</Style_Tooltip>
    <Style_Titlebar>false</Style_Titlebar>
    <Style_Closebox>false</Style_Closebox>
    <Style_Minimizebox>false</Style_Minimizebox>
    <Style_Border>false</Style_Border>
    <Style_Sizable>false</Style_Sizable>
    <AnchorToTop>true</AnchorToTop>
    <AnchorToLeft>true</AnchorToLeft>
    <Pieces>ETW_Gauge5</Pieces>
    <Pieces>ETW_STAGauge5</Pieces>
    <Pieces>ETW_ManaGauge5</Pieces>
    <Pieces>ETW_HPLabel5</Pieces>
    <Pieces>ETW_HPPercLabel5</Pieces>
    <Pieces>ETW_Role5</Pieces>
    <Pieces>ETW_SlotNumber5</Pieces>
    <Pieces>ETW_AggroPct5</Pieces>
  </LayoutBox>
  <Label item="ETW_AggroPct6">
    <ScreenID>ETW_AggroPct6</ScreenID>
    <RelativePosition>true</RelativePosition>
    <Font>2</Font>
    <Text>78</Text>
    <TextColor>
      <R>255</R>
      <G>255</G>
      <B>255</B>
    </TextColor>
    <EQType>320</EQType>
    <Location>
      <X>104</X>
      <Y>0</Y>
    </Location>
    <Size>
      <CX>24</CX>
      <CY>16</CY>
    </Size>
  </Label>
  <Gauge item="ETW_Gauge6">
    <ScreenID>ETW_Gauge6</ScreenID>
    <TextColor>
      <R>240</R>
      <G>240</G>
      <B>240</B>
    </TextColor>
    <RelativePosition>true</RelativePosition>
    <FillTint>
      <R>220</R>
      <G>20</G>
      <B>20</B>
    </FillTint>
    <EQType>48</EQType>
    <GaugeDrawTemplate>
      <Fill>btmpkd_GaugeFill</Fill>
      <EndCapLeft>btmpkd_GaugeEndCapLeft</EndCapLeft>
      <EndCapRight>btmpkd_GaugeEndCapRight</EndCapRight>
      <Background>btmpkd_GaugeBackground</Background>
    </GaugeDrawTemplate>
    <GaugeOffsetX>10</GaugeOffsetX>
    <GaugeOffsetY>15</GaugeOffsetY>
    <AutoStretch>false</AutoStretch>
    <Location>
      <X>1</X>
      <Y>0</Y>
    </Location>
    <Size>
      <CX>100</CX>
      <CY>25</CY>
    </Size>
  </Gauge>
  <Gauge item="ETW_ManaGauge6">
    <ScreenID>ETW_ManaGauge6</ScreenID>
    <TextOffsetY>-50</TextOffsetY>
    <GaugeOffsetY>-2</GaugeOffsetY>
    <RelativePosition>true</RelativePosition>
    <FillTint>
      <R>0</R>
      <G>128</G>
      <B>255</B>
    </FillTint>
    <EQType>68</EQType>
    <GaugeDrawTemplate>
      <Fill>btmpkd_GaugeFill</Fill>
    </GaugeDrawTemplate>
    <AutoStretch>false</AutoStretch>
    <Location>
      <X>15</X>
      <Y>20</Y>
    </Location>
    <Size>
      <CX>82</CX>
      <CY>4</CY>
    </Size>
  </Gauge>
  <Gauge item="ETW_STAGauge6">
    <ScreenID>ETW_STAGauge6</ScreenID>
    <TextOffsetY>-50</TextOffsetY>
    <GaugeOffsetY>-2</GaugeOffsetY>
    <RelativePosition>true</RelativePosition>
    <FillTint>
      <R>240</R>
      <G>240</G>
      <B>0</B>
    </FillTint>
    <EQType>88</EQType>
    <GaugeDrawTemplate>
      <Fill>btmpkd_GaugeFill</Fill>
    </GaugeDrawTemplate>
    <AutoStretch>false</AutoStretch>
    <Location>
      <X>15</X>
      <Y>20</Y>
    </Location>
    <Size>
      <CX>82</CX>
      <CY>4</CY>
    </Size>
  </Gauge>
  <Label item="ETW_HPLabel6">
    <ScreenID>ETW_HPLabel6</ScreenID>
    <RelativePosition>true</RelativePosition>
    <Text>100</Text>
    <TextColor>
      <R>255</R>
      <G>255</G>
      <B>255</B>
    </TextColor>
    <NoWrap>true</NoWrap>
    <AlignCenter>true</AlignCenter>
    <Font>1</Font>
    <EQType>157</EQType>
    <AutoStretch>false</AutoStretch>
    <Location>
      <X>-9</X>
      <Y>14</Y>
    </Location>
    <Size>
      <CX>130</CX>
      <CY>12</CY>
    </Size>
    <Style_Tooltip>false</Style_Tooltip>
  </Label>
  <Label item="ETW_HPPercLabel6">
    <ScreenID>ETW_HPPercLabel6</ScreenID>
    <RelativePosition>true</RelativePosition>
    <Text>%</Text>
    <TextColor>
      <R>255</R>
      <G>255</G>
      <B>255</B>
    </TextColor>
    <NoWrap>true</NoWrap>
    <AlignCenter>true</AlignCenter>
    <Font>1</Font>
    <AutoStretch>false</AutoStretch>
    <Location>
      <X>5</X>
      <Y>14</Y>
    </Location>
    <Size>
      <CX>130</CX>
      <CY>12</CY>
    </Size>
    <Style_Tooltip>false</Style_Tooltip>
  </Label>
  <Button item="ETW_Role6">
    <ScreenID>ETW_Role6</ScreenID>
    <RelativePosition>true</RelativePosition>
    <Style_Transparent>false</Style_Transparent>
    <Style_Checkbox>false</Style_Checkbox>
    <ButtonDrawTemplate />
    <DecalSize>
      <CX>16</CX>
      <CY>16</CY>
    </DecalSize>
    <AutoStretch>false</AutoStretch>
    <Location>
      <X>105</X>
      <Y>12</Y>
    </Location>
    <Size>
      <CX>16</CX>
      <CY>16</CY>
    </Size>
  </Button>
  <Label item="ETW_SlotNumber6">
    <ScreenID>ETW_SlotNumber6</ScreenID>
    <RelativePosition>true</RelativePosition>
    <Text>7</Text>
    <TextColor>
      <R>186</R>
      <G>171</G>
      <B>48</B>
    </TextColor>
    <NoWrap>true</NoWrap>
    <AlignCenter>false</AlignCenter>
    <Font>1</Font>
    <AutoStretch>false</AutoStretch>
    <Location>
      <X>2</X>
      <Y>14</Y>
    </Location>
    <Size>
      <CX>130</CX>
      <CY>12</CY>
    </Size>
    <Style_Tooltip>false</Style_Tooltip>
  </Label>
  <LayoutBox item="ETW_Ext6">
    <ScreenID>ETW_Ext6</ScreenID>
    <RelativePosition>true</RelativePosition>
    <AutoStretch>false</AutoStretch>
    <Size>
      <CX>127</CX>
      <CY>35</CY>
    </Size>
    <Text />
    <Style_Transparent>true</Style_Transparent>
    <Style_Tooltip>true</Style_Tooltip>
    <Style_Titlebar>false</Style_Titlebar>
    <Style_Closebox>false</Style_Closebox>
    <Style_Minimizebox>false</Style_Minimizebox>
    <Style_Border>false</Style_Border>
    <Style_Sizable>false</Style_Sizable>
    <AnchorToTop>true</AnchorToTop>
    <AnchorToLeft>true</AnchorToLeft>
    <Pieces>ETW_Gauge6</Pieces>
    <Pieces>ETW_STAGauge6</Pieces>
    <Pieces>ETW_ManaGauge6</Pieces>
    <Pieces>ETW_HPLabel6</Pieces>
    <Pieces>ETW_HPPercLabel6</Pieces>
    <Pieces>ETW_Role6</Pieces>
    <Pieces>ETW_SlotNumber6</Pieces>
    <Pieces>ETW_AggroPct6</Pieces>
  </LayoutBox>
  <!-- next set -->
  <Label item="ETW_AggroPct7">
    <ScreenID>ETW_AggroPct7</ScreenID>
    <RelativePosition>true</RelativePosition>
    <Font>2</Font>
    <Text>78</Text>
    <TextColor>
      <R>255</R>
      <G>255</G>
      <B>255</B>
    </TextColor>
    <EQType>321</EQType>
    <Location>
      <X>104</X>
      <Y>0</Y>
    </Location>
    <Size>
      <CX>24</CX>
      <CY>16</CY>
    </Size>
  </Label>
  <Gauge item="ETW_Gauge7">
    <ScreenID>ETW_Gauge7</ScreenID>
    <TextColor>
      <R>240</R>
      <G>240</G>
      <B>240</B>
    </TextColor>
    <RelativePosition>true</RelativePosition>
    <FillTint>
      <R>220</R>
      <G>20</G>
      <B>20</B>
    </FillTint>
    <EQType>49</EQType>
    <GaugeDrawTemplate>
      <Fill>btmpkd_GaugeFill</Fill>
      <EndCapLeft>btmpkd_GaugeEndCapLeft</EndCapLeft>
      <EndCapRight>btmpkd_GaugeEndCapRight</EndCapRight>
      <Background>btmpkd_GaugeBackground</Background>
    </GaugeDrawTemplate>
    <GaugeOffsetX>10</GaugeOffsetX>
    <GaugeOffsetY>15</GaugeOffsetY>
    <AutoStretch>false</AutoStretch>
    <Location>
      <X>1</X>
      <Y>0</Y>
    </Location>
    <Size>
      <CX>100</CX>
      <CY>25</CY>
    </Size>
  </Gauge>
  <Gauge item="ETW_ManaGauge7">
    <ScreenID>ETW_ManaGauge7</ScreenID>
    <TextOffsetY>-50</TextOffsetY>
    <GaugeOffsetY>-2</GaugeOffsetY>
    <RelativePosition>true</RelativePosition>
    <FillTint>
      <R>0</R>
      <G>128</G>
      <B>255</B>
    </FillTint>
    <EQType>69</EQType>
    <GaugeDrawTemplate>
      <Fill>btmpkd_GaugeFill</Fill>
    </GaugeDrawTemplate>
    <AutoStretch>false</AutoStretch>
    <Location>
      <X>15</X>
      <Y>20</Y>
    </Location>
    <Size>
      <CX>82</CX>
      <CY>4</CY>
    </Size>
  </Gauge>
  <Gauge item="ETW_STAGauge7">
    <ScreenID>ETW_STAGauge7</ScreenID>
    <TextOffsetY>-50</TextOffsetY>
    <GaugeOffsetY>-2</GaugeOffsetY>
    <RelativePosition>true</RelativePosition>
    <FillTint>
      <R>240</R>
      <G>240</G>
      <B>0</B>
    </FillTint>
    <EQType>89</EQType>
    <GaugeDrawTemplate>
      <Fill>btmpkd_GaugeFill</Fill>
    </GaugeDrawTemplate>
    <AutoStretch>false</AutoStretch>
    <Location>
      <X>15</X>
      <Y>20</Y>
    </Location>
    <Size>
      <CX>82</CX>
      <CY>4</CY>
    </Size>
  </Gauge>
  <Label item="ETW_HPLabel7">
    <ScreenID>ETW_HPLabel7</ScreenID>
    <RelativePosition>true</RelativePosition>
    <Text>100</Text>
    <TextColor>
      <R>255</R>
      <G>255</G>
      <B>255</B>
    </TextColor>
    <NoWrap>true</NoWrap>
    <AlignCenter>true</AlignCenter>
    <Font>1</Font>
    <EQType>158</EQType>
    <AutoStretch>false</AutoStretch>
    <Location>
      <X>-9</X>
      <Y>14</Y>
    </Location>
    <Size>
      <CX>130</CX>
      <CY>12</CY>
    </Size>
    <Style_Tooltip>false</Style_Tooltip>
  </Label>
  <Label item="ETW_HPPercLabel7">
    <ScreenID>ETW_HPPercLabel7</ScreenID>
    <RelativePosition>true</RelativePosition>
    <Text>%</Text>
    <TextColor>
      <R>255</R>
      <G>255</G>
      <B>255</B>
    </TextColor>
    <NoWrap>true</NoWrap>
    <AlignCenter>true</AlignCenter>
    <Font>1</Font>
    <AutoStretch>false</AutoStretch>
    <Location>
      <X>5</X>
      <Y>14</Y>
    </Location>
    <Size>
      <CX>130</CX>
      <CY>12</CY>
    </Size>
    <Style_Tooltip>false</Style_Tooltip>
  </Label>
  <Button item="ETW_Role7">
    <ScreenID>ETW_Role7</ScreenID>
    <RelativePosition>true</RelativePosition>
    <Style_Transparent>false</Style_Transparent>
    <Style_Checkbox>false</Style_Checkbox>
    <ButtonDrawTemplate />
    <DecalSize>
      <CX>16</CX>
      <CY>16</CY>
    </DecalSize>
    <AutoStretch>false</AutoStretch>
    <Location>
      <X>105</X>
      <Y>12</Y>
    </Location>
    <Size>
      <CX>16</CX>
      <CY>16</CY>
    </Size>
  </Button>
  <Label item="ETW_SlotNumber7">
    <ScreenID>ETW_SlotNumber7</ScreenID>
    <RelativePosition>true</RelativePosition>
    <Text>8</Text>
    <TextColor>
      <R>186</R>
      <G>171</G>
      <B>48</B>
    </TextColor>
    <NoWrap>true</NoWrap>
    <AlignCenter>false</AlignCenter>
    <Font>1</Font>
    <AutoStretch>false</AutoStretch>
    <Location>
      <X>2</X>
      <Y>14</Y>
    </Location>
    <Size>
      <CX>130</CX>
      <CY>12</CY>
    </Size>
    <Style_Tooltip>false</Style_Tooltip>
  </Label>
  <LayoutBox item="ETW_Ext7">
    <ScreenID>ETW_Ext7</ScreenID>
    <RelativePosition>true</RelativePosition>
    <AutoStretch>false</AutoStretch>
    <Size>
      <CX>127</CX>
      <CY>35</CY>
    </Size>
    <Text />
    <Style_Transparent>true</Style_Transparent>
    <Style_Tooltip>true</Style_Tooltip>
    <Style_Titlebar>false</Style_Titlebar>
    <Style_Closebox>false</Style_Closebox>
    <Style_Minimizebox>false</Style_Minimizebox>
    <Style_Border>false</Style_Border>
    <Style_Sizable>false</Style_Sizable>
    <AnchorToTop>true</AnchorToTop>
    <AnchorToLeft>true</AnchorToLeft>
    <Pieces>ETW_Gauge7</Pieces>
    <Pieces>ETW_STAGauge7</Pieces>
    <Pieces>ETW_ManaGauge7</Pieces>
    <Pieces>ETW_HPLabel7</Pieces>
    <Pieces>ETW_HPPercLabel7</Pieces>
    <Pieces>ETW_Role7</Pieces>
    <Pieces>ETW_SlotNumber7</Pieces>
    <Pieces>ETW_AggroPct7</Pieces>
  </LayoutBox>
  <Label item="ETW_AggroPct8">
    <ScreenID>ETW_AggroPct8</ScreenID>
    <RelativePosition>true</RelativePosition>
    <Font>2</Font>
    <Text>78</Text>
    <TextColor>
      <R>255</R>
      <G>255</G>
      <B>255</B>
    </TextColor>
    <EQType>322</EQType>
    <Location>
      <X>104</X>
      <Y>0</Y>
    </Location>
    <Size>
      <CX>24</CX>
      <CY>16</CY>
    </Size>
  </Label>
  <Gauge item="ETW_Gauge8">
    <ScreenID>ETW_Gauge8</ScreenID>
    <TextColor>
      <R>240</R>
      <G>240</G>
      <B>240</B>
    </TextColor>
    <RelativePosition>true</RelativePosition>
    <FillTint>
      <R>220</R>
      <G>20</G>
      <B>20</B>
    </FillTint>
    <EQType>50</EQType>
    <GaugeDrawTemplate>
      <Fill>btmpkd_GaugeFill</Fill>
      <EndCapLeft>btmpkd_GaugeEndCapLeft</EndCapLeft>
      <EndCapRight>btmpkd_GaugeEndCapRight</EndCapRight>
      <Background>btmpkd_GaugeBackground</Background>
    </GaugeDrawTemplate>
    <GaugeOffsetX>10</GaugeOffsetX>
    <GaugeOffsetY>15</GaugeOffsetY>
    <AutoStretch>false</AutoStretch>
    <Location>
      <X>1</X>
      <Y>0</Y>
    </Location>
    <Size>
      <CX>100</CX>
      <CY>25</CY>
    </Size>
  </Gauge>
  <Gauge item="ETW_ManaGauge8">
    <ScreenID>ETW_ManaGauge8</ScreenID>
    <TextOffsetY>-50</TextOffsetY>
    <GaugeOffsetY>-2</GaugeOffsetY>
    <RelativePosition>true</RelativePosition>
    <FillTint>
      <R>0</R>
      <G>128</G>
      <B>255</B>
    </FillTint>
    <EQType>70</EQType>
    <GaugeDrawTemplate>
      <Fill>btmpkd_GaugeFill</Fill>
    </GaugeDrawTemplate>
    <AutoStretch>false</AutoStretch>
    <Location>
      <X>15</X>
      <Y>20</Y>
    </Location>
    <Size>
      <CX>82</CX>
      <CY>4</CY>
    </Size>
  </Gauge>
  <Gauge item="ETW_STAGauge8">
    <ScreenID>ETW_STAGauge8</ScreenID>
    <TextOffsetY>-50</TextOffsetY>
    <GaugeOffsetY>-2</GaugeOffsetY>
    <RelativePosition>true</RelativePosition>
    <FillTint>
      <R>240</R>
      <G>240</G>
      <B>0</B>
    </FillTint>
    <EQType>90</EQType>
    <GaugeDrawTemplate>
      <Fill>btmpkd_GaugeFill</Fill>
    </GaugeDrawTemplate>
    <AutoStretch>false</AutoStretch>
    <Location>
      <X>15</X>
      <Y>20</Y>
    </Location>
    <Size>
      <CX>82</CX>
      <CY>4</CY>
    </Size>
  </Gauge>&gt;
       <Label item="ETW_HPLabel8"><ScreenID>ETW_HPLabel8</ScreenID><RelativePosition>true</RelativePosition><Text>100</Text><TextColor><R>255</R><G>255</G><B>255</B></TextColor><NoWrap>true</NoWrap><AlignCenter>true</AlignCenter><Font>1</Font><EQType>159</EQType><AutoStretch>false</AutoStretch><Location><X>-9</X><Y>14</Y></Location><Size><CX>130</CX><CY>12</CY></Size><Style_Tooltip>false</Style_Tooltip></Label><Label item="ETW_HPPercLabel8"><ScreenID>ETW_HPPercLabel8</ScreenID><RelativePosition>true</RelativePosition><Text>%</Text><TextColor><R>255</R><G>255</G><B>255</B></TextColor><NoWrap>true</NoWrap><AlignCenter>true</AlignCenter><Font>1</Font><AutoStretch>false</AutoStretch><Location><X>5</X><Y>14</Y></Location><Size><CX>130</CX><CY>12</CY></Size><Style_Tooltip>false</Style_Tooltip></Label><Button item="ETW_Role8"><ScreenID>ETW_Role8</ScreenID><RelativePosition>true</RelativePosition><Style_Transparent>false</Style_Transparent><Style_Checkbox>false</Style_Checkbox><ButtonDrawTemplate /><DecalSize><CX>16</CX><CY>16</CY></DecalSize><AutoStretch>false</AutoStretch><Location><X>105</X><Y>12</Y></Location><Size><CX>16</CX><CY>16</CY></Size></Button><Label item="ETW_SlotNumber8"><ScreenID>ETW_SlotNumber8</ScreenID><RelativePosition>true</RelativePosition><Text>9</Text><TextColor><R>186</R><G>171</G><B>48</B></TextColor><NoWrap>true</NoWrap><AlignCenter>false</AlignCenter><Font>1</Font><AutoStretch>false</AutoStretch><Location><X>2</X><Y>14</Y></Location><Size><CX>130</CX><CY>12</CY></Size><Style_Tooltip>false</Style_Tooltip></Label><LayoutBox item="ETW_Ext8"><ScreenID>ETW_Ext8</ScreenID><RelativePosition>true</RelativePosition><AutoStretch>false</AutoStretch><Size><CX>127</CX><CY>35</CY></Size><Text /><Style_Transparent>true</Style_Transparent><Style_Tooltip>true</Style_Tooltip><Style_Titlebar>false</Style_Titlebar><Style_Closebox>false</Style_Closebox><Style_Minimizebox>false</Style_Minimizebox><Style_Border>false</Style_Border><Style_Sizable>false</Style_Sizable><AnchorToTop>true</AnchorToTop><AnchorToLeft>true</AnchorToLeft><Pieces>ETW_Gauge8</Pieces><Pieces>ETW_STAGauge8</Pieces><Pieces>ETW_ManaGauge8</Pieces><Pieces>ETW_HPLabel8</Pieces><Pieces>ETW_HPPercLabel8</Pieces><Pieces>ETW_Role8</Pieces><Pieces>ETW_SlotNumber8</Pieces><Pieces>ETW_AggroPct8</Pieces></LayoutBox><Label item="ETW_AggroPct9"><ScreenID>ETW_AggroPct9</ScreenID><RelativePosition>true</RelativePosition><Font>2</Font><Text>78</Text><TextColor><R>255</R><G>255</G><B>255</B></TextColor><EQType>323</EQType><Location><X>104</X><Y>0</Y></Location><Size><CX>24</CX><CY>16</CY></Size></Label><Gauge item="ETW_Gauge9"><ScreenID>ETW_Gauge9</ScreenID><TextColor><R>240</R><G>240</G><B>240</B></TextColor><RelativePosition>true</RelativePosition><FillTint><R>220</R><G>20</G><B>20</B></FillTint><EQType>51</EQType><GaugeDrawTemplate><Fill>btmpkd_GaugeFill</Fill><EndCapLeft>btmpkd_GaugeEndCapLeft</EndCapLeft><EndCapRight>btmpkd_GaugeEndCapRight</EndCapRight><Background>btmpkd_GaugeBackground</Background></GaugeDrawTemplate><GaugeOffsetX>10</GaugeOffsetX><GaugeOffsetY>15</GaugeOffsetY><AutoStretch>false</AutoStretch><Location><X>1</X><Y>0</Y></Location><Size><CX>100</CX><CY>25</CY></Size></Gauge><Gauge item="ETW_ManaGauge9"><ScreenID>ETW_ManaGauge9</ScreenID><TextOffsetY>-50</TextOffsetY><GaugeOffsetY>-2</GaugeOffsetY><RelativePosition>true</RelativePosition><FillTint><R>0</R><G>128</G><B>255</B></FillTint><EQType>71</EQType><GaugeDrawTemplate><Fill>btmpkd_GaugeFill</Fill></GaugeDrawTemplate><AutoStretch>false</AutoStretch><Location><X>15</X><Y>20</Y></Location><Size><CX>82</CX><CY>4</CY></Size></Gauge><Gauge item="ETW_STAGauge9"><ScreenID>ETW_STAGauge9</ScreenID><TextOffsetY>-50</TextOffsetY><GaugeOffsetY>-2</GaugeOffsetY><RelativePosition>true</RelativePosition><FillTint><R>240</R><G>240</G><B>0</B></FillTint><EQType>91</EQType><GaugeDrawTemplate><Fill>btmpkd_GaugeFill</Fill></GaugeDrawTemplate><AutoStretch>false</AutoStretch><Location><X>15</X><Y>20</Y></Location><Size><CX>82</CX><CY>4</CY></Size></Gauge><Label item="ETW_HPLabel9"><ScreenID>ETW_HPLabel9</ScreenID><RelativePosition>true</RelativePosition><Text>100</Text><TextColor><R>255</R><G>255</G><B>255</B></TextColor><NoWrap>true</NoWrap><AlignCenter>true</AlignCenter><Font>1</Font><EQType>160</EQType><AutoStretch>false</AutoStretch><Location><X>-9</X><Y>14</Y></Location><Size><CX>130</CX><CY>12</CY></Size><Style_Tooltip>false</Style_Tooltip></Label><Label item="ETW_HPPercLabel9"><ScreenID>ETW_HPPercLabel9</ScreenID><RelativePosition>true</RelativePosition><Text>%</Text><TextColor><R>255</R><G>255</G><B>255</B></TextColor><NoWrap>true</NoWrap><AlignCenter>true</AlignCenter><Font>1</Font><AutoStretch>false</AutoStretch><Location><X>5</X><Y>14</Y></Location><Size><CX>130</CX><CY>12</CY></Size><Style_Tooltip>false</Style_Tooltip></Label><Button item="ETW_Role9"><ScreenID>ETW_Role9</ScreenID><RelativePosition>true</RelativePosition><Style_Transparent>false</Style_Transparent><Style_Checkbox>false</Style_Checkbox><ButtonDrawTemplate /><DecalSize><CX>16</CX><CY>16</CY></DecalSize><AutoStretch>false</AutoStretch><Location><X>105</X><Y>12</Y></Location><Size><CX>16</CX><CY>16</CY></Size></Button><Label item="ETW_SlotNumber9"><ScreenID>ETW_SlotNumber9</ScreenID><RelativePosition>true</RelativePosition><Text>10</Text><TextColor><R>186</R><G>171</G><B>48</B></TextColor><NoWrap>true</NoWrap><AlignCenter>false</AlignCenter><Font>1</Font><AutoStretch>false</AutoStretch><Location><X>0</X><Y>14</Y></Location><Size><CX>130</CX><CY>12</CY></Size><Style_Tooltip>false</Style_Tooltip></Label><LayoutBox item="ETW_Ext9"><ScreenID>ETW_Ext9</ScreenID><RelativePosition>true</RelativePosition><AutoStretch>false</AutoStretch><Size><CX>127</CX><CY>35</CY></Size><Text /><Style_Transparent>true</Style_Transparent><Style_Tooltip>true</Style_Tooltip><Style_Titlebar>false</Style_Titlebar><Style_Closebox>false</Style_Closebox><Style_Minimizebox>false</Style_Minimizebox><Style_Border>false</Style_Border><Style_Sizable>false</Style_Sizable><AnchorToTop>true</AnchorToTop><AnchorToLeft>true</AnchorToLeft><Pieces>ETW_Gauge9</Pieces><Pieces>ETW_STAGauge9</Pieces><Pieces>ETW_ManaGauge9</Pieces><Pieces>ETW_HPLabel9</Pieces><Pieces>ETW_HPPercLabel9</Pieces><Pieces>ETW_Role9</Pieces><Pieces>ETW_SlotNumber9</Pieces><Pieces>ETW_AggroPct9</Pieces></LayoutBox><Label item="ETW_AggroPct10"><ScreenID>ETW_AggroPct10</ScreenID><RelativePosition>true</RelativePosition><Font>2</Font><Text>78</Text><TextColor><R>255</R><G>255</G><B>255</B></TextColor><EQType>324</EQType><Location><X>104</X><Y>0</Y></Location><Size><CX>24</CX><CY>16</CY></Size></Label><Gauge item="ETW_Gauge10"><ScreenID>ETW_Gauge10</ScreenID><TextColor><R>240</R><G>240</G><B>240</B></TextColor><RelativePosition>true</RelativePosition><FillTint><R>220</R><G>20</G><B>20</B></FillTint><EQType>52</EQType><GaugeDrawTemplate><Fill>btmpkd_GaugeFill</Fill><EndCapLeft>btmpkd_GaugeEndCapLeft</EndCapLeft><EndCapRight>btmpkd_GaugeEndCapRight</EndCapRight><Background>btmpkd_GaugeBackground</Background></GaugeDrawTemplate><GaugeOffsetX>10</GaugeOffsetX><GaugeOffsetY>15</GaugeOffsetY><AutoStretch>false</AutoStretch><Location><X>1</X><Y>0</Y></Location><Size><CX>100</CX><CY>25</CY></Size></Gauge><Gauge item="ETW_ManaGauge10"><ScreenID>ETW_ManaGauge10</ScreenID><TextOffsetY>-50</TextOffsetY><GaugeOffsetY>-2</GaugeOffsetY><RelativePosition>true</RelativePosition><FillTint><R>0</R><G>128</G><B>255</B></FillTint><EQType>72</EQType><GaugeDrawTemplate><Fill>btmpkd_GaugeFill</Fill></GaugeDrawTemplate><AutoStretch>false</AutoStretch><Location><X>15</X><Y>20</Y></Location><Size><CX>82</CX><CY>4</CY></Size></Gauge><Gauge item="ETW_STAGauge10"><ScreenID>ETW_STAGauge10</ScreenID><TextOffsetY>-50</TextOffsetY><GaugeOffsetY>-2</GaugeOffsetY><RelativePosition>true</RelativePosition><FillTint><R>240</R><G>240</G><B>0</B></FillTint><EQType>92</EQType><GaugeDrawTemplate><Fill>btmpkd_GaugeFill</Fill></GaugeDrawTemplate><AutoStretch>false</AutoStretch><Location><X>15</X><Y>20</Y></Location><Size><CX>82</CX><CY>4</CY></Size></Gauge><Label item="ETW_HPLabel10"><ScreenID>ETW_HPLabel10</ScreenID><RelativePosition>true</RelativePosition><Text>100</Text><TextColor><R>255</R><G>255</G><B>255</B></TextColor><NoWrap>true</NoWrap><AlignCenter>true</AlignCenter><Font>1</Font><EQType>161</EQType><AutoStretch>false</AutoStretch><Location><X>-9</X><Y>14</Y></Location><Size><CX>130</CX><CY>12</CY></Size><Style_Tooltip>false</Style_Tooltip></Label><Label item="ETW_HPPercLabel10"><ScreenID>ETW_HPPercLabel10</ScreenID><RelativePosition>true</RelativePosition><Text>%</Text><TextColor><R>255</R><G>255</G><B>255</B></TextColor><NoWrap>true</NoWrap><AlignCenter>true</AlignCenter><Font>1</Font><AutoStretch>false</AutoStretch><Location><X>5</X><Y>14</Y></Location><Size><CX>130</CX><CY>12</CY></Size><Style_Tooltip>false</Style_Tooltip></Label><Button item="ETW_Role10"><ScreenID>ETW_Role10</ScreenID><RelativePosition>true</RelativePosition><Style_Transparent>false</Style_Transparent><Style_Checkbox>false</Style_Checkbox><ButtonDrawTemplate /><DecalSize><CX>16</CX><CY>16</CY></DecalSize><AutoStretch>false</AutoStretch><Location><X>105</X><Y>12</Y></Location><Size><CX>16</CX><CY>16</CY></Size></Button><Label item="ETW_SlotNumber10"><ScreenID>ETW_SlotNumber10</ScreenID><RelativePosition>true</RelativePosition><Text>11</Text><TextColor><R>186</R><G>171</G><B>48</B></TextColor><NoWrap>true</NoWrap><AlignCenter>false</AlignCenter><Font>1</Font><AutoStretch>false</AutoStretch><Location><X>0</X><Y>14</Y></Location><Size><CX>130</CX><CY>12</CY></Size><Style_Tooltip>false</Style_Tooltip></Label><LayoutBox item="ETW_Ext10"><ScreenID>ETW_Ext10</ScreenID><RelativePosition>true</RelativePosition><AutoStretch>false</AutoStretch><Size><CX>127</CX><CY>35</CY></Size><Text /><Style_Transparent>true</Style_Transparent><Style_Tooltip>true</Style_Tooltip><Style_Titlebar>false</Style_Titlebar><Style_Closebox>false</Style_Closebox><Style_Minimizebox>false</Style_Minimizebox><Style_Border>false</Style_Border><Style_Sizable>false</Style_Sizable><AnchorToTop>true</AnchorToTop><AnchorToLeft>true</AnchorToLeft><Pieces>ETW_Gauge10</Pieces><Pieces>ETW_STAGauge10</Pieces><Pieces>ETW_ManaGauge10</Pieces><Pieces>ETW_HPLabel10</Pieces><Pieces>ETW_HPPercLabel10</Pieces><Pieces>ETW_Role10</Pieces><Pieces>ETW_SlotNumber10</Pieces><Pieces>ETW_AggroPct10</Pieces></LayoutBox><Label item="ETW_AggroPct11"><ScreenID>ETW_AggroPct11</ScreenID><RelativePosition>true</RelativePosition><Font>2</Font><Text>78</Text><TextColor><R>255</R><G>255</G><B>255</B></TextColor><EQType>325</EQType><Location><X>104</X><Y>0</Y></Location><Size><CX>24</CX><CY>16</CY></Size></Label><Gauge item="ETW_Gauge11"><ScreenID>ETW_Gauge11</ScreenID><TextColor><R>240</R><G>240</G><B>240</B></TextColor><RelativePosition>true</RelativePosition><FillTint><R>220</R><G>20</G><B>20</B></FillTint><EQType>53</EQType><GaugeDrawTemplate><Fill>btmpkd_GaugeFill</Fill><EndCapLeft>btmpkd_GaugeEndCapLeft</EndCapLeft><EndCapRight>btmpkd_GaugeEndCapRight</EndCapRight><Background>btmpkd_GaugeBackground</Background></GaugeDrawTemplate><GaugeOffsetX>10</GaugeOffsetX><GaugeOffsetY>15</GaugeOffsetY><AutoStretch>false</AutoStretch><Location><X>1</X><Y>0</Y></Location><Size><CX>100</CX><CY>25</CY></Size></Gauge><Gauge item="ETW_ManaGauge11"><ScreenID>ETW_ManaGauge11</ScreenID><TextOffsetY>-50</TextOffsetY><GaugeOffsetY>-2</GaugeOffsetY><RelativePosition>true</RelativePosition><FillTint><R>0</R><G>128</G><B>255</B></FillTint><EQType>73</EQType><GaugeDrawTemplate><Fill>btmpkd_GaugeFill</Fill></GaugeDrawTemplate><AutoStretch>false</AutoStretch><Location><X>15</X><Y>20</Y></Location><Size><CX>82</CX><CY>4</CY></Size></Gauge><Gauge item="ETW_STAGauge11"><ScreenID>ETW_STAGauge11</ScreenID><TextOffsetY>-50</TextOffsetY><GaugeOffsetY>-2</GaugeOffsetY><RelativePosition>true</RelativePosition><FillTint><R>240</R><G>240</G><B>0</B></FillTint><EQType>93</EQType><GaugeDrawTemplate><Fill>btmpkd_GaugeFill</Fill></GaugeDrawTemplate><AutoStretch>false</AutoStretch><Location><X>15</X><Y>20</Y></Location><Size><CX>82</CX><CY>4</CY></Size></Gauge><Label item="ETW_HPLabel11"><ScreenID>ETW_HPLabel11</ScreenID><RelativePosition>true</RelativePosition><Text>100</Text><TextColor><R>255</R><G>255</G><B>255</B></TextColor><NoWrap>true</NoWrap><AlignCenter>true</AlignCenter><Font>1</Font><EQType>162</EQType><AutoStretch>false</AutoStretch><Location><X>-9</X><Y>14</Y></Location><Size><CX>130</CX><CY>12</CY></Size><Style_Tooltip>false</Style_Tooltip></Label><Label item="ETW_HPPercLabel11"><ScreenID>ETW_HPPercLabel11</ScreenID><RelativePosition>true</RelativePosition><Text>%</Text><TextColor><R>255</R><G>255</G><B>255</B></TextColor><NoWrap>true</NoWrap><AlignCenter>true</AlignCenter><Font>1</Font><AutoStretch>false</AutoStretch><Location><X>5</X><Y>14</Y></Location><Size><CX>130</CX><CY>12</CY></Size><Style_Tooltip>false</Style_Tooltip></Label><Button item="ETW_Role11"><ScreenID>ETW_Role11</ScreenID><RelativePosition>true</RelativePosition><Style_Transparent>false</Style_Transparent><Style_Checkbox>false</Style_Checkbox><ButtonDrawTemplate /><DecalSize><CX>16</CX><CY>16</CY></DecalSize><AutoStretch>false</AutoStretch><Location><X>105</X><Y>12</Y></Location><Size><CX>16</CX><CY>16</CY></Size></Button><Label item="ETW_SlotNumber11"><ScreenID>ETW_SlotNumber11</ScreenID><RelativePosition>true</RelativePosition><Text>12</Text><TextColor><R>186</R><G>171</G><B>48</B></TextColor><NoWrap>true</NoWrap><AlignCenter>false</AlignCenter><Font>1</Font><AutoStretch>false</AutoStretch><Location><X>0</X><Y>14</Y></Location><Size><CX>130</CX><CY>12</CY></Size><Style_Tooltip>false</Style_Tooltip></Label><LayoutBox item="ETW_Ext11"><ScreenID>ETW_Ext11</ScreenID><RelativePosition>true</RelativePosition><AutoStretch>false</AutoStretch><Size><CX>127</CX><CY>35</CY></Size><Text /><Style_Transparent>true</Style_Transparent><Style_Tooltip>true</Style_Tooltip><Style_Titlebar>false</Style_Titlebar><Style_Closebox>false</Style_Closebox><Style_Minimizebox>false</Style_Minimizebox><Style_Border>false</Style_Border><Style_Sizable>false</Style_Sizable><AnchorToTop>true</AnchorToTop><AnchorToLeft>true</AnchorToLeft><Pieces>ETW_Gauge11</Pieces><Pieces>ETW_STAGauge11</Pieces><Pieces>ETW_ManaGauge11</Pieces><Pieces>ETW_HPLabel11</Pieces><Pieces>ETW_HPPercLabel11</Pieces><Pieces>ETW_Role11</Pieces><Pieces>ETW_SlotNumber11</Pieces><Pieces>ETW_AggroPct11</Pieces></LayoutBox><Label item="ETW_AggroPct12"><ScreenID>ETW_AggroPct12</ScreenID><RelativePosition>true</RelativePosition><Font>2</Font><Text>78</Text><TextColor><R>255</R><G>255</G><B>255</B></TextColor><EQType>326</EQType><Location><X>104</X><Y>0</Y></Location><Size><CX>24</CX><CY>16</CY></Size></Label><Gauge item="ETW_Gauge12"><ScreenID>ETW_Gauge12</ScreenID><TextColor><R>240</R><G>240</G><B>240</B></TextColor><RelativePosition>true</RelativePosition><FillTint><R>220</R><G>20</G><B>20</B></FillTint><EQType>54</EQType><GaugeDrawTemplate><Fill>btmpkd_GaugeFill</Fill><EndCapLeft>btmpkd_GaugeEndCapLeft</EndCapLeft><EndCapRight>btmpkd_GaugeEndCapRight</EndCapRight><Background>btmpkd_GaugeBackground</Background></GaugeDrawTemplate><GaugeOffsetX>10</GaugeOffsetX><GaugeOffsetY>15</GaugeOffsetY><AutoStretch>false</AutoStretch><Location><X>1</X><Y>0</Y></Location><Size><CX>100</CX><CY>25</CY></Size></Gauge><Gauge item="ETW_ManaGauge12"><ScreenID>ETW_ManaGauge12</ScreenID><TextOffsetY>-50</TextOffsetY><GaugeOffsetY>-2</GaugeOffsetY><RelativePosition>true</RelativePosition><FillTint><R>0</R><G>128</G><B>255</B></FillTint><EQType>74</EQType><GaugeDrawTemplate><Fill>btmpkd_GaugeFill</Fill></GaugeDrawTemplate><AutoStretch>false</AutoStretch><Location><X>15</X><Y>20</Y></Location><Size><CX>82</CX><CY>4</CY></Size></Gauge><Gauge item="ETW_STAGauge12"><ScreenID>ETW_STAGauge12</ScreenID><TextOffsetY>-50</TextOffsetY><GaugeOffsetY>-2</GaugeOffsetY><RelativePosition>true</RelativePosition><FillTint><R>240</R><G>240</G><B>0</B></FillTint><EQType>94</EQType><GaugeDrawTemplate><Fill>btmpkd_GaugeFill</Fill></GaugeDrawTemplate><AutoStretch>false</AutoStretch><Location><X>15</X><Y>20</Y></Location><Size><CX>82</CX><CY>4</CY></Size></Gauge><Label item="ETW_HPLabel12"><ScreenID>ETW_HPLabel12</ScreenID><RelativePosition>true</RelativePosition><Text>100</Text><TextColor><R>255</R><G>255</G><B>255</B></TextColor><NoWrap>true</NoWrap><AlignCenter>true</AlignCenter><Font>1</Font><EQType>163</EQType><AutoStretch>false</AutoStretch><Location><X>-9</X><Y>14</Y></Location><Size><CX>130</CX><CY>12</CY></Size><Style_Tooltip>false</Style_Tooltip></Label><Label item="ETW_HPPercLabel12"><ScreenID>ETW_HPPercLabel12</ScreenID><RelativePosition>true</RelativePosition><Text>%</Text><TextColor><R>255</R><G>255</G><B>255</B></TextColor><NoWrap>true</NoWrap><AlignCenter>true</AlignCenter><Font>1</Font><AutoStretch>false</AutoStretch><Location><X>5</X><Y>14</Y></Location><Size><CX>130</CX><CY>12</CY></Size><Style_Tooltip>false</Style_Tooltip></Label><Button item="ETW_Role12"><ScreenID>ETW_Role12</ScreenID><RelativePosition>true</RelativePosition><Style_Transparent>false</Style_Transparent><Style_Checkbox>false</Style_Checkbox><ButtonDrawTemplate /><DecalSize><CX>16</CX><CY>16</CY></DecalSize><AutoStretch>false</AutoStretch><Location><X>105</X><Y>12</Y></Location><Size><CX>16</CX><CY>16</CY></Size></Button><Label item="ETW_SlotNumber12"><ScreenID>ETW_SlotNumber12</ScreenID><RelativePosition>true</RelativePosition><Text>13</Text><TextColor><R>186</R><G>171</G><B>48</B></TextColor><NoWrap>true</NoWrap><AlignCenter>false</AlignCenter><Font>1</Font><AutoStretch>false</AutoStretch><Location><X>0</X><Y>14</Y></Location><Size><CX>130</CX><CY>12</CY></Size><Style_Tooltip>false</Style_Tooltip></Label><LayoutBox item="ETW_Ext12"><ScreenID>ETW_Ext12</ScreenID><RelativePosition>true</RelativePosition><AutoStretch>false</AutoStretch><Size><CX>127</CX><CY>35</CY></Size><Text /><Style_Transparent>true</Style_Transparent><Style_Tooltip>true</Style_Tooltip><Style_Titlebar>false</Style_Titlebar><Style_Closebox>false</Style_Closebox><Style_Minimizebox>false</Style_Minimizebox><Style_Border>false</Style_Border><Style_Sizable>false</Style_Sizable><AnchorToTop>true</AnchorToTop><AnchorToLeft>true</AnchorToLeft><Pieces>ETW_Gauge12</Pieces><Pieces>ETW_STAGauge12</Pieces><Pieces>ETW_ManaGauge12</Pieces><Pieces>ETW_HPLabel12</Pieces><Pieces>ETW_HPPercLabel12</Pieces><Pieces>ETW_Role12</Pieces><Pieces>ETW_SlotNumber12</Pieces><Pieces>ETW_AggroPct12</Pieces></LayoutBox><Label item="ETW_AggroPct13"><ScreenID>ETW_AggroPct13</ScreenID><RelativePosition>true</RelativePosition><Font>2</Font><Text>78</Text><TextColor><R>255</R><G>255</G><B>255</B></TextColor><EQType>327</EQType><Location><X>104</X><Y>0</Y></Location><Size><CX>24</CX><CY>16</CY></Size></Label><Gauge item="ETW_Gauge13"><ScreenID>ETW_Gauge13</ScreenID><TextColor><R>240</R><G>240</G><B>240</B></TextColor><RelativePosition>true</RelativePosition><FillTint><R>220</R><G>20</G><B>20</B></FillTint><EQType>55</EQType><GaugeDrawTemplate><Fill>btmpkd_GaugeFill</Fill><EndCapLeft>btmpkd_GaugeEndCapLeft</EndCapLeft><EndCapRight>btmpkd_GaugeEndCapRight</EndCapRight><Background>btmpkd_GaugeBackground</Background></GaugeDrawTemplate><GaugeOffsetX>10</GaugeOffsetX><GaugeOffsetY>15</GaugeOffsetY><AutoStretch>false</AutoStretch><Location><X>1</X><Y>0</Y></Location><Size><CX>100</CX><CY>25</CY></Size></Gauge><Gauge item="ETW_ManaGauge13"><ScreenID>ETW_ManaGauge13</ScreenID><TextOffsetY>-50</TextOffsetY><GaugeOffsetY>-2</GaugeOffsetY><RelativePosition>true</RelativePosition><FillTint><R>0</R><G>128</G><B>255</B></FillTint><EQType>75</EQType><GaugeDrawTemplate><Fill>btmpkd_GaugeFill</Fill></GaugeDrawTemplate><AutoStretch>false</AutoStretch><Location><X>15</X><Y>20</Y></Location><Size><CX>82</CX><CY>4</CY></Size></Gauge><Gauge item="ETW_STAGauge13"><ScreenID>ETW_STAGauge13</ScreenID><TextOffsetY>-50</TextOffsetY><GaugeOffsetY>-2</GaugeOffsetY><RelativePosition>true</RelativePosition><FillTint><R>240</R><G>240</G><B>0</B></FillTint><EQType>95</EQType><GaugeDrawTemplate><Fill>btmpkd_GaugeFill</Fill></GaugeDrawTemplate><AutoStretch>false</AutoStretch><Location><X>15</X><Y>20</Y></Location><Size><CX>82</CX><CY>4</CY></Size></Gauge><Label item="ETW_HPLabel13"><ScreenID>ETW_HPLabel13</ScreenID><RelativePosition>true</RelativePosition><Text>100</Text><TextColor><R>255</R><G>255</G><B>255</B></TextColor><NoWrap>true</NoWrap><AlignCenter>true</AlignCenter><Font>1</Font><EQType>164</EQType><AutoStretch>false</AutoStretch><Location><X>-9</X><Y>14</Y></Location><Size><CX>130</CX><CY>12</CY></Size><Style_Tooltip>false</Style_Tooltip></Label><Label item="ETW_HPPercLabel13"><ScreenID>ETW_HPPercLabel13</ScreenID><RelativePosition>true</RelativePosition><Text>%</Text><TextColor><R>255</R><G>255</G><B>255</B></TextColor><NoWrap>true</NoWrap><AlignCenter>true</AlignCenter><Font>2</Font><AutoStretch>false</AutoStretch><Location><X>5</X><Y>12</Y></Location><Size><CX>130</CX><CY>12</CY></Size><Style_Tooltip>false</Style_Tooltip></Label><Button item="ETW_Role13"><ScreenID>ETW_Role13</ScreenID><RelativePosition>true</RelativePosition><Style_Transparent>false</Style_Transparent><Style_Checkbox>false</Style_Checkbox><ButtonDrawTemplate /><DecalSize><CX>16</CX><CY>16</CY></DecalSize><AutoStretch>false</AutoStretch><Location><X>105</X><Y>12</Y></Location><Size><CX>16</CX><CY>16</CY></Size></Button><Label item="ETW_SlotNumber13"><ScreenID>ETW_SlotNumber13</ScreenID><RelativePosition>true</RelativePosition><Text>14</Text><TextColor><R>186</R><G>171</G><B>48</B></TextColor><NoWrap>true</NoWrap><AlignCenter>false</AlignCenter><Font>1</Font><AutoStretch>false</AutoStretch><Location><X>0</X><Y>14</Y></Location><Size><CX>130</CX><CY>12</CY></Size><Style_Tooltip>false</Style_Tooltip></Label><LayoutBox item="ETW_Ext13"><ScreenID>ETW_Ext13</ScreenID><RelativePosition>true</RelativePosition><AutoStretch>false</AutoStretch><Size><CX>127</CX><CY>35</CY></Size><Text /><Style_Transparent>true</Style_Transparent><Style_Tooltip>true</Style_Tooltip><Style_Titlebar>false</Style_Titlebar><Style_Closebox>false</Style_Closebox><Style_Minimizebox>false</Style_Minimizebox><Style_Border>false</Style_Border><Style_Sizable>false</Style_Sizable><AnchorToTop>true</AnchorToTop><AnchorToLeft>true</AnchorToLeft><Pieces>ETW_Gauge13</Pieces><Pieces>ETW_STAGauge13</Pieces><Pieces>ETW_ManaGauge13</Pieces><Pieces>ETW_HPLabel13</Pieces><Pieces>ETW_HPPercLabel13</Pieces><Pieces>ETW_Role13</Pieces><Pieces>ETW_SlotNumber13</Pieces><Pieces>ETW_AggroPct13</Pieces></LayoutBox><!-- next set --><Label item="ETW_AggroPct14"><ScreenID>ETW_AggroPct14</ScreenID><RelativePosition>true</RelativePosition><Font>2</Font><Text>78</Text><TextColor><R>255</R><G>255</G><B>255</B></TextColor><EQType>328</EQType><Location><X>104</X><Y>0</Y></Location><Size><CX>24</CX><CY>16</CY></Size></Label><Gauge item="ETW_Gauge14"><ScreenID>ETW_Gauge14</ScreenID><TextColor><R>240</R><G>240</G><B>240</B></TextColor><RelativePosition>true</RelativePosition><FillTint><R>220</R><G>20</G><B>20</B></FillTint><EQType>56</EQType><GaugeDrawTemplate><Fill>btmpkd_GaugeFill</Fill><EndCapLeft>btmpkd_GaugeEndCapLeft</EndCapLeft><EndCapRight>btmpkd_GaugeEndCapRight</EndCapRight><Background>btmpkd_GaugeBackground</Background></GaugeDrawTemplate><GaugeOffsetX>10</GaugeOffsetX><GaugeOffsetY>15</GaugeOffsetY><AutoStretch>false</AutoStretch><Location><X>1</X><Y>0</Y></Location><Size><CX>100</CX><CY>25</CY></Size></Gauge><Gauge item="ETW_ManaGauge14"><ScreenID>ETW_ManaGauge14</ScreenID><TextOffsetY>-50</TextOffsetY><GaugeOffsetY>-2</GaugeOffsetY><RelativePosition>true</RelativePosition><FillTint><R>0</R><G>128</G><B>255</B></FillTint><EQType>76</EQType><GaugeDrawTemplate><Fill>btmpkd_GaugeFill</Fill></GaugeDrawTemplate><AutoStretch>false</AutoStretch><Location><X>15</X><Y>20</Y></Location><Size><CX>82</CX><CY>4</CY></Size></Gauge><Gauge item="ETW_STAGauge14"><ScreenID>ETW_STAGauge14</ScreenID><TextOffsetY>-50</TextOffsetY><GaugeOffsetY>-2</GaugeOffsetY><RelativePosition>true</RelativePosition><FillTint><R>240</R><G>240</G><B>0</B></FillTint><EQType>96</EQType><GaugeDrawTemplate><Fill>btmpkd_GaugeFill</Fill></GaugeDrawTemplate><AutoStretch>false</AutoStretch><Location><X>15</X><Y>20</Y></Location><Size><CX>82</CX><CY>4</CY></Size></Gauge><Label item="ETW_HPLabel14"><ScreenID>ETW_HPLabel14</ScreenID><RelativePosition>true</RelativePosition><Text>100</Text><TextColor><R>255</R><G>255</G><B>255</B></TextColor><NoWrap>true</NoWrap><AlignCenter>true</AlignCenter><Font>1</Font><EQType>165</EQType><AutoStretch>false</AutoStretch><Location><X>-9</X><Y>14</Y></Location><Size><CX>130</CX><CY>12</CY></Size><Style_Tooltip>false</Style_Tooltip></Label><Label item="ETW_HPPercLabel14"><ScreenID>ETW_HPPercLabel14</ScreenID><RelativePosition>true</RelativePosition><Text>%</Text><TextColor><R>255</R><G>255</G><B>255</B></TextColor><NoWrap>true</NoWrap><AlignCenter>true</AlignCenter><Font>2</Font><AutoStretch>false</AutoStretch><Location><X>5</X><Y>14</Y></Location><Size><CX>130</CX><CY>12</CY></Size><Style_Tooltip>false</Style_Tooltip></Label><Button item="ETW_Role14"><ScreenID>ETW_Role14</ScreenID><RelativePosition>true</RelativePosition><Style_Transparent>false</Style_Transparent><Style_Checkbox>false</Style_Checkbox><ButtonDrawTemplate /><DecalSize><CX>16</CX><CY>16</CY></DecalSize><AutoStretch>false</AutoStretch><Location><X>105</X><Y>12</Y></Location><Size><CX>16</CX><CY>16</CY></Size></Button><Label item="ETW_SlotNumber14"><ScreenID>ETW_SlotNumber14</ScreenID><RelativePosition>true</RelativePosition><Text>15</Text><TextColor><R>186</R><G>171</G><B>48</B></TextColor><NoWrap>true</NoWrap><AlignCenter>false</AlignCenter><Font>1</Font><AutoStretch>false</AutoStretch><Location><X>0</X><Y>14</Y></Location><Size><CX>130</CX><CY>12</CY></Size><Style_Tooltip>false</Style_Tooltip></Label><LayoutBox item="ETW_Ext14"><ScreenID>ETW_Ext14</ScreenID><RelativePosition>true</RelativePosition><AutoStretch>false</AutoStretch><Size><CX>127</CX><CY>35</CY></Size><Text /><Style_Transparent>true</Style_Transparent><Style_Tooltip>true</Style_Tooltip><Style_Titlebar>false</Style_Titlebar><Style_Closebox>false</Style_Closebox><Style_Minimizebox>false</Style_Minimizebox><Style_Border>false</Style_Border><Style_Sizable>false</Style_Sizable><AnchorToTop>true</AnchorToTop><AnchorToLeft>true</AnchorToLeft><Pieces>ETW_Gauge14</Pieces><Pieces>ETW_STAGauge14</Pieces><Pieces>ETW_ManaGauge14</Pieces><Pieces>ETW_HPLabel14</Pieces><Pieces>ETW_HPPercLabel14</Pieces><Pieces>ETW_Role14</Pieces><Pieces>ETW_SlotNumber14</Pieces><Pieces>ETW_AggroPct14</Pieces></LayoutBox><Label item="ETW_AggroPct15"><ScreenID>ETW_AggroPct15</ScreenID><RelativePosition>true</RelativePosition><Font>2</Font><Text>78</Text><TextColor><R>255</R><G>255</G><B>255</B></TextColor><EQType>329</EQType><Location><X>104</X><Y>0</Y></Location><Size><CX>24</CX><CY>16</CY></Size></Label><Gauge item="ETW_Gauge15"><ScreenID>ETW_Gauge15</ScreenID><TextColor><R>240</R><G>240</G><B>240</B></TextColor><RelativePosition>true</RelativePosition><FillTint><R>220</R><G>20</G><B>20</B></FillTint><EQType>57</EQType><GaugeDrawTemplate><Fill>btmpkd_GaugeFill</Fill><EndCapLeft>btmpkd_GaugeEndCapLeft</EndCapLeft><EndCapRight>btmpkd_GaugeEndCapRight</EndCapRight><Background>btmpkd_GaugeBackground</Background></GaugeDrawTemplate><GaugeOffsetX>10</GaugeOffsetX><GaugeOffsetY>15</GaugeOffsetY><AutoStretch>false</AutoStretch><Location><X>1</X><Y>0</Y></Location><Size><CX>100</CX><CY>25</CY></Size></Gauge><Gauge item="ETW_ManaGauge15"><ScreenID>ETW_ManaGauge15</ScreenID><TextOffsetY>-50</TextOffsetY><GaugeOffsetY>-2</GaugeOffsetY><RelativePosition>true</RelativePosition><FillTint><R>0</R><G>128</G><B>255</B></FillTint><EQType>77</EQType><GaugeDrawTemplate><Fill>btmpkd_GaugeFill</Fill></GaugeDrawTemplate><AutoStretch>false</AutoStretch><Location><X>15</X><Y>20</Y></Location><Size><CX>82</CX><CY>4</CY></Size></Gauge><Gauge item="ETW_STAGauge15"><ScreenID>ETW_STAGauge15</ScreenID><TextOffsetY>-50</TextOffsetY><GaugeOffsetY>-2</GaugeOffsetY><RelativePosition>true</RelativePosition><FillTint><R>240</R><G>240</G><B>0</B></FillTint><EQType>97</EQType><GaugeDrawTemplate><Fill>btmpkd_GaugeFill</Fill></GaugeDrawTemplate><AutoStretch>false</AutoStretch><Location><X>15</X><Y>20</Y></Location><Size><CX>82</CX><CY>4</CY></Size></Gauge><Label item="ETW_HPLabel15"><ScreenID>ETW_HPLabel15</ScreenID><RelativePosition>true</RelativePosition><Text>100</Text><TextColor><R>255</R><G>255</G><B>255</B></TextColor><NoWrap>true</NoWrap><AlignCenter>true</AlignCenter><Font>1</Font><EQType>166</EQType><AutoStretch>false</AutoStretch><Location><X>-9</X><Y>14</Y></Location><Size><CX>130</CX><CY>12</CY></Size><Style_Tooltip>false</Style_Tooltip></Label><Label item="ETW_HPPercLabel15"><ScreenID>ETW_HPPercLabel15</ScreenID><RelativePosition>true</RelativePosition><Text>%</Text><TextColor><R>255</R><G>255</G><B>255</B></TextColor><NoWrap>true</NoWrap><AlignCenter>true</AlignCenter><Font>1</Font><AutoStretch>false</AutoStretch><Location><X>5</X><Y>14</Y></Location><Size><CX>130</CX><CY>12</CY></Size><Style_Tooltip>false</Style_Tooltip></Label><Button item="ETW_Role15"><ScreenID>ETW_Role15</ScreenID><RelativePosition>true</RelativePosition><Style_Transparent>false</Style_Transparent><Style_Checkbox>false</Style_Checkbox><ButtonDrawTemplate /><DecalSize><CX>16</CX><CY>16</CY></DecalSize><AutoStretch>false</AutoStretch><Location><X>105</X><Y>12</Y></Location><Size><CX>16</CX><CY>16</CY></Size></Button><Label item="ETW_SlotNumber15"><ScreenID>ETW_SlotNumber15</ScreenID><RelativePosition>true</RelativePosition><Text>16</Text><TextColor><R>186</R><G>171</G><B>48</B></TextColor><NoWrap>true</NoWrap><AlignCenter>false</AlignCenter><Font>1</Font><AutoStretch>false</AutoStretch><Location><X>0</X><Y>14</Y></Location><Size><CX>130</CX><CY>12</CY></Size><Style_Tooltip>false</Style_Tooltip></Label><LayoutBox item="ETW_Ext15"><ScreenID>ETW_Ext15</ScreenID><RelativePosition>true</RelativePosition><AutoStretch>false</AutoStretch><Size><CX>127</CX><CY>35</CY></Size><Text /><Style_Transparent>true</Style_Transparent><Style_Tooltip>true</Style_Tooltip><Style_Titlebar>false</Style_Titlebar><Style_Closebox>false</Style_Closebox><Style_Minimizebox>false</Style_Minimizebox><Style_Border>false</Style_Border><Style_Sizable>false</Style_Sizable><AnchorToTop>true</AnchorToTop><AnchorToLeft>true</AnchorToLeft><Pieces>ETW_Gauge15</Pieces><Pieces>ETW_STAGauge15</Pieces><Pieces>ETW_ManaGauge15</Pieces><Pieces>ETW_HPLabel15</Pieces><Pieces>ETW_HPPercLabel15</Pieces><Pieces>ETW_Role15</Pieces><Pieces>ETW_SlotNumber15</Pieces><Pieces>ETW_AggroPct15</Pieces></LayoutBox><Label item="ETW_AggroPct16"><ScreenID>ETW_AggroPct16</ScreenID><RelativePosition>true</RelativePosition><Font>2</Font><Text>78</Text><TextColor><R>255</R><G>255</G><B>255</B></TextColor><EQType>330</EQType><Location><X>104</X><Y>0</Y></Location><Size><CX>24</CX><CY>16</CY></Size></Label><Gauge item="ETW_Gauge16"><ScreenID>ETW_Gauge16</ScreenID><TextColor><R>240</R><G>240</G><B>240</B></TextColor><RelativePosition>true</RelativePosition><FillTint><R>220</R><G>20</G><B>20</B></FillTint><EQType>58</EQType><GaugeDrawTemplate><Fill>btmpkd_GaugeFill</Fill><EndCapLeft>btmpkd_GaugeEndCapLeft</EndCapLeft><EndCapRight>btmpkd_GaugeEndCapRight</EndCapRight><Background>btmpkd_GaugeBackground</Background></GaugeDrawTemplate><GaugeOffsetX>10</GaugeOffsetX><GaugeOffsetY>15</GaugeOffsetY><AutoStretch>false</AutoStretch><Location><X>1</X><Y>0</Y></Location><Size><CX>100</CX><CY>25</CY></Size></Gauge><Gauge item="ETW_ManaGauge16"><ScreenID>ETW_ManaGauge16</ScreenID><TextOffsetY>-50</TextOffsetY><GaugeOffsetY>-2</GaugeOffsetY><RelativePosition>true</RelativePosition><FillTint><R>0</R><G>128</G><B>255</B></FillTint><EQType>78</EQType><GaugeDrawTemplate><Fill>btmpkd_GaugeFill</Fill></GaugeDrawTemplate><AutoStretch>false</AutoStretch><Location><X>15</X><Y>20</Y></Location><Size><CX>82</CX><CY>4</CY></Size></Gauge><Gauge item="ETW_STAGauge16"><ScreenID>ETW_STAGauge16</ScreenID><TextOffsetY>-50</TextOffsetY><GaugeOffsetY>-2</GaugeOffsetY><RelativePosition>true</RelativePosition><FillTint><R>240</R><G>240</G><B>0</B></FillTint><EQType>98</EQType><GaugeDrawTemplate><Fill>btmpkd_GaugeFill</Fill></GaugeDrawTemplate><AutoStretch>false</AutoStretch><Location><X>15</X><Y>20</Y></Location><Size><CX>82</CX><CY>4</CY></Size></Gauge><Label item="ETW_HPLabel16"><ScreenID>ETW_HPLabel16</ScreenID><RelativePosition>true</RelativePosition><Text>100</Text><TextColor><R>255</R><G>255</G><B>255</B></TextColor><NoWrap>true</NoWrap><AlignCenter>true</AlignCenter><Font>1</Font><EQType>167</EQType><AutoStretch>false</AutoStretch><Location><X>-9</X><Y>14</Y></Location><Size><CX>130</CX><CY>12</CY></Size><Style_Tooltip>false</Style_Tooltip></Label><Label item="ETW_HPPercLabel16"><ScreenID>ETW_HPPercLabel16</ScreenID><RelativePosition>true</RelativePosition><Text>%</Text><TextColor><R>255</R><G>255</G><B>255</B></TextColor><NoWrap>true</NoWrap><AlignCenter>true</AlignCenter><Font>1</Font><AutoStretch>false</AutoStretch><Location><X>5</X><Y>14</Y></Location><Size><CX>130</CX><CY>12</CY></Size><Style_Tooltip>false</Style_Tooltip></Label><Button item="ETW_Role16"><ScreenID>ETW_Role16</ScreenID><RelativePosition>true</RelativePosition><Style_Transparent>false</Style_Transparent><Style_Checkbox>false</Style_Checkbox><ButtonDrawTemplate /><DecalSize><CX>16</CX><CY>16</CY></DecalSize><AutoStretch>false</AutoStretch><Location><X>105</X><Y>12</Y></Location><Size><CX>16</CX><CY>16</CY></Size></Button><Label item="ETW_SlotNumber16"><ScreenID>ETW_SlotNumber16</ScreenID><RelativePosition>true</RelativePosition><Text>17</Text><TextColor><R>186</R><G>171</G><B>48</B></TextColor><NoWrap>true</NoWrap><AlignCenter>false</AlignCenter><Font>1</Font><AutoStretch>false</AutoStretch><Location><X>0</X><Y>14</Y></Location><Size><CX>130</CX><CY>12</CY></Size><Style_Tooltip>false</Style_Tooltip></Label><LayoutBox item="ETW_Ext16"><ScreenID>ETW_Ext16</ScreenID><RelativePosition>true</RelativePosition><AutoStretch>false</AutoStretch><Size><CX>127</CX><CY>35</CY></Size><Text /><Style_Transparent>true</Style_Transparent><Style_Tooltip>true</Style_Tooltip><Style_Titlebar>false</Style_Titlebar><Style_Closebox>false</Style_Closebox><Style_Minimizebox>false</Style_Minimizebox><Style_Border>false</Style_Border><Style_Sizable>false</Style_Sizable><AnchorToTop>true</AnchorToTop><AnchorToLeft>true</AnchorToLeft><Pieces>ETW_Gauge16</Pieces><Pieces>ETW_STAGauge16</Pieces><Pieces>ETW_ManaGauge16</Pieces><Pieces>ETW_HPLabel16</Pieces><Pieces>ETW_HPPercLabel16</Pieces><Pieces>ETW_Role16</Pieces><Pieces>ETW_SlotNumber16</Pieces><Pieces>ETW_AggroPct16</Pieces></LayoutBox><Label item="ETW_AggroPct17"><ScreenID>ETW_AggroPct17</ScreenID><RelativePosition>true</RelativePosition><Font>2</Font><Text>78</Text><TextColor><R>255</R><G>255</G><B>255</B></TextColor><EQType>331</EQType><Location><X>104</X><Y>0</Y></Location><Size><CX>24</CX><CY>16</CY></Size></Label><Gauge item="ETW_Gauge17"><ScreenID>ETW_Gauge17</ScreenID><TextColor><R>240</R><G>240</G><B>240</B></TextColor><RelativePosition>true</RelativePosition><FillTint><R>220</R><G>20</G><B>20</B></FillTint><EQType>59</EQType><GaugeDrawTemplate><Fill>btmpkd_GaugeFill</Fill><EndCapLeft>btmpkd_GaugeEndCapLeft</EndCapLeft><EndCapRight>btmpkd_GaugeEndCapRight</EndCapRight><Background>btmpkd_GaugeBackground</Background></GaugeDrawTemplate><GaugeOffsetX>10</GaugeOffsetX><GaugeOffsetY>15</GaugeOffsetY><AutoStretch>false</AutoStretch><Location><X>1</X><Y>0</Y></Location><Size><CX>100</CX><CY>25</CY></Size></Gauge><Gauge item="ETW_ManaGauge17"><ScreenID>ETW_ManaGauge17</ScreenID><TextOffsetY>-50</TextOffsetY><GaugeOffsetY>-2</GaugeOffsetY><RelativePosition>true</RelativePosition><FillTint><R>0</R><G>128</G><B>255</B></FillTint><EQType>79</EQType><GaugeDrawTemplate><Fill>btmpkd_GaugeFill</Fill></GaugeDrawTemplate><AutoStretch>false</AutoStretch><Location><X>15</X><Y>20</Y></Location><Size><CX>82</CX><CY>4</CY></Size></Gauge><Gauge item="ETW_STAGauge17"><ScreenID>ETW_STAGauge17</ScreenID><TextOffsetY>-50</TextOffsetY><GaugeOffsetY>-2</GaugeOffsetY><RelativePosition>true</RelativePosition><FillTint><R>240</R><G>240</G><B>0</B></FillTint><EQType>99</EQType><GaugeDrawTemplate><Fill>btmpkd_GaugeFill</Fill></GaugeDrawTemplate><AutoStretch>false</AutoStretch><Location><X>15</X><Y>20</Y></Location><Size><CX>82</CX><CY>4</CY></Size></Gauge><Label item="ETW_HPLabel17"><ScreenID>ETW_HPLabel17</ScreenID><RelativePosition>true</RelativePosition><Text>100</Text><TextColor><R>255</R><G>255</G><B>255</B></TextColor><NoWrap>true</NoWrap><AlignCenter>true</AlignCenter><Font>1</Font><EQType>168</EQType><AutoStretch>false</AutoStretch><Location><X>-9</X><Y>14</Y></Location><Size><CX>130</CX><CY>12</CY></Size><Style_Tooltip>false</Style_Tooltip></Label><Label item="ETW_HPPercLabel17"><ScreenID>ETW_HPPercLabel17</ScreenID><RelativePosition>true</RelativePosition><Text>%</Text><TextColor><R>255</R><G>255</G><B>255</B></TextColor><NoWrap>true</NoWrap><AlignCenter>true</AlignCenter><Font>1</Font><AutoStretch>false</AutoStretch><Location><X>5</X><Y>14</Y></Location><Size><CX>130</CX><CY>12</CY></Size><Style_Tooltip>false</Style_Tooltip></Label><Button item="ETW_Role17"><ScreenID>ETW_Role17</ScreenID><RelativePosition>true</RelativePosition><Style_Transparent>false</Style_Transparent><Style_Checkbox>false</Style_Checkbox><ButtonDrawTemplate /><DecalSize><CX>16</CX><CY>16</CY></DecalSize><AutoStretch>false</AutoStretch><Location><X>105</X><Y>12</Y></Location><Size><CX>16</CX><CY>16</CY></Size></Button><Label item="ETW_SlotNumber17"><ScreenID>ETW_SlotNumber17</ScreenID><RelativePosition>true</RelativePosition><Text>18</Text><TextColor><R>186</R><G>171</G><B>48</B></TextColor><NoWrap>true</NoWrap><AlignCenter>false</AlignCenter><Font>1</Font><AutoStretch>false</AutoStretch><Location><X>0</X><Y>14</Y></Location><Size><CX>130</CX><CY>12</CY></Size><Style_Tooltip>false</Style_Tooltip></Label><LayoutBox item="ETW_Ext17"><ScreenID>ETW_Ext17</ScreenID><RelativePosition>true</RelativePosition><AutoStretch>false</AutoStretch><Size><CX>127</CX><CY>35</CY></Size><Text /><Style_Transparent>true</Style_Transparent><Style_Tooltip>true</Style_Tooltip><Style_Titlebar>false</Style_Titlebar><Style_Closebox>false</Style_Closebox><Style_Minimizebox>false</Style_Minimizebox><Style_Border>false</Style_Border><Style_Sizable>false</Style_Sizable><AnchorToTop>true</AnchorToTop><AnchorToLeft>true</AnchorToLeft><Pieces>ETW_Gauge17</Pieces><Pieces>ETW_STAGauge17</Pieces><Pieces>ETW_ManaGauge17</Pieces><Pieces>ETW_HPLabel17</Pieces><Pieces>ETW_HPPercLabel17</Pieces><Pieces>ETW_Role17</Pieces><Pieces>ETW_SlotNumber17</Pieces><Pieces>ETW_AggroPct17</Pieces></LayoutBox><Label item="ETW_AggroPct18"><ScreenID>ETW_AggroPct18</ScreenID><RelativePosition>true</RelativePosition><Font>2</Font><Text>78</Text><TextColor><R>255</R><G>255</G><B>255</B></TextColor><EQType>332</EQType><Location><X>104</X><Y>0</Y></Location><Size><CX>24</CX><CY>16</CY></Size></Label><Gauge item="ETW_Gauge18"><ScreenID>ETW_Gauge18</ScreenID><TextColor><R>240</R><G>240</G><B>240</B></TextColor><RelativePosition>true</RelativePosition><FillTint><R>220</R><G>20</G><B>20</B></FillTint><EQType>60</EQType><GaugeDrawTemplate><Fill>btmpkd_GaugeFill</Fill><EndCapLeft>btmpkd_GaugeEndCapLeft</EndCapLeft><EndCapRight>btmpkd_GaugeEndCapRight</EndCapRight><Background>btmpkd_GaugeBackground</Background></GaugeDrawTemplate><GaugeOffsetX>10</GaugeOffsetX><GaugeOffsetY>15</GaugeOffsetY><AutoStretch>false</AutoStretch><Location><X>1</X><Y>0</Y></Location><Size><CX>100</CX><CY>25</CY></Size></Gauge><Gauge item="ETW_ManaGauge18"><ScreenID>ETW_ManaGauge18</ScreenID><TextOffsetY>-50</TextOffsetY><GaugeOffsetY>-2</GaugeOffsetY><RelativePosition>true</RelativePosition><FillTint><R>0</R><G>128</G><B>255</B></FillTint><EQType>80</EQType><GaugeDrawTemplate><Fill>btmpkd_GaugeFill</Fill></GaugeDrawTemplate><AutoStretch>false</AutoStretch><Location><X>15</X><Y>20</Y></Location><Size><CX>82</CX><CY>4</CY></Size></Gauge><Gauge item="ETW_STAGauge18"><ScreenID>ETW_STAGauge18</ScreenID><TextOffsetY>-50</TextOffsetY><GaugeOffsetY>-2</GaugeOffsetY><RelativePosition>true</RelativePosition><FillTint><R>240</R><G>240</G><B>0</B></FillTint><EQType>100</EQType><GaugeDrawTemplate><Fill>btmpkd_GaugeFill</Fill></GaugeDrawTemplate><AutoStretch>false</AutoStretch><Location><X>15</X><Y>20</Y></Location><Size><CX>82</CX><CY>4</CY></Size></Gauge><Label item="ETW_HPLabel18"><ScreenID>ETW_HPLabel18</ScreenID><RelativePosition>true</RelativePosition><Text>100</Text><TextColor><R>255</R><G>255</G><B>255</B></TextColor><NoWrap>true</NoWrap><AlignCenter>true</AlignCenter><Font>2</Font><EQType>169</EQType><AutoStretch>false</AutoStretch><Location><X>-9</X><Y>14</Y></Location><Size><CX>130</CX><CY>12</CY></Size><Style_Tooltip>false</Style_Tooltip></Label><Label item="ETW_HPPercLabel18"><ScreenID>ETW_HPPercLabel18</ScreenID><RelativePosition>true</RelativePosition><Text>%</Text><TextColor><R>255</R><G>255</G><B>255</B></TextColor><NoWrap>true</NoWrap><AlignCenter>true</AlignCenter><Font>2</Font><AutoStretch>false</AutoStretch><Location><X>5</X><Y>14</Y></Location><Size><CX>130</CX><CY>12</CY></Size><Style_Tooltip>false</Style_Tooltip></Label><Button item="ETW_Role18"><ScreenID>ETW_Role18</ScreenID><RelativePosition>true</RelativePosition><Style_Transparent>false</Style_Transparent><Style_Checkbox>false</Style_Checkbox><ButtonDrawTemplate /><DecalSize><CX>16</CX><CY>16</CY></DecalSize><AutoStretch>false</AutoStretch><Location><X>105</X><Y>12</Y></Location><Size><CX>16</CX><CY>16</CY></Size></Button><Label item="ETW_SlotNumber18"><ScreenID>ETW_SlotNumber18</ScreenID><RelativePosition>true</RelativePosition><Text>19</Text><TextColor><R>186</R><G>171</G><B>48</B></TextColor><NoWrap>true</NoWrap><AlignCenter>false</AlignCenter><Font>1</Font><AutoStretch>false</AutoStretch><Location><X>0</X><Y>14</Y></Location><Size><CX>130</CX><CY>12</CY></Size><Style_Tooltip>false</Style_Tooltip></Label><LayoutBox item="ETW_Ext18"><ScreenID>ETW_Ext18</ScreenID><RelativePosition>true</RelativePosition><AutoStretch>false</AutoStretch><Size><CX>127</CX><CY>35</CY></Size><Text /><Style_Transparent>true</Style_Transparent><Style_Tooltip>true</Style_Tooltip><Style_Titlebar>false</Style_Titlebar><Style_Closebox>false</Style_Closebox><Style_Minimizebox>false</Style_Minimizebox><Style_Border>false</Style_Border><Style_Sizable>false</Style_Sizable><AnchorToTop>true</AnchorToTop><AnchorToLeft>true</AnchorToLeft><Pieces>ETW_Gauge18</Pieces><Pieces>ETW_STAGauge18</Pieces><Pieces>ETW_ManaGauge18</Pieces><Pieces>ETW_HPLabel18</Pieces><Pieces>ETW_HPPercLabel18</Pieces><Pieces>ETW_Role18</Pieces><Pieces>ETW_SlotNumber18</Pieces><Pieces>ETW_AggroPct18</Pieces></LayoutBox><Label item="ETW_AggroPct19"><ScreenID>ETW_AggroPct19</ScreenID><RelativePosition>true</RelativePosition><Font>2</Font><Text>78</Text><TextColor><R>255</R><G>255</G><B>255</B></TextColor><EQType>333</EQType><Location><X>104</X><Y>0</Y></Location><Size><CX>24</CX><CY>16</CY></Size></Label><Gauge item="ETW_Gauge19"><ScreenID>ETW_Gauge19</ScreenID><TextColor><R>240</R><G>240</G><B>240</B></TextColor><RelativePosition>true</RelativePosition><FillTint><R>220</R><G>20</G><B>20</B></FillTint><EQType>61</EQType><GaugeDrawTemplate><Fill>btmpkd_GaugeFill</Fill><EndCapLeft>btmpkd_GaugeEndCapLeft</EndCapLeft><EndCapRight>btmpkd_GaugeEndCapRight</EndCapRight><Background>btmpkd_GaugeBackground</Background></GaugeDrawTemplate><GaugeOffsetX>10</GaugeOffsetX><GaugeOffsetY>15</GaugeOffsetY><AutoStretch>false</AutoStretch><Location><X>1</X><Y>0</Y></Location><Size><CX>100</CX><CY>25</CY></Size></Gauge><Gauge item="ETW_ManaGauge19"><ScreenID>ETW_ManaGauge19</ScreenID><TextOffsetY>-50</TextOffsetY><GaugeOffsetY>-2</GaugeOffsetY><RelativePosition>true</RelativePosition><FillTint><R>0</R><G>128</G><B>255</B></FillTint><EQType>81</EQType><GaugeDrawTemplate><Fill>btmpkd_GaugeFill</Fill></GaugeDrawTemplate><AutoStretch>false</AutoStretch><Location><X>15</X><Y>20</Y></Location><Size><CX>82</CX><CY>4</CY></Size></Gauge><Gauge item="ETW_STAGauge19"><ScreenID>ETW_STAGauge19</ScreenID><TextOffsetY>-50</TextOffsetY><GaugeOffsetY>-2</GaugeOffsetY><RelativePosition>true</RelativePosition><FillTint><R>240</R><G>240</G><B>0</B></FillTint><EQType>101</EQType><GaugeDrawTemplate><Fill>btmpkd_GaugeFill</Fill></GaugeDrawTemplate><AutoStretch>false</AutoStretch><Location><X>15</X><Y>20</Y></Location><Size><CX>82</CX><CY>4</CY></Size></Gauge><Label item="ETW_HPLabel19"><ScreenID>ETW_HPLabel19</ScreenID><RelativePosition>true</RelativePosition><Text>100</Text><TextColor><R>255</R><G>255</G><B>255</B></TextColor><NoWrap>true</NoWrap><AlignCenter>true</AlignCenter><Font>1</Font><EQType>170</EQType><AutoStretch>false</AutoStretch><Location><X>-9</X><Y>14</Y></Location><Size><CX>130</CX><CY>12</CY></Size><Style_Tooltip>false</Style_Tooltip></Label><Label item="ETW_HPPercLabel19"><ScreenID>ETW_HPPercLabel19</ScreenID><RelativePosition>true</RelativePosition><Text>%</Text><TextColor><R>255</R><G>255</G><B>255</B></TextColor><NoWrap>true</NoWrap><AlignCenter>true</AlignCenter><Font>1</Font><AutoStretch>false</AutoStretch><Location><X>5</X><Y>14</Y></Location><Size><CX>130</CX><CY>12</CY></Size><Style_Tooltip>false</Style_Tooltip></Label><Button item="ETW_Role19"><ScreenID>ETW_Role19</ScreenID><RelativePosition>true</RelativePosition><Style_Transparent>false</Style_Transparent><Style_Checkbox>false</Style_Checkbox><ButtonDrawTemplate /><DecalSize><CX>16</CX><CY>16</CY></DecalSize><AutoStretch>false</AutoStretch><Location><X>105</X><Y>12</Y></Location><Size><CX>16</CX><CY>16</CY></Size></Button><Label item="ETW_SlotNumber19"><ScreenID>ETW_SlotNumber19</ScreenID><RelativePosition>true</RelativePosition><Text>20</Text><TextColor><R>186</R><G>171</G><B>48</B></TextColor><NoWrap>true</NoWrap><AlignCenter>false</AlignCenter><Font>1</Font><AutoStretch>false</AutoStretch><Location><X>0</X><Y>14</Y></Location><Size><CX>130</CX><CY>12</CY></Size><Style_Tooltip>false</Style_Tooltip></Label><LayoutBox item="ETW_Ext19"><ScreenID>ETW_Ext19</ScreenID><RelativePosition>true</RelativePosition><AutoStretch>false</AutoStretch><Size><CX>127</CX><CY>35</CY></Size><Text /><Style_Transparent>true</Style_Transparent><Style_Tooltip>true</Style_Tooltip><Style_Titlebar>false</Style_Titlebar><Style_Closebox>false</Style_Closebox><Style_Minimizebox>false</Style_Minimizebox><Style_Border>false</Style_Border><Style_Sizable>false</Style_Sizable><AnchorToTop>true</AnchorToTop><AnchorToLeft>true</AnchorToLeft><Pieces>ETW_Gauge19</Pieces><Pieces>ETW_STAGauge19</Pieces><Pieces>ETW_ManaGauge19</Pieces><Pieces>ETW_HPLabel19</Pieces><Pieces>ETW_HPPercLabel19</Pieces><Pieces>ETW_Role19</Pieces><Pieces>ETW_SlotNumber19</Pieces><Pieces>ETW_AggroPct19</Pieces></LayoutBox><TileLayoutBox item="ETW_Targets"><ScreenID>ETW_Targets</ScreenID><RelativePosition>true</RelativePosition><AutoStretch>true</AutoStretch><TopAnchorOffset>1</TopAnchorOffset><BottomAnchorOffset>1</BottomAnchorOffset><LeftAnchorOffset>1</LeftAnchorOffset><RightAnchorOffset>1</RightAnchorOffset><TopAnchorToTop>true</TopAnchorToTop><BottomAnchorToTop>true</BottomAnchorToTop><LeftAnchorToLeft>true</LeftAnchorToLeft><RightAnchorToLeft>false</RightAnchorToLeft><Style_Transparent>true</Style_Transparent><Spacing>1</Spacing><SecondarySpacing>1</SecondarySpacing><HorizontalFirst>true</HorizontalFirst><AnchorToTop>true</AnchorToTop><AnchorToLeft>true</AnchorToLeft><FirstPieceTemplate>true</FirstPieceTemplate><SnapToChildren>true</SnapToChildren><Pieces>LayoutBox:ETW_Ext0</Pieces><Pieces>LayoutBox:ETW_Ext1</Pieces><Pieces>LayoutBox:ETW_Ext2</Pieces><Pieces>LayoutBox:ETW_Ext3</Pieces><Pieces>LayoutBox:ETW_Ext4</Pieces><Pieces>LayoutBox:ETW_Ext5</Pieces><Pieces>LayoutBox:ETW_Ext6</Pieces><Pieces>LayoutBox:ETW_Ext7</Pieces><Pieces>LayoutBox:ETW_Ext8</Pieces><Pieces>LayoutBox:ETW_Ext9</Pieces><Pieces>LayoutBox:ETW_Ext10</Pieces><Pieces>LayoutBox:ETW_Ext11</Pieces><Pieces>LayoutBox:ETW_Ext12</Pieces><Pieces>LayoutBox:ETW_Ext13</Pieces><Pieces>LayoutBox:ETW_Ext14</Pieces><Pieces>LayoutBox:ETW_Ext15</Pieces><Pieces>LayoutBox:ETW_Ext16</Pieces><Pieces>LayoutBox:ETW_Ext17</Pieces><Pieces>LayoutBox:ETW_Ext18</Pieces><Pieces>LayoutBox:ETW_Ext19</Pieces></TileLayoutBox><LayoutVertical item="ETW_LayoutV"><ResizeVertical>true</ResizeVertical><ResizeHorizontal>true</ResizeHorizontal></LayoutVertical><Screen item="ETW_HorizontalBarTemplate"><ScreenID>ETW_HorizontalBarTemplate</ScreenID><RelativePosition>true</RelativePosition><AutoStretch>true</AutoStretch><TopAnchorOffset>4</TopAnchorOffset><BottomAnchorOffset>0</BottomAnchorOffset><LeftAnchorOffset>4</LeftAnchorOffset><RightAnchorOffset>15</RightAnchorOffset><TopAnchorToTop>true</TopAnchorToTop><BottomAnchorToTop>false</BottomAnchorToTop><LeftAnchorToLeft>true</LeftAnchorToLeft><RightAnchorToLeft>false</RightAnchorToLeft></Screen><Screen item="ETW_VerticalBarTemplate"><ScreenID>ETW_VerticalBarTemplate</ScreenID><RelativePosition>true</RelativePosition><AutoStretch>true</AutoStretch><TopAnchorOffset>4</TopAnchorOffset><BottomAnchorOffset>0</BottomAnchorOffset><LeftAnchorOffset>4</LeftAnchorOffset><RightAnchorOffset>4</RightAnchorOffset><TopAnchorToTop>true</TopAnchorToTop><BottomAnchorToTop>false</BottomAnchorToTop><LeftAnchorToLeft>true</LeftAnchorToLeft><RightAnchorToLeft>false</RightAnchorToLeft></Screen><Screen item="ETW_NoSpinnerBarTemplate"><ScreenID>ETW_NoSpinnerBarTemplate</ScreenID><RelativePosition>true</RelativePosition><AutoStretch>true</AutoStretch><TopAnchorOffset>4</TopAnchorOffset><BottomAnchorOffset>4</BottomAnchorOffset><LeftAnchorOffset>4</LeftAnchorOffset><RightAnchorOffset>4</RightAnchorOffset><TopAnchorToTop>true</TopAnchorToTop><BottomAnchorToTop>false</BottomAnchorToTop><LeftAnchorToLeft>true</LeftAnchorToLeft><RightAnchorToLeft>false</RightAnchorToLeft><!--            <UseInLayoutVertical>false</UseInLayoutVertical>
               <UseInLayoutHorizontal>false</UseInLayoutHorizontal> --></Screen><Screen item="ExtendedTargetWnd"><!--<ScreenID/>--><Layout>ETW_LayoutV</Layout><RelativePosition>false</RelativePosition><Location><X>134</X><Y>134</Y></Location><Size><CX>645</CX><CY>35</CY></Size><Text /><Style_Transparent>true</Style_Transparent><TooltipReference /><Style_Titlebar>false</Style_Titlebar><Style_Closebox>true</Style_Closebox><Style_Minimizebox>true</Style_Minimizebox><Style_Border>false</Style_Border><Style_Sizable>true</Style_Sizable><DrawTemplate>WDT_RoundedNoTitle</DrawTemplate><Style_ClientMovable>true</Style_ClientMovable><Pieces>TileLayoutBox:ETW_Targets</Pieces><!--            <Pieces>Screen:ETW_HorizontalBarTemplate</Pieces>
               <Pieces>Screen:ETW_VerticalBarTemplate</Pieces>
               <Pieces>Screen:ETW_NoSpinnerBarTemplate</Pieces> --></Screen></XML>