<?xml version="1.0" encoding="us-ascii"?>
<XML ID="EQInterfaceDefinitionLanguage">
  <Schema xmlns="EverQuestData" xmlns:dt="EverQuestDataTypes" />
  <Gauge item="Target_HP">
    <ScreenID>TargetHP</ScreenID>
    <Font>4</Font>
    <TextColor>
      <R>240</R>
      <G>240</G>
      <B>240</B>
    </TextColor>
    <Size>
      <CX>200</CX>
      <CY>20</CY>
    </Size>
    <RelativePosition>true</RelativePosition>
    <GaugeOffsetY>0</GaugeOffsetY>
    <TextOffsetX>-200</TextOffsetX>
    <TextOffsetY>1</TextOffsetY>
    <Style_VScroll>false</Style_VScroll>
    <Style_HScroll>false</Style_HScroll>
    <Style_Transparent>false</Style_Transparent>
    <TooltipReference />
    <FillTint>
      <R>120</R>
      <G>26</G>
      <B>36</B>
    </FillTint>
    <DrawLinesFill>false</DrawLinesFill>
    <EQType>6</EQType>
    <GaugeDrawTemplate>
      <Background>btmpkd_GaugeBackground</Background>
      <Fill>btmpkd_GaugeFill</Fill>
      <!--<Lines>btmpkd_GaugeLines</Lines>
      <LinesFill>btmpkd_GaugeLinesFill</LinesFill>-->
      <EndCapLeft>btmpkd_GaugeEndCapLeft</EndCapLeft>
      <EndCapRight>btmpkd_GaugeEndCapRight</EndCapRight>
    </GaugeDrawTemplate>
    <TopAnchorOffset>0</TopAnchorOffset>
    <BottomAnchorOffset>35</BottomAnchorOffset>
    <LeftAnchorOffset>0</LeftAnchorOffset>
    <RightAnchorOffset>0</RightAnchorOffset>
    <RightAnchorToLeft>false</RightAnchorToLeft>
    <Location>
      <X>0</X>
      <Y>0</Y>
    </Location>
  </Gauge>
  <StaticAnimation item = "TargetBarBG1">
	<ScreenID>TargetBGGradient1</ScreenID>
	<Location>
      <X>0</X>
      <Y>0</Y>
    </Location>
	<Size>
      <CX>200</CX>
      <CY>20</CY>
    </Size>
	<Animation>TargetBGGradient</Animation>
  </StaticAnimation>
  <Label item="Target_Name">
    <ScreenID>HPLabel</ScreenID>
    <EQType>28</EQType>
    <RelativePosition>true</RelativePosition>
    <Font>2</Font>
    <Text>a target name</Text>
    <TextColor>
      <R>255</R>
      <G>255</G>
      <B>255</B>
    </TextColor>
    <NoWrap>true</NoWrap>
    <AlignCenter>False</AlignCenter>
    <TopAnchorOffset>0</TopAnchorOffset>
    <BottomAnchorOffset>0</BottomAnchorOffset>
    <LeftAnchorOffset>0</LeftAnchorOffset>
    <RightAnchorToLeft>false</RightAnchorToLeft>
    <Size>
      <CX>140</CX>
      <CY>16</CY>
    </Size>
    <Location>
      <X>56</X>
      <Y>3</Y>
    </Location>
    <AlignRight>True</AlignRight>
  </Label>
  <Label item="Target_NameShadow">
    <ScreenID>HPLabel</ScreenID>
    <EQType>28</EQType>
    <RelativePosition>true</RelativePosition>
    <Font>2</Font>
    <Text>a target name</Text>
    <TextColor>
      <R>0</R>
      <G>0</G>
      <B>0</B>
      <Alpha>255</Alpha>
    </TextColor>
    <NoWrap>true</NoWrap>
    <AlignCenter>False</AlignCenter>
    <TopAnchorOffset>0</TopAnchorOffset>
    <BottomAnchorOffset>0</BottomAnchorOffset>
    <LeftAnchorOffset>0</LeftAnchorOffset>
    <RightAnchorToLeft>false</RightAnchorToLeft>
    <Size>
      <CX>140</CX>
      <CY>16</CY>
    </Size>
    <Location>
      <X>56</X>
      <Y>4</Y>
    </Location>
    <AlignRight>True</AlignRight>
  </Label>
  <Label item="ToT_Name">
    <ScreenID>HPLabel</ScreenID>
    <EQType>135</EQType>
    <RelativePosition>true</RelativePosition>
    <Font>2</Font>
    <Text>a target name</Text>
    <TextColor>
      <R>255</R>
      <G>255</G>
      <B>255</B>
    </TextColor>
    <NoWrap>true</NoWrap>
    <AlignCenter>False</AlignCenter>
    <TopAnchorOffset>0</TopAnchorOffset>
    <BottomAnchorOffset>0</BottomAnchorOffset>
    <LeftAnchorOffset>0</LeftAnchorOffset>
    <RightAnchorToLeft>false</RightAnchorToLeft>
    <Size>
      <CX>140</CX>
      <CY>16</CY>
    </Size>
    <Location>
      <X>56</X>
      <Y>25</Y>
    </Location>
    <AlignRight>True</AlignRight>
  </Label>
  <Label item="ToT_NameShadow">
    <ScreenID>HPLabel</ScreenID>
    <EQType>135</EQType>
    <RelativePosition>true</RelativePosition>
    <Font>2</Font>
    <Text>a target name</Text>
    <TextColor>
      <R>0</R>
      <G>0</G>
      <B>0</B>
    </TextColor>
    <NoWrap>true</NoWrap>
    <AlignCenter>False</AlignCenter>
    <TopAnchorOffset>0</TopAnchorOffset>
    <BottomAnchorOffset>0</BottomAnchorOffset>
    <LeftAnchorOffset>0</LeftAnchorOffset>
    <RightAnchorToLeft>false</RightAnchorToLeft>
    <Size>
      <CX>140</CX>
      <CY>16</CY>
    </Size>
    <Location>
      <X>57</X>
      <Y>26</Y>
    </Location>
    <AlignRight>True</AlignRight>
  </Label>
  <Label item="Target_HPLabel">
    <ScreenID>HPLabel</ScreenID>
    <EQType>29</EQType>
    <RelativePosition>true</RelativePosition>
    <Font>2</Font>
    <Text>100</Text>
    <TextColor>
      <R>255</R>
      <G>255</G>
      <B>255</B>
    </TextColor>
    <NoWrap>true</NoWrap>
    <AlignCenter>true</AlignCenter>
    <TopAnchorOffset>0</TopAnchorOffset>
    <BottomAnchorOffset>0</BottomAnchorOffset>
    <LeftAnchorOffset>0</LeftAnchorOffset>
    <RightAnchorToLeft>false</RightAnchorToLeft>
    <Size>
      <CX>34</CX>
      <CY>16</CY>
    </Size>
    <Location>
      <X>1</X>
      <Y>2</Y>
    </Location>
  </Label>
  <Label item="Target_HPLabelShadow">
    <ScreenID>HPLabel</ScreenID>
    <EQType>29</EQType>
    <RelativePosition>true</RelativePosition>
    <Font>2</Font>
    <Text>100</Text>
    <TextColor>
      <R>0</R>
      <G>0</G>
      <B>0</B>
    </TextColor>
    <NoWrap>true</NoWrap>
    <AlignCenter>true</AlignCenter>
    <TopAnchorOffset>0</TopAnchorOffset>
    <BottomAnchorOffset>0</BottomAnchorOffset>
    <LeftAnchorOffset>0</LeftAnchorOffset>
    <RightAnchorToLeft>false</RightAnchorToLeft>
    <Size>
      <CX>34</CX>
      <CY>16</CY>
    </Size>
    <Location>
      <X>2</X>
      <Y>3</Y>
    </Location>
  </Label>
  <Label item="Target_HPPercLabel">
    <ScreenID>HPPercLabel</ScreenID>
    <RelativePosition>true</RelativePosition>
    <Font>2</Font>
    <Text>%</Text>
    <TextColor>
      <R>255</R>
      <G>255</G>
      <B>255</B>
    </TextColor>
    <NoWrap>true</NoWrap>
    <AlignCenter>False</AlignCenter>
    <TopAnchorOffset>0</TopAnchorOffset>
    <BottomAnchorOffset>0</BottomAnchorOffset>
    <LeftAnchorOffset>0</LeftAnchorOffset>
    <RightAnchorToLeft>false</RightAnchorToLeft>
    <Size>
      <CX>20</CX>
      <CY>17</CY>
    </Size>
    <Location>
      <X>27</X>
      <Y>2</Y>
    </Location>
  </Label>
  <Label item="Target_HPPercLabelShadow">
    <ScreenID>HPPercLabel</ScreenID>
    <RelativePosition>true</RelativePosition>
    <Font>2</Font>
    <Text>%</Text>
    <TextColor>
      <R>0</R>
      <G>0</G>
      <B>0</B>
    </TextColor>
    <NoWrap>true</NoWrap>
    <AlignCenter>False</AlignCenter>
    <TopAnchorOffset>0</TopAnchorOffset>
    <BottomAnchorOffset>0</BottomAnchorOffset>
    <LeftAnchorOffset>0</LeftAnchorOffset>
    <RightAnchorToLeft>false</RightAnchorToLeft>
    <Size>
      <CX>20</CX>
      <CY>17</CY>
    </Size>
    <Location>
      <X>28</X>
      <Y>3</Y>
    </Location>
  </Label>
  <Gauge item="HoTT_HP">
    <ScreenID>HoTT_HP</ScreenID>
    <Font>4</Font>
    <TextColor>
      <R>240</R>
      <G>240</G>
      <B>240</B>
    </TextColor>
    <RelativePosition>true</RelativePosition>
    <GaugeOffsetY>0</GaugeOffsetY>
    <TextOffsetY>-100</TextOffsetY>
    <Style_VScroll>false</Style_VScroll>
    <Style_HScroll>false</Style_HScroll>
    <Style_Transparent>false</Style_Transparent>
    <TooltipReference />
    <FillTint>
      <R>120</R>
      <G>26</G>
      <B>36</B>
    </FillTint>
    <DrawLinesFill>false</DrawLinesFill>
    <EQType>27</EQType>
    <GaugeDrawTemplate>
      <Background>btmpkd_GaugeBackground</Background>
      <Fill>btmpkd_GaugeFill</Fill>
      <!--<Lines>btmpkd_GaugeLines</Lines>
      <LinesFill>btmpkd_GaugeLinesFill</LinesFill>-->
      <EndCapLeft>btmpkd_GaugeEndCapLeft</EndCapLeft>
      <EndCapRight>btmpkd_GaugeEndCapRight</EndCapRight>
    </GaugeDrawTemplate>
    <TopAnchorOffset>0</TopAnchorOffset>
    <BottomAnchorOffset>0</BottomAnchorOffset>
    <LeftAnchorOffset>0</LeftAnchorOffset>
    <RightAnchorOffset>0</RightAnchorOffset>
    <RightAnchorToLeft>false</RightAnchorToLeft>
    <Size>
      <CX>200</CX>
      <CY>20</CY>
    </Size>
    <Location>
      <X>0</X>
      <Y>22</Y>
    </Location>
  </Gauge>
  <StaticAnimation item = "TargetBarBG2">
	<ScreenID>TargetBGGradient2</ScreenID>
	<Location>
      <X>0</X>
      <Y>22</Y>
    </Location>
	<Size>
      <CX>200</CX>
      <CY>20</CY>
    </Size>
	<Animation>TargetBGGradient</Animation>
  </StaticAnimation>
  <Label item="HoTT_HPLabel">
    <ScreenID>HoTT_HPLabel</ScreenID>
    <EQType>120</EQType>
    <RelativePosition>true</RelativePosition>
    <Font>2</Font>
    <Text>100</Text>
    <TextColor>
      <R>255</R>
      <G>255</G>
      <B>255</B>
    </TextColor>
    <NoWrap>true</NoWrap>
    <AlignCenter>true</AlignCenter>
    <TopAnchorOffset>0</TopAnchorOffset>
    <BottomAnchorOffset>0</BottomAnchorOffset>
    <LeftAnchorOffset>0</LeftAnchorOffset>
    <RightAnchorToLeft>false</RightAnchorToLeft>
    <Size>
      <CX>20</CX>
      <CY>17</CY>
    </Size>
    <Location>
      <X>8</X>
      <Y>24</Y>
    </Location>
  </Label>
  <Label item="HoTT_HPLabelShadow">
    <ScreenID>HoTT_HPLabel</ScreenID>
    <EQType>120</EQType>
    <RelativePosition>true</RelativePosition>
    <Font>2</Font>
    <Text>100</Text>
    <TextColor>
      <R>0</R>
      <G>0</G>
      <B>0</B>
    </TextColor>
    <NoWrap>true</NoWrap>
    <AlignCenter>true</AlignCenter>
    <TopAnchorOffset>0</TopAnchorOffset>
    <BottomAnchorOffset>0</BottomAnchorOffset>
    <LeftAnchorOffset>0</LeftAnchorOffset>
    <RightAnchorToLeft>false</RightAnchorToLeft>
    <Size>
      <CX>20</CX>
      <CY>17</CY>
    </Size>
    <Location>
      <X>9</X>
      <Y>25</Y>
    </Location>
  </Label>
  <Label item="HoTT_HPPercLabel">
    <ScreenID>HoTT_HPPercLabel</ScreenID>
    <RelativePosition>true</RelativePosition>
    <Font>2</Font>
    <Text>%</Text>
    <TextColor>
      <R>255</R>
      <G>255</G>
      <B>255</B>
    </TextColor>
    <NoWrap>true</NoWrap>
    <AlignCenter>False</AlignCenter>
    <TopAnchorOffset>59</TopAnchorOffset>
    <BottomAnchorOffset>0</BottomAnchorOffset>
    <LeftAnchorOffset>0</LeftAnchorOffset>
    <RightAnchorToLeft>false</RightAnchorToLeft>
    <Location>
      <X>27</X>
      <Y>24</Y>
    </Location>
    <Size>
      <CX>20</CX>
      <CY>17</CY>
    </Size>
  </Label>
  <Label item="HoTT_HPPercLabelShadow">
    <ScreenID>HoTT_HPPercLabel</ScreenID>
    <RelativePosition>true</RelativePosition>
    <Font>2</Font>
    <Text>%</Text>
    <TextColor>
      <R>0</R>
      <G>0</G>
      <B>0</B>
    </TextColor>
    <NoWrap>true</NoWrap>
    <AlignCenter>False</AlignCenter>
    <TopAnchorOffset>59</TopAnchorOffset>
    <BottomAnchorOffset>0</BottomAnchorOffset>
    <LeftAnchorOffset>0</LeftAnchorOffset>
    <RightAnchorToLeft>false</RightAnchorToLeft>
    <Location>
      <X>28</X>
      <Y>25</Y>
    </Location>
    <Size>
      <CX>20</CX>
      <CY>17</CY>
    </Size>
  </Label>
  <Button item="Target_Buff0_Button">
    <ScreenID>Buff0</ScreenID>
    <Size>
      <CX>24</CX>
      <CY>24</CY>
    </Size>
    <Style_VScroll>false</Style_VScroll>
    <Style_HScroll>false</Style_HScroll>
    <Style_Transparent>false</Style_Transparent>
    <Style_Checkbox>false</Style_Checkbox>
    <DecalOffset>
      <X>2</X>
      <Y>2</Y>
    </DecalOffset>
    <DecalSize>
      <CX>20</CX>
      <CY>20</CY>
    </DecalSize>
  </Button>
  <Button item="Target_Buff1_Button">
    <ScreenID>Buff1</ScreenID>
    <Size>
      <CX>24</CX>
      <CY>24</CY>
    </Size>
    <Style_VScroll>false</Style_VScroll>
    <Style_HScroll>false</Style_HScroll>
    <Style_Transparent>false</Style_Transparent>
    <Style_Checkbox>false</Style_Checkbox>
    <DecalOffset>
      <X>2</X>
      <Y>2</Y>
    </DecalOffset>
    <DecalSize>
      <CX>20</CX>
      <CY>20</CY>
    </DecalSize>
  </Button>
  <Button item="Target_Buff2_Button">
    <ScreenID>Buff2</ScreenID>
    <Size>
      <CX>24</CX>
      <CY>24</CY>
    </Size>
    <Style_VScroll>false</Style_VScroll>
    <Style_HScroll>false</Style_HScroll>
    <Style_Transparent>false</Style_Transparent>
    <Style_Checkbox>false</Style_Checkbox>
    <DecalOffset>
      <X>2</X>
      <Y>2</Y>
    </DecalOffset>
    <DecalSize>
      <CX>20</CX>
      <CY>20</CY>
    </DecalSize>
  </Button>
  <Button item="Target_Buff3_Button">
    <ScreenID>Buff3</ScreenID>
    <Size>
      <CX>24</CX>
      <CY>24</CY>
    </Size>
    <Style_VScroll>false</Style_VScroll>
    <Style_HScroll>false</Style_HScroll>
    <Style_Transparent>false</Style_Transparent>
    <Style_Checkbox>false</Style_Checkbox>
    <DecalOffset>
      <X>2</X>
      <Y>2</Y>
    </DecalOffset>
    <DecalSize>
      <CX>20</CX>
      <CY>20</CY>
    </DecalSize>
  </Button>
  <Button item="Target_Buff4_Button">
    <ScreenID>Buff4</ScreenID>
    <Size>
      <CX>24</CX>
      <CY>24</CY>
    </Size>
    <Style_VScroll>false</Style_VScroll>
    <Style_HScroll>false</Style_HScroll>
    <Style_Transparent>false</Style_Transparent>
    <Style_Checkbox>false</Style_Checkbox>
    <DecalOffset>
      <X>2</X>
      <Y>2</Y>
    </DecalOffset>
    <DecalSize>
      <CX>20</CX>
      <CY>20</CY>
    </DecalSize>
  </Button>
  <Button item="Target_Buff5_Button">
    <ScreenID>Buff5</ScreenID>
    <Size>
      <CX>24</CX>
      <CY>24</CY>
    </Size>
    <Style_VScroll>false</Style_VScroll>
    <Style_HScroll>false</Style_HScroll>
    <Style_Transparent>false</Style_Transparent>
    <Style_Checkbox>false</Style_Checkbox>
    <DecalOffset>
      <X>2</X>
      <Y>2</Y>
    </DecalOffset>
    <DecalSize>
      <CX>20</CX>
      <CY>20</CY>
    </DecalSize>
  </Button>
  <Button item="Target_Buff6_Button">
    <ScreenID>Buff6</ScreenID>
    <Size>
      <CX>24</CX>
      <CY>24</CY>
    </Size>
    <Style_VScroll>false</Style_VScroll>
    <Style_HScroll>false</Style_HScroll>
    <Style_Transparent>false</Style_Transparent>
    <Style_Checkbox>false</Style_Checkbox>
    <DecalOffset>
      <X>2</X>
      <Y>2</Y>
    </DecalOffset>
    <DecalSize>
      <CX>20</CX>
      <CY>20</CY>
    </DecalSize>
  </Button>
  <Button item="Target_Buff7_Button">
    <ScreenID>Buff7</ScreenID>
    <Size>
      <CX>24</CX>
      <CY>24</CY>
    </Size>
    <Style_VScroll>false</Style_VScroll>
    <Style_HScroll>false</Style_HScroll>
    <Style_Transparent>false</Style_Transparent>
    <Style_Checkbox>false</Style_Checkbox>
    <DecalOffset>
      <X>2</X>
      <Y>2</Y>
    </DecalOffset>
    <DecalSize>
      <CX>20</CX>
      <CY>20</CY>
    </DecalSize>
  </Button>
  <Button item="Target_Buff8_Button">
    <ScreenID>Buff8</ScreenID>
    <Size>
      <CX>24</CX>
      <CY>24</CY>
    </Size>
    <Style_VScroll>false</Style_VScroll>
    <Style_HScroll>false</Style_HScroll>
    <Style_Transparent>false</Style_Transparent>
    <Style_Checkbox>false</Style_Checkbox>
    <DecalOffset>
      <X>2</X>
      <Y>2</Y>
    </DecalOffset>
    <DecalSize>
      <CX>20</CX>
      <CY>20</CY>
    </DecalSize>
  </Button>
  <Button item="Target_Buff9_Button">
    <ScreenID>Buff9</ScreenID>
    <Size>
      <CX>24</CX>
      <CY>24</CY>
    </Size>
    <Style_VScroll>false</Style_VScroll>
    <Style_HScroll>false</Style_HScroll>
    <Style_Transparent>false</Style_Transparent>
    <Style_Checkbox>false</Style_Checkbox>
    <DecalOffset>
      <X>2</X>
      <Y>2</Y>
    </DecalOffset>
    <DecalSize>
      <CX>20</CX>
      <CY>20</CY>
    </DecalSize>
  </Button>
  <Button item="Target_Buff10_Button">
    <ScreenID>Buff10</ScreenID>
    <Size>
      <CX>24</CX>
      <CY>24</CY>
    </Size>
    <Style_VScroll>false</Style_VScroll>
    <Style_HScroll>false</Style_HScroll>
    <Style_Transparent>false</Style_Transparent>
    <Style_Checkbox>false</Style_Checkbox>
    <DecalOffset>
      <X>2</X>
      <Y>2</Y>
    </DecalOffset>
    <DecalSize>
      <CX>20</CX>
      <CY>20</CY>
    </DecalSize>
  </Button>
  <Button item="Target_Buff11_Button">
    <ScreenID>Buff11</ScreenID>
    <Size>
      <CX>24</CX>
      <CY>24</CY>
    </Size>
    <Style_VScroll>false</Style_VScroll>
    <Style_HScroll>false</Style_HScroll>
    <Style_Transparent>false</Style_Transparent>
    <Style_Checkbox>false</Style_Checkbox>
    <DecalOffset>
      <X>2</X>
      <Y>2</Y>
    </DecalOffset>
    <DecalSize>
      <CX>20</CX>
      <CY>20</CY>
    </DecalSize>
  </Button>
  <Button item="Target_Buff12_Button">
    <ScreenID>Buff12</ScreenID>
    <Size>
      <CX>24</CX>
      <CY>24</CY>
    </Size>
    <Style_VScroll>false</Style_VScroll>
    <Style_HScroll>false</Style_HScroll>
    <Style_Transparent>false</Style_Transparent>
    <Style_Checkbox>false</Style_Checkbox>
    <DecalOffset>
      <X>2</X>
      <Y>2</Y>
    </DecalOffset>
    <DecalSize>
      <CX>20</CX>
      <CY>20</CY>
    </DecalSize>
  </Button>
  <Button item="Target_Buff13_Button">
    <ScreenID>Buff13</ScreenID>
    <Size>
      <CX>24</CX>
      <CY>24</CY>
    </Size>
    <Style_VScroll>false</Style_VScroll>
    <Style_HScroll>false</Style_HScroll>
    <Style_Transparent>false</Style_Transparent>
    <Style_Checkbox>false</Style_Checkbox>
    <DecalOffset>
      <X>2</X>
      <Y>2</Y>
    </DecalOffset>
    <DecalSize>
      <CX>20</CX>
      <CY>20</CY>
    </DecalSize>
  </Button>
  <Button item="Target_Buff14_Button">
    <ScreenID>Buff14</ScreenID>
    <Size>
      <CX>24</CX>
      <CY>24</CY>
    </Size>
    <Style_VScroll>false</Style_VScroll>
    <Style_HScroll>false</Style_HScroll>
    <Style_Transparent>false</Style_Transparent>
    <Style_Checkbox>false</Style_Checkbox>
    <DecalOffset>
      <X>2</X>
      <Y>2</Y>
    </DecalOffset>
    <DecalSize>
      <CX>20</CX>
      <CY>20</CY>
    </DecalSize>
  </Button>
  <Button item="Target_Buff15_Button">
    <ScreenID>Buff15</ScreenID>
    <Size>
      <CX>24</CX>
      <CY>24</CY>
    </Size>
    <Style_VScroll>false</Style_VScroll>
    <Style_HScroll>false</Style_HScroll>
    <Style_Transparent>false</Style_Transparent>
    <Style_Checkbox>false</Style_Checkbox>
    <DecalOffset>
      <X>2</X>
      <Y>2</Y>
    </DecalOffset>
    <DecalSize>
      <CX>20</CX>
      <CY>20</CY>
    </DecalSize>
  </Button>
  <Button item="Target_Buff16_Button">
    <ScreenID>Buff16</ScreenID>
    <Size>
      <CX>24</CX>
      <CY>24</CY>
    </Size>
    <Style_VScroll>false</Style_VScroll>
    <Style_HScroll>false</Style_HScroll>
    <Style_Transparent>false</Style_Transparent>
    <Style_Checkbox>false</Style_Checkbox>
    <DecalOffset>
      <X>2</X>
      <Y>2</Y>
    </DecalOffset>
    <DecalSize>
      <CX>20</CX>
      <CY>20</CY>
    </DecalSize>
  </Button>
  <Button item="Target_Buff17_Button">
    <ScreenID>Buff17</ScreenID>
    <Size>
      <CX>24</CX>
      <CY>24</CY>
    </Size>
    <Style_VScroll>false</Style_VScroll>
    <Style_HScroll>false</Style_HScroll>
    <Style_Transparent>false</Style_Transparent>
    <Style_Checkbox>false</Style_Checkbox>
    <DecalOffset>
      <X>2</X>
      <Y>2</Y>
    </DecalOffset>
    <DecalSize>
      <CX>20</CX>
      <CY>20</CY>
    </DecalSize>
  </Button>
  <Button item="Target_Buff18_Button">
    <ScreenID>Buff18</ScreenID>
    <Size>
      <CX>24</CX>
      <CY>24</CY>
    </Size>
    <Style_VScroll>false</Style_VScroll>
    <Style_HScroll>false</Style_HScroll>
    <Style_Transparent>false</Style_Transparent>
    <Style_Checkbox>false</Style_Checkbox>
    <DecalOffset>
      <X>2</X>
      <Y>2</Y>
    </DecalOffset>
    <DecalSize>
      <CX>20</CX>
      <CY>20</CY>
    </DecalSize>
  </Button>
  <Button item="Target_Buff19_Button">
    <ScreenID>Buff19</ScreenID>
    <Size>
      <CX>24</CX>
      <CY>24</CY>
    </Size>
    <Style_VScroll>false</Style_VScroll>
    <Style_HScroll>false</Style_HScroll>
    <Style_Transparent>false</Style_Transparent>
    <Style_Checkbox>false</Style_Checkbox>
    <DecalOffset>
      <X>2</X>
      <Y>2</Y>
    </DecalOffset>
    <DecalSize>
      <CX>20</CX>
      <CY>20</CY>
    </DecalSize>
  </Button>
  <Button item="Target_Buff20_Button">
    <ScreenID>Buff20</ScreenID>
    <Size>
      <CX>24</CX>
      <CY>24</CY>
    </Size>
    <Style_VScroll>false</Style_VScroll>
    <Style_HScroll>false</Style_HScroll>
    <Style_Transparent>false</Style_Transparent>
    <Style_Checkbox>false</Style_Checkbox>
    <DecalOffset>
      <X>2</X>
      <Y>2</Y>
    </DecalOffset>
    <DecalSize>
      <CX>20</CX>
      <CY>20</CY>
    </DecalSize>
  </Button>
  <Button item="Target_Buff21_Button">
    <ScreenID>Buff21</ScreenID>
    <Size>
      <CX>24</CX>
      <CY>24</CY>
    </Size>
    <Style_VScroll>false</Style_VScroll>
    <Style_HScroll>false</Style_HScroll>
    <Style_Transparent>false</Style_Transparent>
    <Style_Checkbox>false</Style_Checkbox>
    <DecalOffset>
      <X>2</X>
      <Y>2</Y>
    </DecalOffset>
    <DecalSize>
      <CX>20</CX>
      <CY>20</CY>
    </DecalSize>
  </Button>
  <Button item="Target_Buff22_Button">
    <ScreenID>Buff22</ScreenID>
    <Size>
      <CX>24</CX>
      <CY>24</CY>
    </Size>
    <Style_VScroll>false</Style_VScroll>
    <Style_HScroll>false</Style_HScroll>
    <Style_Transparent>false</Style_Transparent>
    <Style_Checkbox>false</Style_Checkbox>
    <DecalOffset>
      <X>2</X>
      <Y>2</Y>
    </DecalOffset>
    <DecalSize>
      <CX>20</CX>
      <CY>20</CY>
    </DecalSize>
  </Button>
  <Button item="Target_Buff23_Button">
    <ScreenID>Buff23</ScreenID>
    <Size>
      <CX>24</CX>
      <CY>24</CY>
    </Size>
    <Style_VScroll>false</Style_VScroll>
    <Style_HScroll>false</Style_HScroll>
    <Style_Transparent>false</Style_Transparent>
    <Style_Checkbox>false</Style_Checkbox>
    <DecalOffset>
      <X>2</X>
      <Y>2</Y>
    </DecalOffset>
    <DecalSize>
      <CX>20</CX>
      <CY>20</CY>
    </DecalSize>
  </Button>
  <Button item="Target_Buff24_Button">
    <ScreenID>Buff24</ScreenID>
    <Size>
      <CX>24</CX>
      <CY>24</CY>
    </Size>
    <Style_VScroll>false</Style_VScroll>
    <Style_HScroll>false</Style_HScroll>
    <Style_Transparent>false</Style_Transparent>
    <Style_Checkbox>false</Style_Checkbox>
    <DecalOffset>
      <X>2</X>
      <Y>2</Y>
    </DecalOffset>
    <DecalSize>
      <CX>20</CX>
      <CY>20</CY>
    </DecalSize>
  </Button>
  <Button item="Target_Buff25_Button">
    <ScreenID>Buff25</ScreenID>
    <Size>
      <CX>24</CX>
      <CY>24</CY>
    </Size>
    <Style_VScroll>false</Style_VScroll>
    <Style_HScroll>false</Style_HScroll>
    <Style_Transparent>false</Style_Transparent>
    <Style_Checkbox>false</Style_Checkbox>
    <DecalOffset>
      <X>2</X>
      <Y>2</Y>
    </DecalOffset>
    <DecalSize>
      <CX>20</CX>
      <CY>20</CY>
    </DecalSize>
  </Button>
  <Button item="Target_Buff26_Button">
    <ScreenID>Buff26</ScreenID>
    <Size>
      <CX>24</CX>
      <CY>24</CY>
    </Size>
    <Style_VScroll>false</Style_VScroll>
    <Style_HScroll>false</Style_HScroll>
    <Style_Transparent>false</Style_Transparent>
    <Style_Checkbox>false</Style_Checkbox>
    <DecalOffset>
      <X>2</X>
      <Y>2</Y>
    </DecalOffset>
    <DecalSize>
      <CX>20</CX>
      <CY>20</CY>
    </DecalSize>
  </Button>
  <Button item="Target_Buff27_Button">
    <ScreenID>Buff27</ScreenID>
    <Size>
      <CX>24</CX>
      <CY>24</CY>
    </Size>
    <Style_VScroll>false</Style_VScroll>
    <Style_HScroll>false</Style_HScroll>
    <Style_Transparent>false</Style_Transparent>
    <Style_Checkbox>false</Style_Checkbox>
    <DecalOffset>
      <X>2</X>
      <Y>2</Y>
    </DecalOffset>
    <DecalSize>
      <CX>20</CX>
      <CY>20</CY>
    </DecalSize>
  </Button>
  <Button item="Target_Buff28_Button">
    <ScreenID>Buff28</ScreenID>
    <Size>
      <CX>24</CX>
      <CY>24</CY>
    </Size>
    <Style_VScroll>false</Style_VScroll>
    <Style_HScroll>false</Style_HScroll>
    <Style_Transparent>false</Style_Transparent>
    <Style_Checkbox>false</Style_Checkbox>
    <DecalOffset>
      <X>2</X>
      <Y>2</Y>
    </DecalOffset>
    <DecalSize>
      <CX>20</CX>
      <CY>20</CY>
    </DecalSize>
  </Button>
  <Button item="Target_Buff29_Button">
    <ScreenID>Buff29</ScreenID>
    <Size>
      <CX>24</CX>
      <CY>24</CY>
    </Size>
    <Style_VScroll>false</Style_VScroll>
    <Style_HScroll>false</Style_HScroll>
    <Style_Transparent>false</Style_Transparent>
    <Style_Checkbox>false</Style_Checkbox>
    <DecalOffset>
      <X>2</X>
      <Y>2</Y>
    </DecalOffset>
    <DecalSize>
      <CX>20</CX>
      <CY>20</CY>
    </DecalSize>
  </Button>
  <Button item="Target_Buff30_Button">
    <ScreenID>Buff30</ScreenID>
    <Size>
      <CX>24</CX>
      <CY>24</CY>
    </Size>
    <Style_VScroll>false</Style_VScroll>
    <Style_HScroll>false</Style_HScroll>
    <Style_Transparent>false</Style_Transparent>
    <Style_Checkbox>false</Style_Checkbox>
    <DecalOffset>
      <X>2</X>
      <Y>2</Y>
    </DecalOffset>
    <DecalSize>
      <CX>20</CX>
      <CY>20</CY>
    </DecalSize>
  </Button>
  <Button item="Target_Buff31_Button">
    <ScreenID>Buff31</ScreenID>
    <Size>
      <CX>24</CX>
      <CY>24</CY>
    </Size>
    <Style_VScroll>false</Style_VScroll>
    <Style_HScroll>false</Style_HScroll>
    <Style_Transparent>false</Style_Transparent>
    <Style_Checkbox>false</Style_Checkbox>
    <DecalOffset>
      <X>2</X>
      <Y>2</Y>
    </DecalOffset>
    <DecalSize>
      <CX>20</CX>
      <CY>20</CY>
    </DecalSize>
  </Button>
  <Button item="Target_Buff32_Button">
    <ScreenID>Buff32</ScreenID>
    <Size>
      <CX>24</CX>
      <CY>24</CY>
    </Size>
    <Style_VScroll>false</Style_VScroll>
    <Style_HScroll>false</Style_HScroll>
    <Style_Transparent>false</Style_Transparent>
    <Style_Checkbox>false</Style_Checkbox>
    <DecalOffset>
      <X>2</X>
      <Y>2</Y>
    </DecalOffset>
    <DecalSize>
      <CX>20</CX>
      <CY>20</CY>
    </DecalSize>
  </Button>
  <Button item="Target_Buff33_Button">
    <ScreenID>Buff33</ScreenID>
    <Size>
      <CX>24</CX>
      <CY>24</CY>
    </Size>
    <Style_VScroll>false</Style_VScroll>
    <Style_HScroll>false</Style_HScroll>
    <Style_Transparent>false</Style_Transparent>
    <Style_Checkbox>false</Style_Checkbox>
    <DecalOffset>
      <X>2</X>
      <Y>2</Y>
    </DecalOffset>
    <DecalSize>
      <CX>20</CX>
      <CY>20</CY>
    </DecalSize>
  </Button>
  <Button item="Target_Buff34_Button">
    <ScreenID>Buff34</ScreenID>
    <Size>
      <CX>24</CX>
      <CY>24</CY>
    </Size>
    <Style_VScroll>false</Style_VScroll>
    <Style_HScroll>false</Style_HScroll>
    <Style_Transparent>false</Style_Transparent>
    <Style_Checkbox>false</Style_Checkbox>
    <DecalOffset>
      <X>2</X>
      <Y>2</Y>
    </DecalOffset>
    <DecalSize>
      <CX>20</CX>
      <CY>20</CY>
    </DecalSize>
  </Button>
  <Button item="Target_Buff35_Button">
    <ScreenID>Buff35</ScreenID>
    <Size>
      <CX>24</CX>
      <CY>24</CY>
    </Size>
    <Style_VScroll>false</Style_VScroll>
    <Style_HScroll>false</Style_HScroll>
    <Style_Transparent>false</Style_Transparent>
    <Style_Checkbox>false</Style_Checkbox>
    <DecalOffset>
      <X>2</X>
      <Y>2</Y>
    </DecalOffset>
    <DecalSize>
      <CX>20</CX>
      <CY>20</CY>
    </DecalSize>
  </Button>
  <Button item="Target_Buff36_Button">
    <ScreenID>Buff36</ScreenID>
    <Size>
      <CX>24</CX>
      <CY>24</CY>
    </Size>
    <Style_VScroll>false</Style_VScroll>
    <Style_HScroll>false</Style_HScroll>
    <Style_Transparent>false</Style_Transparent>
    <Style_Checkbox>false</Style_Checkbox>
    <DecalOffset>
      <X>2</X>
      <Y>2</Y>
    </DecalOffset>
    <DecalSize>
      <CX>20</CX>
      <CY>20</CY>
    </DecalSize>
  </Button>
  <Button item="Target_Buff37_Button">
    <ScreenID>Buff37</ScreenID>
    <Size>
      <CX>24</CX>
      <CY>24</CY>
    </Size>
    <Style_VScroll>false</Style_VScroll>
    <Style_HScroll>false</Style_HScroll>
    <Style_Transparent>false</Style_Transparent>
    <Style_Checkbox>false</Style_Checkbox>
    <DecalOffset>
      <X>2</X>
      <Y>2</Y>
    </DecalOffset>
    <DecalSize>
      <CX>20</CX>
      <CY>20</CY>
    </DecalSize>
  </Button>
  <Button item="Target_Buff38_Button">
    <ScreenID>Buff38</ScreenID>
    <Size>
      <CX>24</CX>
      <CY>24</CY>
    </Size>
    <Style_VScroll>false</Style_VScroll>
    <Style_HScroll>false</Style_HScroll>
    <Style_Transparent>false</Style_Transparent>
    <Style_Checkbox>false</Style_Checkbox>
    <DecalOffset>
      <X>2</X>
      <Y>2</Y>
    </DecalOffset>
    <DecalSize>
      <CX>20</CX>
      <CY>20</CY>
    </DecalSize>
  </Button>
  <Button item="Target_Buff39_Button">
    <ScreenID>Buff39</ScreenID>
    <Size>
      <CX>24</CX>
      <CY>24</CY>
    </Size>
    <Style_VScroll>false</Style_VScroll>
    <Style_HScroll>false</Style_HScroll>
    <Style_Transparent>false</Style_Transparent>
    <Style_Checkbox>false</Style_Checkbox>
    <DecalOffset>
      <X>2</X>
      <Y>2</Y>
    </DecalOffset>
    <DecalSize>
      <CX>20</CX>
      <CY>20</CY>
    </DecalSize>
  </Button>
  <Button item="Target_Buff40_Button">
    <ScreenID>Buff40</ScreenID>
    <Size>
      <CX>24</CX>
      <CY>24</CY>
    </Size>
    <Style_VScroll>false</Style_VScroll>
    <Style_HScroll>false</Style_HScroll>
    <Style_Transparent>false</Style_Transparent>
    <Style_Checkbox>false</Style_Checkbox>
    <DecalOffset>
      <X>2</X>
      <Y>2</Y>
    </DecalOffset>
    <DecalSize>
      <CX>20</CX>
      <CY>20</CY>
    </DecalSize>
  </Button>
  <Button item="Target_Buff41_Button">
    <ScreenID>Buff41</ScreenID>
    <Size>
      <CX>24</CX>
      <CY>24</CY>
    </Size>
    <Style_VScroll>false</Style_VScroll>
    <Style_HScroll>false</Style_HScroll>
    <Style_Transparent>false</Style_Transparent>
    <Style_Checkbox>false</Style_Checkbox>
    <DecalOffset>
      <X>2</X>
      <Y>2</Y>
    </DecalOffset>
    <DecalSize>
      <CX>20</CX>
      <CY>20</CY>
    </DecalSize>
  </Button>
  <Button item="Target_Buff42_Button">
    <ScreenID>Buff42</ScreenID>
    <Size>
      <CX>24</CX>
      <CY>24</CY>
    </Size>
    <Style_VScroll>false</Style_VScroll>
    <Style_HScroll>false</Style_HScroll>
    <Style_Transparent>false</Style_Transparent>
    <Style_Checkbox>false</Style_Checkbox>
    <DecalOffset>
      <X>2</X>
      <Y>2</Y>
    </DecalOffset>
    <DecalSize>
      <CX>20</CX>
      <CY>20</CY>
    </DecalSize>
  </Button>
  <Button item="Target_Buff43_Button">
    <ScreenID>Buff43</ScreenID>
    <Size>
      <CX>24</CX>
      <CY>24</CY>
    </Size>
    <Style_VScroll>false</Style_VScroll>
    <Style_HScroll>false</Style_HScroll>
    <Style_Transparent>false</Style_Transparent>
    <Style_Checkbox>false</Style_Checkbox>
    <DecalOffset>
      <X>2</X>
      <Y>2</Y>
    </DecalOffset>
    <DecalSize>
      <CX>20</CX>
      <CY>20</CY>
    </DecalSize>
  </Button>
  <Button item="Target_Buff44_Button">
    <ScreenID>Buff44</ScreenID>
    <Size>
      <CX>24</CX>
      <CY>24</CY>
    </Size>
    <Style_VScroll>false</Style_VScroll>
    <Style_HScroll>false</Style_HScroll>
    <Style_Transparent>false</Style_Transparent>
    <Style_Checkbox>false</Style_Checkbox>
    <DecalOffset>
      <X>2</X>
      <Y>2</Y>
    </DecalOffset>
    <DecalSize>
      <CX>20</CX>
      <CY>20</CY>
    </DecalSize>
  </Button>
  <Button item="Target_Buff45_Button">
    <ScreenID>Buff45</ScreenID>
    <Size>
      <CX>24</CX>
      <CY>24</CY>
    </Size>
    <Style_VScroll>false</Style_VScroll>
    <Style_HScroll>false</Style_HScroll>
    <Style_Transparent>false</Style_Transparent>
    <Style_Checkbox>false</Style_Checkbox>
    <DecalOffset>
      <X>2</X>
      <Y>2</Y>
    </DecalOffset>
    <DecalSize>
      <CX>20</CX>
      <CY>20</CY>
    </DecalSize>
  </Button>
  <Button item="Target_Buff46_Button">
    <ScreenID>Buff46</ScreenID>
    <Size>
      <CX>24</CX>
      <CY>24</CY>
    </Size>
    <Style_VScroll>false</Style_VScroll>
    <Style_HScroll>false</Style_HScroll>
    <Style_Transparent>false</Style_Transparent>
    <Style_Checkbox>false</Style_Checkbox>
    <DecalOffset>
      <X>2</X>
      <Y>2</Y>
    </DecalOffset>
    <DecalSize>
      <CX>20</CX>
      <CY>20</CY>
    </DecalSize>
  </Button>
  <Button item="Target_Buff47_Button">
    <ScreenID>Buff47</ScreenID>
    <Size>
      <CX>24</CX>
      <CY>24</CY>
    </Size>
    <Style_VScroll>false</Style_VScroll>
    <Style_HScroll>false</Style_HScroll>
    <Style_Transparent>false</Style_Transparent>
    <Style_Checkbox>false</Style_Checkbox>
    <DecalOffset>
      <X>2</X>
      <Y>2</Y>
    </DecalOffset>
    <DecalSize>
      <CX>20</CX>
      <CY>20</CY>
    </DecalSize>
  </Button>
  <Button item="Target_Buff48_Button">
    <ScreenID>Buff48</ScreenID>
    <Size>
      <CX>24</CX>
      <CY>24</CY>
    </Size>
    <Style_VScroll>false</Style_VScroll>
    <Style_HScroll>false</Style_HScroll>
    <Style_Transparent>false</Style_Transparent>
    <Style_Checkbox>false</Style_Checkbox>
    <DecalOffset>
      <X>2</X>
      <Y>2</Y>
    </DecalOffset>
    <DecalSize>
      <CX>20</CX>
      <CY>20</CY>
    </DecalSize>
  </Button>
  <Button item="Target_Buff49_Button">
    <ScreenID>Buff49</ScreenID>
    <Size>
      <CX>24</CX>
      <CY>24</CY>
    </Size>
    <Style_VScroll>false</Style_VScroll>
    <Style_HScroll>false</Style_HScroll>
    <Style_Transparent>false</Style_Transparent>
    <Style_Checkbox>false</Style_Checkbox>
    <DecalOffset>
      <X>2</X>
      <Y>2</Y>
    </DecalOffset>
    <DecalSize>
      <CX>20</CX>
      <CY>20</CY>
    </DecalSize>
  </Button>
  <Button item="Target_Buff50_Button">
    <ScreenID>Buff50</ScreenID>
    <Size>
      <CX>24</CX>
      <CY>24</CY>
    </Size>
    <Style_VScroll>false</Style_VScroll>
    <Style_HScroll>false</Style_HScroll>
    <Style_Transparent>false</Style_Transparent>
    <Style_Checkbox>false</Style_Checkbox>
    <DecalOffset>
      <X>2</X>
      <Y>2</Y>
    </DecalOffset>
    <DecalSize>
      <CX>20</CX>
      <CY>20</CY>
    </DecalSize>
  </Button>
  <TileLayoutBox item="Target_Buttons">
    <RelativePosition>true</RelativePosition>
    <AutoStretch>true</AutoStretch>
    <BottomAnchorToTop>false</BottomAnchorToTop>
    <RightAnchorToLeft>false</RightAnchorToLeft>
    <Style_Transparent>false</Style_Transparent>
    <Spacing>2</Spacing>
    <SecondarySpacing>1</SecondarySpacing>
    <HorizontalFirst>true</HorizontalFirst>
    <AnchorToTop>true</AnchorToTop>
    <AnchorToLeft>true</AnchorToLeft>
    <FirstPieceTemplate>true</FirstPieceTemplate>
    <Pieces>Target_Buff0_Button</Pieces>
    <Pieces>Target_Buff1_Button</Pieces>
    <Pieces>Target_Buff2_Button</Pieces>
    <Pieces>Target_Buff3_Button</Pieces>
    <Pieces>Target_Buff4_Button</Pieces>
    <Pieces>Target_Buff5_Button</Pieces>
    <Pieces>Target_Buff6_Button</Pieces>
    <Pieces>Target_Buff7_Button</Pieces>
    <Pieces>Target_Buff8_Button</Pieces>
    <Pieces>Target_Buff9_Button</Pieces>
    <Pieces>Target_Buff10_Button</Pieces>
    <Pieces>Target_Buff11_Button</Pieces>
    <Pieces>Target_Buff12_Button</Pieces>
    <Pieces>Target_Buff13_Button</Pieces>
    <Pieces>Target_Buff14_Button</Pieces>
    <Pieces>Target_Buff15_Button</Pieces>
    <Pieces>Target_Buff16_Button</Pieces>
    <Pieces>Target_Buff17_Button</Pieces>
    <Pieces>Target_Buff18_Button</Pieces>
    <Pieces>Target_Buff19_Button</Pieces>
    <Pieces>Target_Buff20_Button</Pieces>
    <Pieces>Target_Buff21_Button</Pieces>
    <Pieces>Target_Buff22_Button</Pieces>
    <Pieces>Target_Buff23_Button</Pieces>
    <Pieces>Target_Buff24_Button</Pieces>
    <Pieces>Target_Buff25_Button</Pieces>
    <Pieces>Target_Buff26_Button</Pieces>
    <Pieces>Target_Buff27_Button</Pieces>
    <Pieces>Target_Buff28_Button</Pieces>
    <Pieces>Target_Buff29_Button</Pieces>
    <Pieces>Target_Buff30_Button</Pieces>
    <Pieces>Target_Buff31_Button</Pieces>
    <Pieces>Target_Buff32_Button</Pieces>
    <Pieces>Target_Buff33_Button</Pieces>
    <Pieces>Target_Buff34_Button</Pieces>
    <Pieces>Target_Buff35_Button</Pieces>
    <Pieces>Target_Buff36_Button</Pieces>
    <Pieces>Target_Buff37_Button</Pieces>
    <Pieces>Target_Buff38_Button</Pieces>
    <Pieces>Target_Buff39_Button</Pieces>
    <Pieces>Target_Buff40_Button</Pieces>
    <Pieces>Target_Buff41_Button</Pieces>
    <Pieces>Target_Buff42_Button</Pieces>
    <Pieces>Target_Buff43_Button</Pieces>
    <Pieces>Target_Buff44_Button</Pieces>
    <Pieces>Target_Buff45_Button</Pieces>
    <Pieces>Target_Buff46_Button</Pieces>
    <Pieces>Target_Buff47_Button</Pieces>
    <Pieces>Target_Buff48_Button</Pieces>
    <Pieces>Target_Buff49_Button</Pieces>
    <Pieces>Target_Buff50_Button</Pieces>
  </TileLayoutBox>
  <Screen item="Target_BuffWindow">
    <ScreenID>BuffWindow</ScreenID>
    <Font>3</Font>
    <RelativePosition>true</RelativePosition>
    <AutoStretch>true</AutoStretch>
    <TopAnchorOffset>44</TopAnchorOffset>
    <BottomAnchorOffset>1</BottomAnchorOffset>
    <LeftAnchorOffset>0</LeftAnchorOffset>
    <RightAnchorOffset>0</RightAnchorOffset>
    <BottomAnchorToTop>false</BottomAnchorToTop>
    <RightAnchorToLeft>false</RightAnchorToLeft>
    <Style_VScroll>false</Style_VScroll>
    <Style_HScroll>false</Style_HScroll>
    <Style_Transparent>false</Style_Transparent>
    <TooltipReference>Buffs on your target will show here</TooltipReference>
    <DrawTemplate>WDT_Transparent</DrawTemplate>
    <Style_Titlebar>false</Style_Titlebar>
    <Style_Closebox>false</Style_Closebox>
    <Style_Minimizebox>false</Style_Minimizebox>
    <Style_Border>false</Style_Border>
    <Style_Sizable>false</Style_Sizable>
    <Pieces>TileLayoutBox:Target_Buttons</Pieces>
    <Size>
      <CX>200</CX>
      <CY>55</CY>
    </Size>
    <Location>
      <X>0</X>
      <Y>44</Y>
    </Location>
  </Screen>
  <!--<Label item="Target_AggroPctPlayerLabel">
    <ScreenID>Target_AggroPctPlayerLabel</ScreenID>
    <RelativePosition>true</RelativePosition>
    <Font>2</Font>
    <Text />
    <TextColor>
      <R>255</R>
      <G>255</G>
      <B>255</B>
    </TextColor>
    <EQType>306</EQType>
    <NoWrap>true</NoWrap>
    <AlignLeft>true</AlignLeft>
    <TopAnchorOffset>33</TopAnchorOffset>
    <BottomAnchorOffset>47</BottomAnchorOffset>
    <RightAnchorToLeft>false</RightAnchorToLeft>
  </Label>
  <Label item="Target_AggroNameSecondaryLabel">
    <ScreenID>Target_AggroNameSecondaryLabel</ScreenID>
    <RelativePosition>true</RelativePosition>
    <Font>2</Font>
    <Text />
    <TextColor>
      <R>255</R>
      <G>255</G>
      <B>255</B>
    </TextColor>
    <EQType>304</EQType>
    <NoWrap>true</NoWrap>
    <AlignCenter>true</AlignCenter>
    <TopAnchorOffset>33</TopAnchorOffset>
    <BottomAnchorOffset>47</BottomAnchorOffset>
    <RightAnchorToLeft>false</RightAnchorToLeft>
  </Label>
  <Label item="Target_AggroPctSecondaryLabel">
    <ScreenID>Target_AggroPctSecondaryLabel</ScreenID>
    <RelativePosition>true</RelativePosition>
    <Font>2</Font>
    <Text />
    <TextColor>
      <R>255</R>
      <G>255</G>
      <B>255</B>
    </TextColor>
    <EQType>308</EQType>
    <NoWrap>true</NoWrap>
    <AlignRight>true</AlignRight>
    <TopAnchorOffset>33</TopAnchorOffset>
    <BottomAnchorOffset>47</BottomAnchorOffset>
    <LeftAnchorOffset>35</LeftAnchorOffset>
    <RightAnchorToLeft>false</RightAnchorToLeft>
  </Label>-->
  <Screen item="TargetWindow">
    <RelativePosition>false</RelativePosition>
    <Location>
      <X>3</X>
      <Y>86</Y>
    </Location>
    <Size>
      <CX>205</CX>
      <CY>120</CY>
    </Size>
    <Font>3</Font>
    <Text>Target</Text>
    <Style_VScroll>false</Style_VScroll>
    <Style_HScroll>false</Style_HScroll>
    <Style_Transparent>false</Style_Transparent>
    <TooltipReference>Your Current Target</TooltipReference>
    <DrawTemplate>WDT_Transparent</DrawTemplate>
    <Style_Titlebar>false</Style_Titlebar>
    <Style_Closebox>false</Style_Closebox>
    <Style_Minimizebox>false</Style_Minimizebox>
    <Style_Border>false</Style_Border>
    <Style_Sizable>false</Style_Sizable>
    <Escapable>false</Escapable>
	<!--<Pieces>TargetBarBG1</Pieces>-->
	<!--<Pieces>TargetBarBG2</Pieces>-->
    <Pieces>Target_HP</Pieces>
    <Pieces>Target_BuffWindow</Pieces>
    <Pieces>HoTT_HP</Pieces>
    <Pieces>Target_HPLabelShadow</Pieces>
    <Pieces>Target_HPLabel</Pieces>
    <Pieces>HoTT_HPPercLabelShadow</Pieces>
    <Pieces>HoTT_HPPercLabel</Pieces>
    <Pieces>Target_HPPercLabelShadow</Pieces>
    <Pieces>Target_HPPercLabel</Pieces>
    <Pieces>HoTT_HPLabelShadow</Pieces>
    <Pieces>HoTT_HPLabel</Pieces>
    <Pieces>ToT_NameShadow</Pieces>
    <Pieces>ToT_Name</Pieces>
    <Pieces>Target_NameShadow</Pieces>
    <Pieces>Target_Name</Pieces>
  </Screen>
</XML>