<?xml version="1.0" encoding="us-ascii"?>
<XML ID="EQInterfaceDefinitionLanguage">
  <Schema xmlns="EverQuestData" xmlns:dt="EverQuestDataTypes" />
  <!-- Created by Drakah -->
  <Ui2DAnimation item="Drak_ShortBuffBackground">
    <Frames>
      <Texture>drakah_buffbackground.tga</Texture>
      <Location>
        <X>0</X>
        <Y>0</Y>
      </Location>
      <Size>
        <CX>165</CX>
        <CY>42</CY>
      </Size>
      <Hotspot>
        <X>0</X>
        <Y>0</Y>
      </Hotspot>
    </Frames>
  </Ui2DAnimation>
  <StaticAnimation item="Drak_ShortBuffBack1">
    <ScreenID>Drak_ShortBuffBack1</ScreenID>
    <RelativePosition>true</RelativePosition>
    <Location>
      <X>0</X>
      <Y>1</Y>
    </Location>
    <Size>
      <CX>165</CX>
      <CY>42</CY>
    </Size>
    <Animation>Drak_ShortBuffBackground</Animation>
  </StaticAnimation>
  <StaticAnimation item="Drak_ShortBuffBack2">
    <ScreenID>Drak_ShortBuffBack2</ScreenID>
    <RelativePosition>true</RelativePosition>
    <Location>
      <X>165</X>
      <Y>1</Y>
    </Location>
    <Size>
      <CX>165</CX>
      <CY>42</CY>
    </Size>
    <Animation>Drak_ShortBuffBackground</Animation>
  </StaticAnimation>
  <StaticAnimation item="Drak_ShortBuffBack3">
    <ScreenID>Drak_ShortBuffBack3</ScreenID>
    <RelativePosition>true</RelativePosition>
    <Location>
      <X>330</X>
      <Y>0</Y>
    </Location>
    <Size>
      <CX>165</CX>
      <CY>42</CY>
    </Size>
    <Animation>Drak_ShortBuffBackground</Animation>
  </StaticAnimation>
  <StaticAnimation item="Drak_ShortBuffBack4">
    <ScreenID>Drak_ShortBuffBack4</ScreenID>
    <RelativePosition>true</RelativePosition>
    <Location>
      <X>495</X>
      <Y>0</Y>
    </Location>
    <Size>
      <CX>165</CX>
      <CY>42</CY>
    </Size>
    <Animation>Drak_ShortBuffBackground</Animation>
  </StaticAnimation>
  <Button item="SDBW_Buff0_Button">
    <ScreenID>Buff0</ScreenID>
    <Location>
      <X>0</X>
      <Y>3</Y>
    </Location>
    <Size>
      <CX>32</CX>
      <CY>32</CY>
    </Size>
    <Style_VScroll>false</Style_VScroll>
    <Style_HScroll>false</Style_HScroll>
    <Style_Transparent>false</Style_Transparent>
    <ButtonDrawTemplate>
      <Normal>BlueIconBackground</Normal>
      <NormalDecal>BuffIcons</NormalDecal>
    </ButtonDrawTemplate>
    <DecalOffset>
      <X>2</X>
      <Y>2</Y>
    </DecalOffset>
    <DecalSize>
      <CX>28</CX>
      <CY>28</CY>
    </DecalSize>
  </Button>
  <Label item="SDBW_Buff0_Place">
    <ScreenID>SDBWBuff0Place</ScreenID>
    <Font>1</Font>
    <Location>
      <X>12</X>
      <Y>12</Y>
    </Location>
    <Size>
      <CX>10</CX>
      <CY>10</CY>
    </Size>
    <TextColor>
      <R>197</R>
      <G>183</G>
      <B>173</B>
    </TextColor>
    <NoWrap>true</NoWrap>
    <AlignCenter>true</AlignCenter>
    <AlignRight>false</AlignRight>
  </Label>
  <Button item="SDBW_Buff1_Button">
    <ScreenID>Buff1</ScreenID>
    <Location>
      <X>33</X>
      <Y>3</Y>
    </Location>
    <Size>
      <CX>32</CX>
      <CY>32</CY>
    </Size>
    <Style_VScroll>false</Style_VScroll>
    <Style_HScroll>false</Style_HScroll>
    <Style_Transparent>false</Style_Transparent>
    <ButtonDrawTemplate>
      <Normal>RedIconBackground</Normal>
      <NormalDecal>BuffIcons</NormalDecal>
    </ButtonDrawTemplate>
    <DecalOffset>
      <X>2</X>
      <Y>2</Y>
    </DecalOffset>
    <DecalSize>
      <CX>28</CX>
      <CY>28</CY>
    </DecalSize>
  </Button>
  <Label item="SDBW_Buff1_Place">
    <ScreenID>SDBWBuff1Place</ScreenID>
    <Font>1</Font>
    <Location>
      <X>45</X>
      <Y>12</Y>
    </Location>
    <Size>
      <CX>10</CX>
      <CY>10</CY>
    </Size>
    <TextColor>
      <R>197</R>
      <G>183</G>
      <B>173</B>
    </TextColor>
    <NoWrap>true</NoWrap>
    <AlignCenter>true</AlignCenter>
    <AlignRight>false</AlignRight>
  </Label>
  <Button item="SDBW_Buff2_Button">
    <ScreenID>Buff2</ScreenID>
    <Location>
      <X>66</X>
      <Y>3</Y>
    </Location>
    <Size>
      <CX>32</CX>
      <CY>32</CY>
    </Size>
    <Style_VScroll>false</Style_VScroll>
    <Style_HScroll>false</Style_HScroll>
    <Style_Transparent>false</Style_Transparent>
    <ButtonDrawTemplate>
      <Normal>RedIconBackground</Normal>
      <NormalDecal>BuffIcons</NormalDecal>
    </ButtonDrawTemplate>
    <DecalOffset>
      <X>2</X>
      <Y>2</Y>
    </DecalOffset>
    <DecalSize>
      <CX>28</CX>
      <CY>28</CY>
    </DecalSize>
  </Button>
  <Label item="SDBW_Buff2_Place">
    <ScreenID>SDBWBuff2Place</ScreenID>
    <Font>1</Font>
    <Location>
      <X>78</X>
      <Y>12</Y>
    </Location>
    <Size>
      <CX>10</CX>
      <CY>10</CY>
    </Size>
    <TextColor>
      <R>197</R>
      <G>183</G>
      <B>173</B>
    </TextColor>
    <NoWrap>true</NoWrap>
    <AlignCenter>true</AlignCenter>
    <AlignRight>false</AlignRight>
  </Label>
  <Button item="SDBW_Buff3_Button">
    <ScreenID>Buff3</ScreenID>
    <Location>
      <X>99</X>
      <Y>3</Y>
    </Location>
    <Size>
      <CX>32</CX>
      <CY>32</CY>
    </Size>
    <Style_VScroll>false</Style_VScroll>
    <Style_HScroll>false</Style_HScroll>
    <Style_Transparent>false</Style_Transparent>
    <Style_Checkbox>false</Style_Checkbox>
    <RadioGroup />
    <ButtonDrawTemplate>
      <Normal>BlueIconBackground</Normal>
      <NormalDecal>BuffIcons</NormalDecal>
    </ButtonDrawTemplate>
    <DecalOffset>
      <X>2</X>
      <Y>2</Y>
    </DecalOffset>
    <DecalSize>
      <CX>28</CX>
      <CY>28</CY>
    </DecalSize>
  </Button>
  <Label item="SDBW_Buff3_Place">
    <ScreenID>SDBWBuff3Place</ScreenID>
    <Font>1</Font>
    <Location>
      <X>111</X>
      <Y>12</Y>
    </Location>
    <Size>
      <CX>10</CX>
      <CY>10</CY>
    </Size>
    <TextColor>
      <R>197</R>
      <G>183</G>
      <B>173</B>
    </TextColor>
    <NoWrap>true</NoWrap>
    <AlignCenter>true</AlignCenter>
    <AlignRight>false</AlignRight>
  </Label>
  <Button item="SDBW_Buff4_Button">
    <ScreenID>Buff4</ScreenID>
    <Location>
      <X>132</X>
      <Y>3</Y>
    </Location>
    <Size>
      <CX>32</CX>
      <CY>32</CY>
    </Size>
    <Style_VScroll>false</Style_VScroll>
    <Style_HScroll>false</Style_HScroll>
    <Style_Transparent>false</Style_Transparent>
    <TooltipReference />
    <Style_Checkbox>false</Style_Checkbox>
    <ButtonDrawTemplate>
      <Normal>RedIconBackground</Normal>
      <NormalDecal>BuffIcons</NormalDecal>
    </ButtonDrawTemplate>
    <DecalOffset>
      <X>2</X>
      <Y>2</Y>
    </DecalOffset>
    <DecalSize>
      <CX>28</CX>
      <CY>28</CY>
    </DecalSize>
  </Button>
  <Label item="SDBW_Buff4_Place">
    <ScreenID>SDBWBuff4Place</ScreenID>
    <Font>1</Font>
    <RelativePosition>true</RelativePosition>
    <Location>
      <X>144</X>
      <Y>12</Y>
    </Location>
    <Size>
      <CX>10</CX>
      <CY>10</CY>
    </Size>
    <TextColor>
      <R>197</R>
      <G>183</G>
      <B>173</B>
    </TextColor>
    <NoWrap>true</NoWrap>
    <AlignCenter>true</AlignCenter>
    <AlignRight>false</AlignRight>
  </Label>
  <Button item="SDBW_Buff5_Button">
    <ScreenID>Buff5</ScreenID>
    <Location>
      <X>165</X>
      <Y>3</Y>
    </Location>
    <Size>
      <CX>32</CX>
      <CY>32</CY>
    </Size>
    <Style_VScroll>false</Style_VScroll>
    <Style_HScroll>false</Style_HScroll>
    <Style_Transparent>false</Style_Transparent>
    <ButtonDrawTemplate>
      <Normal>RedIconBackground</Normal>
      <NormalDecal>BuffIcons</NormalDecal>
    </ButtonDrawTemplate>
    <DecalOffset>
      <X>2</X>
      <Y>2</Y>
    </DecalOffset>
    <DecalSize>
      <CX>28</CX>
      <CY>28</CY>
    </DecalSize>
  </Button>
  <Label item="SDBW_Buff5_Place">
    <ScreenID>SDBWBuff5Place</ScreenID>
    <Font>1</Font>
    <Location>
      <X>177</X>
      <Y>12</Y>
    </Location>
    <Size>
      <CX>10</CX>
      <CY>10</CY>
    </Size>
    <TextColor>
      <R>197</R>
      <G>183</G>
      <B>173</B>
    </TextColor>
    <NoWrap>true</NoWrap>
    <AlignCenter>true</AlignCenter>
    <AlignRight>false</AlignRight>
  </Label>
  <Button item="SDBW_Buff6_Button">
    <ScreenID>Buff6</ScreenID>
    <Location>
      <X>198</X>
      <Y>3</Y>
    </Location>
    <Size>
      <CX>32</CX>
      <CY>32</CY>
    </Size>
    <Style_VScroll>false</Style_VScroll>
    <Style_HScroll>false</Style_HScroll>
    <Style_Transparent>false</Style_Transparent>
    <ButtonDrawTemplate>
      <Normal>BlueIconBackground</Normal>
      <NormalDecal>BuffIcons</NormalDecal>
    </ButtonDrawTemplate>
    <DecalOffset>
      <X>2</X>
      <Y>2</Y>
    </DecalOffset>
    <DecalSize>
      <CX>28</CX>
      <CY>28</CY>
    </DecalSize>
  </Button>
  <Label item="SDBW_Buff6_Place">
    <ScreenID>SDBWBuff6Place</ScreenID>
    <Font>1</Font>
    <Location>
      <X>210</X>
      <Y>12</Y>
    </Location>
    <Size>
      <CX>10</CX>
      <CY>10</CY>
    </Size>
    <TextColor>
      <R>197</R>
      <G>183</G>
      <B>173</B>
    </TextColor>
    <NoWrap>true</NoWrap>
    <AlignCenter>true</AlignCenter>
    <AlignRight>false</AlignRight>
  </Label>
  <Button item="SDBW_Buff7_Button">
    <ScreenID>Buff7</ScreenID>
    <Location>
      <X>231</X>
      <Y>3</Y>
    </Location>
    <Size>
      <CX>32</CX>
      <CY>32</CY>
    </Size>
    <Style_VScroll>false</Style_VScroll>
    <Style_HScroll>false</Style_HScroll>
    <Style_Transparent>false</Style_Transparent>
    <ButtonDrawTemplate>
      <Normal>RedIconBackground</Normal>
      <NormalDecal>BuffIcons</NormalDecal>
    </ButtonDrawTemplate>
    <DecalOffset>
      <X>2</X>
      <Y>2</Y>
    </DecalOffset>
    <DecalSize>
      <CX>28</CX>
      <CY>28</CY>
    </DecalSize>
  </Button>
  <Label item="SDBW_Buff7_Place">
    <ScreenID>SDBWBuff7Place</ScreenID>
    <Font>1</Font>
    <Location>
      <X>243</X>
      <Y>12</Y>
    </Location>
    <Size>
      <CX>10</CX>
      <CY>10</CY>
    </Size>
    <TextColor>
      <R>197</R>
      <G>183</G>
      <B>173</B>
    </TextColor>
    <NoWrap>true</NoWrap>
    <AlignCenter>true</AlignCenter>
    <AlignRight>false</AlignRight>
  </Label>
  <Button item="SDBW_Buff8_Button">
    <ScreenID>Buff8</ScreenID>
    <Location>
      <X>264</X>
      <Y>3</Y>
    </Location>
    <Size>
      <CX>32</CX>
      <CY>32</CY>
    </Size>
    <Style_VScroll>false</Style_VScroll>
    <Style_HScroll>false</Style_HScroll>
    <Style_Transparent>false</Style_Transparent>
    <ButtonDrawTemplate>
      <Normal>RedIconBackground</Normal>
      <NormalDecal>BuffIcons</NormalDecal>
    </ButtonDrawTemplate>
    <DecalOffset>
      <X>2</X>
      <Y>2</Y>
    </DecalOffset>
    <DecalSize>
      <CX>28</CX>
      <CY>28</CY>
    </DecalSize>
  </Button>
  <Label item="SDBW_Buff8_Place">
    <ScreenID>SDBWBuff8Place</ScreenID>
    <Font>1</Font>
    <Location>
      <X>276</X>
      <Y>12</Y>
    </Location>
    <Size>
      <CX>10</CX>
      <CY>10</CY>
    </Size>
    <TextColor>
      <R>197</R>
      <G>183</G>
      <B>173</B>
    </TextColor>
    <NoWrap>true</NoWrap>
    <AlignCenter>true</AlignCenter>
    <AlignRight>false</AlignRight>
  </Label>
  <Button item="SDBW_Buff9_Button">
    <ScreenID>Buff9</ScreenID>
    <Location>
      <X>297</X>
      <Y>3</Y>
    </Location>
    <Size>
      <CX>32</CX>
      <CY>32</CY>
    </Size>
    <Style_VScroll>false</Style_VScroll>
    <Style_HScroll>false</Style_HScroll>
    <Style_Transparent>false</Style_Transparent>
    <ButtonDrawTemplate>
      <Normal>BlueIconBackground</Normal>
      <NormalDecal>BuffIcons</NormalDecal>
    </ButtonDrawTemplate>
    <DecalOffset>
      <X>2</X>
      <Y>2</Y>
    </DecalOffset>
    <DecalSize>
      <CX>28</CX>
      <CY>28</CY>
    </DecalSize>
  </Button>
  <Label item="SDBW_Buff9_Place">
    <ScreenID>SDBWBuff9Place</ScreenID>
    <Font>1</Font>
    <Location>
      <X>309</X>
      <Y>12</Y>
    </Location>
    <Size>
      <CX>10</CX>
      <CY>10</CY>
    </Size>
    <TextColor>
      <R>197</R>
      <G>183</G>
      <B>173</B>
    </TextColor>
    <NoWrap>true</NoWrap>
    <AlignCenter>true</AlignCenter>
    <AlignRight>false</AlignRight>
  </Label>
  <Button item="SDBW_Buff10_Button">
    <ScreenID>Buff10</ScreenID>
    <Location>
      <X>330</X>
      <Y>3</Y>
    </Location>
    <Size>
      <CX>32</CX>
      <CY>32</CY>
    </Size>
    <Style_VScroll>false</Style_VScroll>
    <Style_HScroll>false</Style_HScroll>
    <Style_Transparent>false</Style_Transparent>
    <ButtonDrawTemplate>
      <Normal>RedIconBackground</Normal>
      <NormalDecal>BuffIcons</NormalDecal>
    </ButtonDrawTemplate>
    <DecalOffset>
      <X>2</X>
      <Y>2</Y>
    </DecalOffset>
    <DecalSize>
      <CX>28</CX>
      <CY>28</CY>
    </DecalSize>
  </Button>
  <Label item="SDBW_Buff10_Place">
    <ScreenID>SDBWBuff10Place</ScreenID>
    <Font>1</Font>
    <Location>
      <X>342</X>
      <Y>12</Y>
    </Location>
    <Size>
      <CX>10</CX>
      <CY>10</CY>
    </Size>
    <TextColor>
      <R>197</R>
      <G>183</G>
      <B>173</B>
    </TextColor>
    <NoWrap>true</NoWrap>
    <AlignCenter>true</AlignCenter>
    <AlignRight>false</AlignRight>
  </Label>
  <Button item="SDBW_Buff11_Button">
    <ScreenID>Buff11</ScreenID>
    <Location>
      <X>363</X>
      <Y>3</Y>
    </Location>
    <Size>
      <CX>32</CX>
      <CY>32</CY>
    </Size>
    <Style_VScroll>false</Style_VScroll>
    <Style_HScroll>false</Style_HScroll>
    <Style_Transparent>false</Style_Transparent>
    <ButtonDrawTemplate>
      <Normal>RedIconBackground</Normal>
      <NormalDecal>BuffIcons</NormalDecal>
    </ButtonDrawTemplate>
    <DecalOffset>
      <X>2</X>
      <Y>2</Y>
    </DecalOffset>
    <DecalSize>
      <CX>28</CX>
      <CY>28</CY>
    </DecalSize>
  </Button>
  <Label item="SDBW_Buff11_Place">
    <ScreenID>SDBWBuff11Place</ScreenID>
    <Font>1</Font>
    <Location>
      <X>375</X>
      <Y>12</Y>
    </Location>
    <Size>
      <CX>10</CX>
      <CY>10</CY>
    </Size>
    <TextColor>
      <R>197</R>
      <G>183</G>
      <B>173</B>
    </TextColor>
    <NoWrap>true</NoWrap>
    <AlignCenter>true</AlignCenter>
    <AlignRight>false</AlignRight>
  </Label>
  <Button item="SDBW_Buff12_Button">
    <ScreenID>Buff12</ScreenID>
    <Location>
      <X>396</X>
      <Y>3</Y>
    </Location>
    <Size>
      <CX>32</CX>
      <CY>32</CY>
    </Size>
    <Style_VScroll>false</Style_VScroll>
    <Style_HScroll>false</Style_HScroll>
    <Style_Transparent>false</Style_Transparent>
    <ButtonDrawTemplate>
      <Normal>RedIconBackground</Normal>
      <NormalDecal>BuffIcons</NormalDecal>
    </ButtonDrawTemplate>
    <DecalOffset>
      <X>2</X>
      <Y>2</Y>
    </DecalOffset>
    <DecalSize>
      <CX>28</CX>
      <CY>28</CY>
    </DecalSize>
  </Button>
  <Label item="SDBW_Buff12_Place">
    <ScreenID>SDBWBuff12Place</ScreenID>
    <Font>1</Font>
    <Location>
      <X>408</X>
      <Y>12</Y>
    </Location>
    <Size>
      <CX>10</CX>
      <CY>10</CY>
    </Size>
    <TextColor>
      <R>197</R>
      <G>183</G>
      <B>173</B>
    </TextColor>
    <NoWrap>true</NoWrap>
    <AlignCenter>true</AlignCenter>
    <AlignRight>false</AlignRight>
  </Label>
  <Button item="SDBW_Buff13_Button">
    <ScreenID>Buff13</ScreenID>
    <Location>
      <X>429</X>
      <Y>3</Y>
    </Location>
    <Size>
      <CX>32</CX>
      <CY>32</CY>
    </Size>
    <Style_VScroll>false</Style_VScroll>
    <Style_HScroll>false</Style_HScroll>
    <Style_Transparent>false</Style_Transparent>
    <ButtonDrawTemplate>
      <Normal>RedIconBackground</Normal>
      <NormalDecal>BuffIcons</NormalDecal>
    </ButtonDrawTemplate>
    <DecalOffset>
      <X>2</X>
      <Y>2</Y>
    </DecalOffset>
    <DecalSize>
      <CX>28</CX>
      <CY>28</CY>
    </DecalSize>
  </Button>
  <Label item="SDBW_Buff13_Place">
    <ScreenID>SDBWBuff13Place</ScreenID>
    <Font>1</Font>
    <Location>
      <X>441</X>
      <Y>12</Y>
    </Location>
    <Size>
      <CX>10</CX>
      <CY>10</CY>
    </Size>
    <TextColor>
      <R>197</R>
      <G>183</G>
      <B>173</B>
    </TextColor>
    <NoWrap>true</NoWrap>
    <AlignCenter>true</AlignCenter>
    <AlignRight>false</AlignRight>
  </Label>
  <Button item="SDBW_Buff14_Button">
    <ScreenID>Buff14</ScreenID>
    <Location>
      <X>462</X>
      <Y>3</Y>
    </Location>
    <Size>
      <CX>32</CX>
      <CY>32</CY>
    </Size>
    <Style_VScroll>false</Style_VScroll>
    <Style_HScroll>false</Style_HScroll>
    <Style_Transparent>false</Style_Transparent>
    <ButtonDrawTemplate>
      <Normal>RedIconBackground</Normal>
      <NormalDecal>BuffIcons</NormalDecal>
    </ButtonDrawTemplate>
    <DecalOffset>
      <X>2</X>
      <Y>2</Y>
    </DecalOffset>
    <DecalSize>
      <CX>28</CX>
      <CY>28</CY>
    </DecalSize>
  </Button>
  <Label item="SDBW_Buff14_Place">
    <ScreenID>SDBWBuff14Place</ScreenID>
    <Font>1</Font>
    <Location>
      <X>474</X>
      <Y>12</Y>
    </Location>
    <Size>
      <CX>10</CX>
      <CY>10</CY>
    </Size>
    <TextColor>
      <R>197</R>
      <G>183</G>
      <B>173</B>
    </TextColor>
    <NoWrap>true</NoWrap>
    <AlignCenter>true</AlignCenter>
    <AlignRight>false</AlignRight>
  </Label>
  <!-- Buff 16 Start -->
  <Button item="SDBW_Buff15_Button">
    <ScreenID>Buff15</ScreenID>
    <Location>
      <X>495</X>
      <Y>3</Y>
    </Location>
    <Size>
      <CX>32</CX>
      <CY>32</CY>
    </Size>
    <Style_VScroll>false</Style_VScroll>
    <Style_HScroll>false</Style_HScroll>
    <Style_Transparent>false</Style_Transparent>
    <ButtonDrawTemplate>
      <Normal>RedIconBackground</Normal>
      <NormalDecal>BuffIcons</NormalDecal>
    </ButtonDrawTemplate>
    <DecalOffset>
      <X>2</X>
      <Y>2</Y>
    </DecalOffset>
    <DecalSize>
      <CX>28</CX>
      <CY>28</CY>
    </DecalSize>
  </Button>
  <Label item="SDBW_Buff15_Place">
    <ScreenID>SDBWBuff15Place</ScreenID>
    <Font>1</Font>
    <Location>
      <X>507</X>
      <Y>12</Y>
    </Location>
    <Size>
      <CX>10</CX>
      <CY>10</CY>
    </Size>
    <TextColor>
      <R>197</R>
      <G>183</G>
      <B>173</B>
    </TextColor>
    <NoWrap>true</NoWrap>
    <AlignCenter>true</AlignCenter>
    <AlignRight>false</AlignRight>
  </Label>
  <!-- Buff 16 End -->
  <!-- Buff 17 Start -->
  <Button item="SDBW_Buff16_Button">
    <ScreenID>Buff16</ScreenID>
    <Location>
      <X>528</X>
      <Y>3</Y>
    </Location>
    <Size>
      <CX>32</CX>
      <CY>32</CY>
    </Size>
    <Style_VScroll>false</Style_VScroll>
    <Style_HScroll>false</Style_HScroll>
    <Style_Transparent>false</Style_Transparent>
    <ButtonDrawTemplate>
      <Normal>RedIconBackground</Normal>
      <NormalDecal>BuffIcons</NormalDecal>
    </ButtonDrawTemplate>
    <DecalOffset>
      <X>2</X>
      <Y>2</Y>
    </DecalOffset>
    <DecalSize>
      <CX>28</CX>
      <CY>28</CY>
    </DecalSize>
  </Button>
  <Label item="SDBW_Buff16_Place">
    <ScreenID>SDBWBuff16Place</ScreenID>
    <Font>1</Font>
    <Location>
      <X>540</X>
      <Y>12</Y>
    </Location>
    <Size>
      <CX>10</CX>
      <CY>10</CY>
    </Size>
    <TextColor>
      <R>197</R>
      <G>183</G>
      <B>173</B>
    </TextColor>
    <NoWrap>true</NoWrap>
    <AlignCenter>true</AlignCenter>
    <AlignRight>false</AlignRight>
  </Label>
  <!-- Buff 17 End -->
  <!-- Buff 18 Start -->
  <Button item="SDBW_Buff17_Button">
    <ScreenID>Buff17</ScreenID>
    <Location>
      <X>561</X>
      <Y>3</Y>
    </Location>
    <Size>
      <CX>32</CX>
      <CY>32</CY>
    </Size>
    <Style_VScroll>false</Style_VScroll>
    <Style_HScroll>false</Style_HScroll>
    <Style_Transparent>false</Style_Transparent>
    <ButtonDrawTemplate>
      <Normal>RedIconBackground</Normal>
      <NormalDecal>BuffIcons</NormalDecal>
    </ButtonDrawTemplate>
    <DecalOffset>
      <X>2</X>
      <Y>2</Y>
    </DecalOffset>
    <DecalSize>
      <CX>28</CX>
      <CY>28</CY>
    </DecalSize>
  </Button>
  <Label item="SDBW_Buff17_Place">
    <ScreenID>SDBWBuff17Place</ScreenID>
    <Font>1</Font>
    <Location>
      <X>573</X>
      <Y>12</Y>
    </Location>
    <Size>
      <CX>10</CX>
      <CY>10</CY>
    </Size>
    <TextColor>
      <R>197</R>
      <G>183</G>
      <B>173</B>
    </TextColor>
    <NoWrap>true</NoWrap>
    <AlignCenter>true</AlignCenter>
    <AlignRight>false</AlignRight>
  </Label>
  <!-- Buff 18 End -->
  <!-- Buff 19 Start -->
  <Button item="SDBW_Buff18_Button">
    <ScreenID>Buff18</ScreenID>
    <Location>
      <X>594</X>
      <Y>3</Y>
    </Location>
    <Size>
      <CX>32</CX>
      <CY>32</CY>
    </Size>
    <Style_VScroll>false</Style_VScroll>
    <Style_HScroll>false</Style_HScroll>
    <Style_Transparent>false</Style_Transparent>
    <ButtonDrawTemplate>
      <Normal>RedIconBackground</Normal>
      <NormalDecal>BuffIcons</NormalDecal>
    </ButtonDrawTemplate>
    <DecalOffset>
      <X>2</X>
      <Y>2</Y>
    </DecalOffset>
    <DecalSize>
      <CX>28</CX>
      <CY>28</CY>
    </DecalSize>
  </Button>
  <Label item="SDBW_Buff18_Place">
    <ScreenID>SDBWBuff18Place</ScreenID>
    <Font>1</Font>
    <Location>
      <X>606</X>
      <Y>12</Y>
    </Location>
    <Size>
      <CX>10</CX>
      <CY>10</CY>
    </Size>
    <TextColor>
      <R>197</R>
      <G>183</G>
      <B>173</B>
    </TextColor>
    <NoWrap>true</NoWrap>
    <AlignCenter>true</AlignCenter>
    <AlignRight>false</AlignRight>
  </Label>
  <!-- Buff 19 End -->
  <!-- Buff 20 Start -->
  <Button item="SDBW_Buff19_Button">
    <ScreenID>Buff19</ScreenID>
    <Location>
      <X>627</X>
      <Y>3</Y>
    </Location>
    <Size>
      <CX>32</CX>
      <CY>32</CY>
    </Size>
    <Style_VScroll>false</Style_VScroll>
    <Style_HScroll>false</Style_HScroll>
    <Style_Transparent>false</Style_Transparent>
    <ButtonDrawTemplate>
      <Normal>RedIconBackground</Normal>
      <NormalDecal>BuffIcons</NormalDecal>
    </ButtonDrawTemplate>
    <DecalOffset>
      <X>2</X>
      <Y>2</Y>
    </DecalOffset>
    <DecalSize>
      <CX>28</CX>
      <CY>28</CY>
    </DecalSize>
  </Button>
  <Label item="SDBW_Buff19_Place">
    <ScreenID>SDBWBuff19Place</ScreenID>
    <Font>1</Font>
    <Location>
      <X>639</X>
      <Y>12</Y>
    </Location>
    <Size>
      <CX>10</CX>
      <CY>10</CY>
    </Size>
    <TextColor>
      <R>197</R>
      <G>183</G>
      <B>173</B>
    </TextColor>
    <NoWrap>true</NoWrap>
    <AlignCenter>true</AlignCenter>
    <AlignRight>false</AlignRight>
  </Label>
  <!-- Buff 20 End -->
  <Screen item="ShortDurationBuffWindow">
    <!--<ScreenID/>-->
    <Text>Songs</Text>
    <RelativePosition>false</RelativePosition>
    <Location>
      <X>639</X>
      <Y>12</Y>
    </Location>
    <Size>
      <CX>660</CX>
      <CY>42</CY>
    </Size>
    <Style_VScroll>false</Style_VScroll>
    <Style_HScroll>false</Style_HScroll>
    <Style_Transparent>true</Style_Transparent>
    <DrawTemplate>WDT_Def</DrawTemplate>
    <Style_Titlebar>false</Style_Titlebar>
    <Style_Closebox>false</Style_Closebox>
    <Style_Minimizebox>false</Style_Minimizebox>
    <Style_Border>false</Style_Border>
    <Style_Sizable>false</Style_Sizable>
    <Pieces>Drak_ShortBuffBack1</Pieces>
    <Pieces>Drak_ShortBuffBack2</Pieces>
    <Pieces>Drak_ShortBuffBack3</Pieces>
    <Pieces>Drak_ShortBuffBack4</Pieces>
    <Pieces>SDBW_Buff0_Button</Pieces>
    <Pieces>SDBW_Buff1_Button</Pieces>
    <Pieces>SDBW_Buff2_Button</Pieces>
    <Pieces>SDBW_Buff3_Button</Pieces>
    <Pieces>SDBW_Buff4_Button</Pieces>
    <Pieces>SDBW_Buff5_Button</Pieces>
    <Pieces>SDBW_Buff6_Button</Pieces>
    <Pieces>SDBW_Buff7_Button</Pieces>
    <Pieces>SDBW_Buff8_Button</Pieces>
    <Pieces>SDBW_Buff9_Button</Pieces>
    <Pieces>SDBW_Buff10_Button</Pieces>
    <Pieces>SDBW_Buff11_Button</Pieces>
    <Pieces>SDBW_Buff12_Button</Pieces>
    <Pieces>SDBW_Buff13_Button</Pieces>
    <Pieces>SDBW_Buff14_Button</Pieces>
    <Pieces>SDBW_Buff15_Button</Pieces>
    <Pieces>SDBW_Buff16_Button</Pieces>
    <Pieces>SDBW_Buff17_Button</Pieces>
    <Pieces>SDBW_Buff18_Button</Pieces>
    <Pieces>SDBW_Buff19_Button</Pieces>
    <Pieces>SDBW_Buff0_Place</Pieces>
    <Pieces>SDBW_Buff1_Place</Pieces>
    <Pieces>SDBW_Buff2_Place</Pieces>
    <Pieces>SDBW_Buff3_Place</Pieces>
    <Pieces>SDBW_Buff4_Place</Pieces>
    <Pieces>SDBW_Buff5_Place</Pieces>
    <Pieces>SDBW_Buff6_Place</Pieces>
    <Pieces>SDBW_Buff7_Place</Pieces>
    <Pieces>SDBW_Buff8_Place</Pieces>
    <Pieces>SDBW_Buff9_Place</Pieces>
    <Pieces>SDBW_Buff10_Place</Pieces>
    <Pieces>SDBW_Buff11_Place</Pieces>
    <Pieces>SDBW_Buff12_Place</Pieces>
    <Pieces>SDBW_Buff13_Place</Pieces>
    <Pieces>SDBW_Buff14_Place</Pieces>
    <Pieces>SDBW_Buff15_Place</Pieces>
    <Pieces>SDBW_Buff16_Place</Pieces>
    <Pieces>SDBW_Buff17_Place</Pieces>
    <Pieces>SDBW_Buff18_Place</Pieces>
    <Pieces>SDBW_Buff19_Place</Pieces>
  </Screen>
</XML>