<?xml version="1.0" encoding="us-ascii"?>
<XML ID="EQInterfaceDefinitionLanguage">
  <Schema xmlns="EverQuestData" xmlns:dt="EverQuestDataTypes" />
  <!-- Created by btmpkd -->
  <TextureInfo item="btmpkd_buffs.tga">
    <Size>
      <CX>256</CX>
      <CY>256</CY>
    </Size>
  </TextureInfo>
  <Ui2DAnimation item="Drak_BuffBackground">
    <Frames>
      <Texture>btmpkd_buffs.tga</Texture>
      <Location>
        <X>0</X>
        <Y>0</Y>
      </Location>
      <Size>
        <CX>165</CX>
        <CY>42</CY>
      </Size>
      <Hotspot>
        <X>0</X>
        <Y>0</Y>
      </Hotspot>
    </Frames>
  </Ui2DAnimation>
  <StaticAnimation item="Drak_BuffBack1">
    <ScreenID>Drak_BuffBack1</ScreenID>
    <RelativePosition>true</RelativePosition>
    <Location>
      <X>0</X>
      <Y>1</Y>
    </Location>
    <Size>
      <CX>165</CX>
      <CY>42</CY>
    </Size>
    <Animation>Drak_BuffBackground</Animation>
  </StaticAnimation>
  <StaticAnimation item="Drak_BuffBack2">
    <ScreenID>Drak_BuffBack2</ScreenID>
    <RelativePosition>true</RelativePosition>
    <Location>
      <X>165</X>
      <Y>1</Y>
    </Location>
    <Size>
      <CX>165</CX>
      <CY>42</CY>
    </Size>
    <Animation>Drak_BuffBackground</Animation>
  </StaticAnimation>
  <StaticAnimation item="Drak_BuffBack3">
    <ScreenID>Drak_BuffBack3</ScreenID>
    <RelativePosition>true</RelativePosition>
    <Location>
      <X>330</X>
      <Y>1</Y>
    </Location>
    <Size>
      <CX>165</CX>
      <CY>42</CY>
    </Size>
    <Animation>Drak_BuffBackground</Animation>
  </StaticAnimation>
  <StaticAnimation item="Drak_BuffBack4">
    <ScreenID>Drak_BuffBack4</ScreenID>
    <RelativePosition>true</RelativePosition>
    <Location>
      <X>495</X>
      <Y>1</Y>
    </Location>
    <Size>
      <CX>165</CX>
      <CY>42</CY>
    </Size>
    <Animation>Drak_BuffBackground</Animation>
  </StaticAnimation>
  <StaticAnimation item="Drak_BuffBack5">
    <ScreenID>Drak_BuffBack5</ScreenID>
    <RelativePosition>true</RelativePosition>
    <Location>
      <X>660</X>
      <Y>1</Y>
    </Location>
    <Size>
      <CX>165</CX>
      <CY>42</CY>
    </Size>
    <Animation>Drak_BuffBackground</Animation>
  </StaticAnimation>
  <StaticAnimation item="Drak_BuffBack6">
    <ScreenID>Drak_BuffBack6</ScreenID>
    <RelativePosition>true</RelativePosition>
    <Location>
      <X>825</X>
      <Y>1</Y>
    </Location>
    <Size>
      <CX>165</CX>
      <CY>42</CY>
    </Size>
    <Animation>Drak_BuffBackground</Animation>
  </StaticAnimation>
  <!-- Buff 1 Start -->
  <Button item="BW_Buff0_Button">
    <ScreenID>Buff0</ScreenID>
    <Location>
      <X>957</X>
      <Y>3</Y>
    </Location>
    <Size>
      <CX>32</CX>
      <CY>32</CY>
    </Size>
    <Style_VScroll>false</Style_VScroll>
    <Style_HScroll>false</Style_HScroll>
    <Style_Transparent>false</Style_Transparent>
    <Style_Checkbox>false</Style_Checkbox>
    <ButtonDrawTemplate>
      <Normal>BlackPixel</Normal>
      <NormalDecal>BuffIcons</NormalDecal>
    </ButtonDrawTemplate>
    <DecalOffset>
      <X>2</X>
      <Y>2</Y>
    </DecalOffset>
    <DecalSize>
      <CX>28</CX>
      <CY>28</CY>
    </DecalSize>
  </Button>
  <Label item="BW_Buff0_Place">
    <ScreenID>BWBuff0Place</ScreenID>
    <Font>1</Font>
    <Location>
      <X>969</X>
      <Y>12</Y>
    </Location>
    <Size>
      <CX>10</CX>
      <CY>10</CY>
    </Size>
    <TextColor>
      <R>197</R>
      <G>183</G>
      <B>173</B>
    </TextColor>
    <NoWrap>true</NoWrap>
    <AlignCenter>true</AlignCenter>
    <AlignRight>false</AlignRight>
  </Label>
  <!-- Buff 1 End -->
  <!-- Buff 2 Start -->
  <Button item="BW_Buff1_Button">
    <ScreenID>Buff1</ScreenID>
    <Location>
      <X>924</X>
      <Y>3</Y>
    </Location>
    <Size>
      <CX>32</CX>
      <CY>32</CY>
    </Size>
    <Style_VScroll>false</Style_VScroll>
    <Style_HScroll>false</Style_HScroll>
    <Style_Transparent>false</Style_Transparent>
    <Style_Checkbox>false</Style_Checkbox>
    <RadioGroup />
    <ButtonDrawTemplate>
      <Normal>BlackPixel</Normal>
      <NormalDecal>BuffIcons</NormalDecal>
    </ButtonDrawTemplate>
    <DecalOffset>
      <X>2</X>
      <Y>2</Y>
    </DecalOffset>
    <DecalSize>
      <CX>28</CX>
      <CY>28</CY>
    </DecalSize>
  </Button>
  <Label item="BW_Buff1_Place">
    <ScreenID>BWBuff1Place</ScreenID>
    <Font>1</Font>
    <Location>
      <X>936</X>
      <Y>12</Y>
    </Location>
    <Size>
      <CX>10</CX>
      <CY>10</CY>
    </Size>
    <TextColor>
      <R>197</R>
      <G>183</G>
      <B>173</B>
    </TextColor>
    <NoWrap>true</NoWrap>
    <AlignCenter>true</AlignCenter>
    <AlignRight>false</AlignRight>
  </Label>
  <!-- Buff 2 End -->
  <!-- Buff 3 Start -->
  <Button item="BW_Buff2_Button">
    <ScreenID>Buff2</ScreenID>
    <Location>
      <X>891</X>
      <Y>3</Y>
    </Location>
    <Size>
      <CX>32</CX>
      <CY>32</CY>
    </Size>
    <Style_VScroll>false</Style_VScroll>
    <Style_HScroll>false</Style_HScroll>
    <Style_Transparent>false</Style_Transparent>
    <Style_Checkbox>false</Style_Checkbox>
    <RadioGroup />
    <ButtonDrawTemplate>
      <Normal>BlackPixel</Normal>
      <NormalDecal>BuffIcons</NormalDecal>
    </ButtonDrawTemplate>
    <DecalOffset>
      <X>2</X>
      <Y>2</Y>
    </DecalOffset>
    <DecalSize>
      <CX>28</CX>
      <CY>28</CY>
    </DecalSize>
  </Button>
  <Label item="BW_Buff2_Place">
    <ScreenID>BWBuff2Place</ScreenID>
    <Font>1</Font>
    <Location>
      <X>903</X>
      <Y>12</Y>
    </Location>
    <Size>
      <CX>10</CX>
      <CY>10</CY>
    </Size>
    <TextColor>
      <R>197</R>
      <G>183</G>
      <B>173</B>
    </TextColor>
    <NoWrap>true</NoWrap>
    <AlignCenter>true</AlignCenter>
    <AlignRight>false</AlignRight>
  </Label>
  <!-- Buff 3 End -->
  <!-- Buff 4 Start -->
  <Button item="BW_Buff3_Button">
    <ScreenID>Buff3</ScreenID>
    <Location>
      <X>858</X>
      <Y>3</Y>
    </Location>
    <Size>
      <CX>32</CX>
      <CY>32</CY>
    </Size>
    <Style_VScroll>false</Style_VScroll>
    <Style_HScroll>false</Style_HScroll>
    <Style_Transparent>false</Style_Transparent>
    <Style_Checkbox>false</Style_Checkbox>
    <RadioGroup />
    <ButtonDrawTemplate>
      <Normal>BlackPixel</Normal>
      <NormalDecal>BuffIcons</NormalDecal>
    </ButtonDrawTemplate>
    <DecalOffset>
      <X>2</X>
      <Y>2</Y>
    </DecalOffset>
    <DecalSize>
      <CX>28</CX>
      <CY>28</CY>
    </DecalSize>
  </Button>
  <Label item="BW_Buff3_Place">
    <ScreenID>BWBuff3Place</ScreenID>
    <Font>1</Font>
    <Location>
      <X>870</X>
      <Y>12</Y>
    </Location>
    <Size>
      <CX>10</CX>
      <CY>10</CY>
    </Size>
    <TextColor>
      <R>197</R>
      <G>183</G>
      <B>173</B>
    </TextColor>
    <NoWrap>true</NoWrap>
    <AlignCenter>true</AlignCenter>
    <AlignRight>false</AlignRight>
  </Label>
  <!-- Buff 4 End -->
  <!-- Buff 5 Start -->
  <Button item="BW_Buff4_Button">
    <ScreenID>Buff4</ScreenID>
    <Location>
      <X>825</X>
      <Y>3</Y>
    </Location>
    <Size>
      <CX>32</CX>
      <CY>32</CY>
    </Size>
    <Style_VScroll>false</Style_VScroll>
    <Style_HScroll>false</Style_HScroll>
    <Style_Transparent>false</Style_Transparent>
    <TooltipReference />
    <Style_Checkbox>false</Style_Checkbox>
    <ButtonDrawTemplate>
      <Normal>BlackPixel</Normal>
      <NormalDecal>BuffIcons</NormalDecal>
    </ButtonDrawTemplate>
    <DecalOffset>
      <X>2</X>
      <Y>2</Y>
    </DecalOffset>
    <DecalSize>
      <CX>28</CX>
      <CY>28</CY>
    </DecalSize>
  </Button>
  <Label item="BW_Buff4_Place">
    <ScreenID>BWBuff4Place</ScreenID>
    <Font>1</Font>
    <Location>
      <X>837</X>
      <Y>12</Y>
    </Location>
    <Size>
      <CX>10</CX>
      <CY>10</CY>
    </Size>
    <TextColor>
      <R>197</R>
      <G>183</G>
      <B>173</B>
    </TextColor>
    <NoWrap>true</NoWrap>
    <AlignCenter>true</AlignCenter>
    <AlignRight>false</AlignRight>
  </Label>
  <!-- Buff 5 End -->
  <!-- Buff 6 Start -->
  <Button item="BW_Buff5_Button">
    <ScreenID>Buff5</ScreenID>
    <Location>
      <X>792</X>
      <Y>3</Y>
    </Location>
    <Size>
      <CX>32</CX>
      <CY>32</CY>
    </Size>
    <Style_VScroll>false</Style_VScroll>
    <Style_HScroll>false</Style_HScroll>
    <Style_Transparent>false</Style_Transparent>
    <Style_Checkbox>false</Style_Checkbox>
    <ButtonDrawTemplate>
      <Normal>BlackPixel</Normal>
      <NormalDecal>BuffIcons</NormalDecal>
    </ButtonDrawTemplate>
    <DecalOffset>
      <X>2</X>
      <Y>2</Y>
    </DecalOffset>
    <DecalSize>
      <CX>28</CX>
      <CY>28</CY>
    </DecalSize>
  </Button>
  <Label item="BW_Buff5_Place">
    <ScreenID>BWBuff5Place</ScreenID>
    <Font>1</Font>
    <Location>
      <X>804</X>
      <Y>12</Y>
    </Location>
    <Size>
      <CX>10</CX>
      <CY>10</CY>
    </Size>
    <TextColor>
      <R>197</R>
      <G>183</G>
      <B>173</B>
    </TextColor>
    <NoWrap>true</NoWrap>
    <AlignCenter>true</AlignCenter>
    <AlignRight>false</AlignRight>
  </Label>
  <!-- Buff 6 End -->
  <!-- Buff 7 Start -->
  <Button item="BW_Buff6_Button">
    <ScreenID>Buff6</ScreenID>
    <Location>
      <X>759</X>
      <Y>3</Y>
    </Location>
    <Size>
      <CX>32</CX>
      <CY>32</CY>
    </Size>
    <Style_VScroll>false</Style_VScroll>
    <Style_HScroll>false</Style_HScroll>
    <Style_Transparent>false</Style_Transparent>
    <TooltipReference />
    <Style_Checkbox>false</Style_Checkbox>
    <ButtonDrawTemplate>
      <Normal>BlackPixel</Normal>
      <NormalDecal>BuffIcons</NormalDecal>
    </ButtonDrawTemplate>
    <DecalOffset>
      <X>2</X>
      <Y>2</Y>
    </DecalOffset>
    <DecalSize>
      <CX>28</CX>
      <CY>28</CY>
    </DecalSize>
  </Button>
  <Label item="BW_Buff6_Place">
    <ScreenID>BWBuff6Place</ScreenID>
    <Font>1</Font>
    <Location>
      <X>771</X>
      <Y>12</Y>
    </Location>
    <Size>
      <CX>10</CX>
      <CY>10</CY>
    </Size>
    <TextColor>
      <R>197</R>
      <G>183</G>
      <B>173</B>
    </TextColor>
    <NoWrap>true</NoWrap>
    <AlignCenter>true</AlignCenter>
    <AlignRight>false</AlignRight>
  </Label>
  <!-- Buff 7 End -->
  <!-- Buff 8 Start -->
  <Button item="BW_Buff7_Button">
    <ScreenID>Buff7</ScreenID>
    <Location>
      <X>726</X>
      <Y>3</Y>
    </Location>
    <Size>
      <CX>32</CX>
      <CY>32</CY>
    </Size>
    <Style_VScroll>false</Style_VScroll>
    <Style_HScroll>false</Style_HScroll>
    <Style_Transparent>false</Style_Transparent>
    <Style_Checkbox>false</Style_Checkbox>
    <ButtonDrawTemplate>
      <Normal>BlackPixel</Normal>
      <NormalDecal>BuffIcons</NormalDecal>
    </ButtonDrawTemplate>
    <DecalOffset>
      <X>2</X>
      <Y>2</Y>
    </DecalOffset>
    <DecalSize>
      <CX>28</CX>
      <CY>28</CY>
    </DecalSize>
  </Button>
  <Label item="BW_Buff7_Place">
    <ScreenID>BWBuff7Place</ScreenID>
    <Font>1</Font>
    <Location>
      <X>738</X>
      <Y>12</Y>
    </Location>
    <Size>
      <CX>10</CX>
      <CY>10</CY>
    </Size>
    <TextColor>
      <R>197</R>
      <G>183</G>
      <B>173</B>
    </TextColor>
    <NoWrap>true</NoWrap>
    <AlignCenter>true</AlignCenter>
    <AlignRight>false</AlignRight>
  </Label>
  <!-- Buff 8 End -->
  <!-- Buff 9 Start -->
  <Button item="BW_Buff8_Button">
    <ScreenID>Buff8</ScreenID>
    <Location>
      <X>693</X>
      <Y>3</Y>
    </Location>
    <Size>
      <CX>32</CX>
      <CY>32</CY>
    </Size>
    <Style_VScroll>false</Style_VScroll>
    <Style_HScroll>false</Style_HScroll>
    <Style_Transparent>false</Style_Transparent>
    <Style_Checkbox>false</Style_Checkbox>
    <ButtonDrawTemplate>
      <Normal>BlackPixel</Normal>
      <NormalDecal>BuffIcons</NormalDecal>
    </ButtonDrawTemplate>
    <DecalOffset>
      <X>2</X>
      <Y>2</Y>
    </DecalOffset>
    <DecalSize>
      <CX>28</CX>
      <CY>28</CY>
    </DecalSize>
  </Button>
  <Label item="BW_Buff8_Place">
    <ScreenID>BWBuff8Place</ScreenID>
    <Font>1</Font>
    <Location>
      <X>705</X>
      <Y>12</Y>
    </Location>
    <Size>
      <CX>10</CX>
      <CY>10</CY>
    </Size>
    <TextColor>
      <R>197</R>
      <G>183</G>
      <B>173</B>
    </TextColor>
    <NoWrap>true</NoWrap>
    <AlignCenter>true</AlignCenter>
    <AlignRight>false</AlignRight>
  </Label>
  <!-- Buff 9 End -->
  <!-- Buff 10 Start -->
  <Button item="BW_Buff9_Button">
    <ScreenID>Buff9</ScreenID>
    <Location>
      <X>660</X>
      <Y>3</Y>
    </Location>
    <Size>
      <CX>32</CX>
      <CY>32</CY>
    </Size>
    <Style_VScroll>false</Style_VScroll>
    <Style_HScroll>false</Style_HScroll>
    <Style_Transparent>false</Style_Transparent>
    <Style_Checkbox>false</Style_Checkbox>
    <ButtonDrawTemplate>
      <Normal>BlackPixel</Normal>
      <NormalDecal>BuffIcons</NormalDecal>
    </ButtonDrawTemplate>
    <DecalOffset>
      <X>2</X>
      <Y>2</Y>
    </DecalOffset>
    <DecalSize>
      <CX>28</CX>
      <CY>28</CY>
    </DecalSize>
  </Button>
  <Label item="BW_Buff9_Place">
    <ScreenID>BWBuff9Place</ScreenID>
    <Font>1</Font>
    <Location>
      <X>672</X>
      <Y>12</Y>
    </Location>
    <Size>
      <CX>10</CX>
      <CY>10</CY>
    </Size>
    <TextColor>
      <R>197</R>
      <G>183</G>
      <B>173</B>
    </TextColor>
    <NoWrap>true</NoWrap>
    <AlignCenter>true</AlignCenter>
    <AlignRight>false</AlignRight>
  </Label>
  <!-- Buff 10 End -->
  <!-- Buff 11 Start -->
  <Button item="BW_Buff10_Button">
    <ScreenID>Buff10</ScreenID>
    <Location>
      <X>627</X>
      <Y>3</Y>
    </Location>
    <Size>
      <CX>32</CX>
      <CY>32</CY>
    </Size>
    <Style_VScroll>false</Style_VScroll>
    <Style_HScroll>false</Style_HScroll>
    <Style_Transparent>false</Style_Transparent>
    <Style_Checkbox>false</Style_Checkbox>
    <ButtonDrawTemplate>
      <Normal>BlackPixel</Normal>
      <NormalDecal>BuffIcons</NormalDecal>
    </ButtonDrawTemplate>
    <DecalOffset>
      <X>2</X>
      <Y>2</Y>
    </DecalOffset>
    <DecalSize>
      <CX>28</CX>
      <CY>28</CY>
    </DecalSize>
  </Button>
  <Label item="BW_Buff10_Place">
    <ScreenID>BWBuff10Place</ScreenID>
    <Font>1</Font>
    <Location>
      <X>639</X>
      <Y>12</Y>
    </Location>
    <Size>
      <CX>10</CX>
      <CY>10</CY>
    </Size>
    <TextColor>
      <R>197</R>
      <G>183</G>
      <B>173</B>
    </TextColor>
    <NoWrap>true</NoWrap>
    <AlignCenter>true</AlignCenter>
    <AlignRight>false</AlignRight>
  </Label>
  <!-- Buff 11 End -->
  <!-- Buff 12 Start -->
  <Button item="BW_Buff11_Button">
    <ScreenID>Buff11</ScreenID>
    <Location>
      <X>594</X>
      <Y>3</Y>
    </Location>
    <Size>
      <CX>32</CX>
      <CY>32</CY>
    </Size>
    <Style_VScroll>false</Style_VScroll>
    <Style_HScroll>false</Style_HScroll>
    <Style_Transparent>false</Style_Transparent>
    <Style_Checkbox>false</Style_Checkbox>
    <ButtonDrawTemplate>
      <Normal>BlackPixel</Normal>
      <NormalDecal>BuffIcons</NormalDecal>
    </ButtonDrawTemplate>
    <DecalOffset>
      <X>2</X>
      <Y>2</Y>
    </DecalOffset>
    <DecalSize>
      <CX>28</CX>
      <CY>28</CY>
    </DecalSize>
  </Button>
  <Label item="BW_Buff11_Place">
    <ScreenID>BWBuff11Place</ScreenID>
    <Font>1</Font>
    <Location>
      <X>606</X>
      <Y>12</Y>
    </Location>
    <Size>
      <CX>10</CX>
      <CY>10</CY>
    </Size>
    <TextColor>
      <R>197</R>
      <G>183</G>
      <B>173</B>
    </TextColor>
    <NoWrap>true</NoWrap>
    <AlignCenter>true</AlignCenter>
    <AlignRight>false</AlignRight>
  </Label>
  <!-- Buff 12 End -->
  <!-- Buff 13 Start -->
  <Button item="BW_Buff12_Button">
    <ScreenID>Buff12</ScreenID>
    <Location>
      <X>561</X>
      <Y>3</Y>
    </Location>
    <Size>
      <CX>32</CX>
      <CY>32</CY>
    </Size>
    <Style_VScroll>false</Style_VScroll>
    <Style_HScroll>false</Style_HScroll>
    <Style_Transparent>false</Style_Transparent>
    <Style_Checkbox>false</Style_Checkbox>
    <ButtonDrawTemplate>
      <Normal>BlackPixel</Normal>
      <NormalDecal>BuffIcons</NormalDecal>
    </ButtonDrawTemplate>
    <DecalOffset>
      <X>2</X>
      <Y>2</Y>
    </DecalOffset>
    <DecalSize>
      <CX>28</CX>
      <CY>28</CY>
    </DecalSize>
  </Button>
  <Label item="BW_Buff12_Place">
    <ScreenID>BWBuff12Place</ScreenID>
    <Font>1</Font>
    <Location>
      <X>573</X>
      <Y>12</Y>
    </Location>
    <Size>
      <CX>10</CX>
      <CY>10</CY>
    </Size>
    <TextColor>
      <R>197</R>
      <G>183</G>
      <B>173</B>
    </TextColor>
    <NoWrap>true</NoWrap>
    <AlignCenter>true</AlignCenter>
    <AlignRight>false</AlignRight>
  </Label>
  <!-- Buff 13 End -->
  <!-- Buff 14 Start -->
  <Button item="BW_Buff13_Button">
    <ScreenID>Buff13</ScreenID>
    <Location>
      <X>528</X>
      <Y>3</Y>
    </Location>
    <Size>
      <CX>32</CX>
      <CY>32</CY>
    </Size>
    <Style_VScroll>false</Style_VScroll>
    <Style_HScroll>false</Style_HScroll>
    <Style_Transparent>false</Style_Transparent>
    <Style_Checkbox>false</Style_Checkbox>
    <ButtonDrawTemplate>
      <Normal>BlackPixel</Normal>
      <NormalDecal>BuffIcons</NormalDecal>
    </ButtonDrawTemplate>
    <DecalOffset>
      <X>2</X>
      <Y>2</Y>
    </DecalOffset>
    <DecalSize>
      <CX>28</CX>
      <CY>28</CY>
    </DecalSize>
  </Button>
  <Label item="BW_Buff13_Place">
    <ScreenID>BWBuff13Place</ScreenID>
    <Font>1</Font>
    <Location>
      <X>540</X>
      <Y>12</Y>
    </Location>
    <Size>
      <CX>10</CX>
      <CY>10</CY>
    </Size>
    <TextColor>
      <R>197</R>
      <G>183</G>
      <B>173</B>
    </TextColor>
    <NoWrap>true</NoWrap>
    <AlignCenter>true</AlignCenter>
    <AlignRight>false</AlignRight>
  </Label>
  <!-- Buff 14 End -->
  <!-- Buff 15 Start -->
  <Button item="BW_Buff14_Button">
    <ScreenID>Buff14</ScreenID>
    <Location>
      <X>495</X>
      <Y>3</Y>
    </Location>
    <Size>
      <CX>32</CX>
      <CY>32</CY>
    </Size>
    <Style_VScroll>false</Style_VScroll>
    <Style_HScroll>false</Style_HScroll>
    <Style_Transparent>false</Style_Transparent>
    <Style_Checkbox>false</Style_Checkbox>
    <ButtonDrawTemplate>
      <Normal>BlackPixel</Normal>
      <NormalDecal>BuffIcons</NormalDecal>
    </ButtonDrawTemplate>
    <DecalOffset>
      <X>2</X>
      <Y>2</Y>
    </DecalOffset>
    <DecalSize>
      <CX>28</CX>
      <CY>28</CY>
    </DecalSize>
  </Button>
  <Label item="BW_Buff14_Place">
    <ScreenID>BWBuff14Place</ScreenID>
    <Font>1</Font>
    <Location>
      <X>507</X>
      <Y>12</Y>
    </Location>
    <Size>
      <CX>10</CX>
      <CY>10</CY>
    </Size>
    <TextColor>
      <R>197</R>
      <G>183</G>
      <B>173</B>
    </TextColor>
    <NoWrap>true</NoWrap>
    <AlignCenter>true</AlignCenter>
    <AlignRight>false</AlignRight>
  </Label>
  <!-- Buff 15 End -->
  <!-- Buff 16 Start -->
  <Button item="BW_Buff15_Button">
    <ScreenID>Buff15</ScreenID>
    <Location>
      <X>462</X>
      <Y>3</Y>
    </Location>
    <Size>
      <CX>32</CX>
      <CY>32</CY>
    </Size>
    <Style_VScroll>false</Style_VScroll>
    <Style_HScroll>false</Style_HScroll>
    <Style_Transparent>false</Style_Transparent>
    <Style_Checkbox>false</Style_Checkbox>
    <ButtonDrawTemplate>
      <Normal>BlackPixel</Normal>
      <NormalDecal>BuffIcons</NormalDecal>
    </ButtonDrawTemplate>
    <DecalOffset>
      <X>2</X>
      <Y>2</Y>
    </DecalOffset>
    <DecalSize>
      <CX>28</CX>
      <CY>28</CY>
    </DecalSize>
  </Button>
  <Label item="BW_Buff15_Place">
    <ScreenID>BWBuff15Place</ScreenID>
    <Font>1</Font>
    <Location>
      <X>474</X>
      <Y>12</Y>
    </Location>
    <Size>
      <CX>10</CX>
      <CY>10</CY>
    </Size>
    <TextColor>
      <R>197</R>
      <G>183</G>
      <B>173</B>
    </TextColor>
    <NoWrap>true</NoWrap>
    <AlignCenter>true</AlignCenter>
    <AlignRight>false</AlignRight>
  </Label>
  <!-- Buff 16 End -->
  <!-- Buff 17 Start -->
  <Button item="BW_Buff16_Button">
    <ScreenID>Buff16</ScreenID>
    <Location>
      <X>429</X>
      <Y>3</Y>
    </Location>
    <Size>
      <CX>32</CX>
      <CY>32</CY>
    </Size>
    <Style_VScroll>false</Style_VScroll>
    <Style_HScroll>false</Style_HScroll>
    <Style_Transparent>false</Style_Transparent>
    <Style_Checkbox>false</Style_Checkbox>
    <ButtonDrawTemplate>
      <Normal>BlackPixel</Normal>
      <NormalDecal>BuffIcons</NormalDecal>
    </ButtonDrawTemplate>
    <DecalOffset>
      <X>2</X>
      <Y>2</Y>
    </DecalOffset>
    <DecalSize>
      <CX>28</CX>
      <CY>28</CY>
    </DecalSize>
  </Button>
  <Label item="BW_Buff16_Place">
    <ScreenID>BWBuff16Place</ScreenID>
    <Font>1</Font>
    <Location>
      <X>441</X>
      <Y>12</Y>
    </Location>
    <Size>
      <CX>10</CX>
      <CY>10</CY>
    </Size>
    <TextColor>
      <R>197</R>
      <G>183</G>
      <B>173</B>
    </TextColor>
    <NoWrap>true</NoWrap>
    <AlignCenter>true</AlignCenter>
    <AlignRight>false</AlignRight>
  </Label>
  <!-- Buff 17 End -->
  <!-- Buff 18 Start -->
  <Button item="BW_Buff17_Button">
    <ScreenID>Buff17</ScreenID>
    <Location>
      <X>396</X>
      <Y>3</Y>
    </Location>
    <Size>
      <CX>32</CX>
      <CY>32</CY>
    </Size>
    <Style_VScroll>false</Style_VScroll>
    <Style_HScroll>false</Style_HScroll>
    <Style_Transparent>false</Style_Transparent>
    <Style_Checkbox>false</Style_Checkbox>
    <ButtonDrawTemplate>
      <Normal>BlackPixel</Normal>
      <NormalDecal>BuffIcons</NormalDecal>
    </ButtonDrawTemplate>
    <DecalOffset>
      <X>2</X>
      <Y>2</Y>
    </DecalOffset>
    <DecalSize>
      <CX>28</CX>
      <CY>28</CY>
    </DecalSize>
  </Button>
  <Label item="BW_Buff17_Place">
    <ScreenID>BWBuff17Place</ScreenID>
    <Font>1</Font>
    <Location>
      <X>408</X>
      <Y>12</Y>
    </Location>
    <Size>
      <CX>10</CX>
      <CY>10</CY>
    </Size>
    <TextColor>
      <R>197</R>
      <G>183</G>
      <B>173</B>
    </TextColor>
    <NoWrap>true</NoWrap>
    <AlignCenter>true</AlignCenter>
    <AlignRight>false</AlignRight>
  </Label>
  <!-- Buff 18 End -->
  <!-- Buff 19 Start -->
  <Button item="BW_Buff18_Button">
    <ScreenID>Buff18</ScreenID>
    <Location>
      <X>363</X>
      <Y>3</Y>
    </Location>
    <Size>
      <CX>32</CX>
      <CY>32</CY>
    </Size>
    <Style_VScroll>false</Style_VScroll>
    <Style_HScroll>false</Style_HScroll>
    <Style_Transparent>false</Style_Transparent>
    <Style_Checkbox>false</Style_Checkbox>
    <ButtonDrawTemplate>
      <Normal>BlackPixel</Normal>
      <NormalDecal>BuffIcons</NormalDecal>
    </ButtonDrawTemplate>
    <DecalOffset>
      <X>2</X>
      <Y>2</Y>
    </DecalOffset>
    <DecalSize>
      <CX>28</CX>
      <CY>28</CY>
    </DecalSize>
  </Button>
  <Label item="BW_Buff18_Place">
    <ScreenID>BWBuff18Place</ScreenID>
    <Font>1</Font>
    <Location>
      <X>375</X>
      <Y>12</Y>
    </Location>
    <Size>
      <CX>10</CX>
      <CY>10</CY>
    </Size>
    <TextColor>
      <R>197</R>
      <G>183</G>
      <B>173</B>
    </TextColor>
    <NoWrap>true</NoWrap>
    <AlignCenter>true</AlignCenter>
    <AlignRight>false</AlignRight>
  </Label>
  <!-- Buff 19 End -->
  <!-- Buff 20 Start -->
  <Button item="BW_Buff19_Button">
    <ScreenID>Buff19</ScreenID>
    <Location>
      <X>330</X>
      <Y>3</Y>
    </Location>
    <Size>
      <CX>32</CX>
      <CY>32</CY>
    </Size>
    <Style_VScroll>false</Style_VScroll>
    <Style_HScroll>false</Style_HScroll>
    <Style_Transparent>false</Style_Transparent>
    <Style_Checkbox>false</Style_Checkbox>
    <ButtonDrawTemplate>
      <Normal>BlackPixel</Normal>
      <NormalDecal>BuffIcons</NormalDecal>
    </ButtonDrawTemplate>
    <DecalOffset>
      <X>2</X>
      <Y>2</Y>
    </DecalOffset>
    <DecalSize>
      <CX>28</CX>
      <CY>28</CY>
    </DecalSize>
  </Button>
  <Label item="BW_Buff19_Place">
    <ScreenID>BWBuff19Place</ScreenID>
    <Font>1</Font>
    <Location>
      <X>342</X>
      <Y>12</Y>
    </Location>
    <Size>
      <CX>10</CX>
      <CY>10</CY>
    </Size>
    <TextColor>
      <R>197</R>
      <G>183</G>
      <B>173</B>
    </TextColor>
    <NoWrap>true</NoWrap>
    <AlignCenter>true</AlignCenter>
    <AlignRight>false</AlignRight>
  </Label>
  <!-- Buff 20 End -->
  <!-- Buff 21 Start -->
  <Button item="BW_Buff20_Button">
    <ScreenID>Buff20</ScreenID>
    <Location>
      <X>297</X>
      <Y>3</Y>
    </Location>
    <Size>
      <CX>32</CX>
      <CY>32</CY>
    </Size>
    <Style_VScroll>false</Style_VScroll>
    <Style_HScroll>false</Style_HScroll>
    <Style_Transparent>false</Style_Transparent>
    <Style_Checkbox>false</Style_Checkbox>
    <ButtonDrawTemplate>
      <Normal>BlackPixel</Normal>
      <NormalDecal>BuffIcons</NormalDecal>
    </ButtonDrawTemplate>
    <DecalOffset>
      <X>2</X>
      <Y>2</Y>
    </DecalOffset>
    <DecalSize>
      <CX>28</CX>
      <CY>28</CY>
    </DecalSize>
  </Button>
  <Label item="BW_Buff20_Place">
    <ScreenID>BWBuff20Place</ScreenID>
    <Font>1</Font>
    <Location>
      <X>309</X>
      <Y>12</Y>
    </Location>
    <Size>
      <CX>10</CX>
      <CY>10</CY>
    </Size>
    <TextColor>
      <R>197</R>
      <G>183</G>
      <B>173</B>
    </TextColor>
    <NoWrap>true</NoWrap>
    <AlignCenter>true</AlignCenter>
    <AlignRight>false</AlignRight>
  </Label>
  <!-- Buff 21 End -->
  <!-- Buff 22 Start -->
  <Button item="BW_Buff21_Button">
    <ScreenID>Buff21</ScreenID>
    <Location>
      <X>264</X>
      <Y>3</Y>
    </Location>
    <Size>
      <CX>32</CX>
      <CY>32</CY>
    </Size>
    <Style_VScroll>false</Style_VScroll>
    <Style_HScroll>false</Style_HScroll>
    <Style_Transparent>false</Style_Transparent>
    <Style_Checkbox>false</Style_Checkbox>
    <ButtonDrawTemplate>
      <Normal>BlackPixel</Normal>
      <NormalDecal>BuffIcons</NormalDecal>
    </ButtonDrawTemplate>
    <DecalOffset>
      <X>2</X>
      <Y>2</Y>
    </DecalOffset>
    <DecalSize>
      <CX>28</CX>
      <CY>28</CY>
    </DecalSize>
  </Button>
  <Label item="BW_Buff21_Place">
    <ScreenID>BWBuff21Place</ScreenID>
    <Font>1</Font>
    <Location>
      <X>276</X>
      <Y>12</Y>
    </Location>
    <Size>
      <CX>10</CX>
      <CY>10</CY>
    </Size>
    <TextColor>
      <R>197</R>
      <G>183</G>
      <B>173</B>
    </TextColor>
    <NoWrap>true</NoWrap>
    <AlignCenter>true</AlignCenter>
    <AlignRight>false</AlignRight>
  </Label>
  <!-- Buff 22 End -->
  <!-- Buff 23 Start -->
  <Button item="BW_Buff22_Button">
    <ScreenID>Buff22</ScreenID>
    <Location>
      <X>231</X>
      <Y>3</Y>
    </Location>
    <Size>
      <CX>32</CX>
      <CY>32</CY>
    </Size>
    <Style_VScroll>false</Style_VScroll>
    <Style_HScroll>false</Style_HScroll>
    <Style_Transparent>false</Style_Transparent>
    <Style_Checkbox>false</Style_Checkbox>
    <ButtonDrawTemplate>
      <Normal>BlackPixel</Normal>
      <NormalDecal>BuffIcons</NormalDecal>
    </ButtonDrawTemplate>
    <DecalOffset>
      <X>2</X>
      <Y>2</Y>
    </DecalOffset>
    <DecalSize>
      <CX>28</CX>
      <CY>28</CY>
    </DecalSize>
  </Button>
  <Label item="BW_Buff22_Place">
    <ScreenID>BWBuff22Place</ScreenID>
    <Font>1</Font>
    <Location>
      <X>243</X>
      <Y>12</Y>
    </Location>
    <Size>
      <CX>10</CX>
      <CY>10</CY>
    </Size>
    <TextColor>
      <R>197</R>
      <G>183</G>
      <B>173</B>
    </TextColor>
    <NoWrap>true</NoWrap>
    <AlignCenter>true</AlignCenter>
    <AlignRight>false</AlignRight>
  </Label>
  <!-- Buff 23 End -->
  <!-- Buff 24 Start -->
  <Button item="BW_Buff23_Button">
    <ScreenID>Buff23</ScreenID>
    <Location>
      <X>198</X>
      <Y>3</Y>
    </Location>
    <Size>
      <CX>32</CX>
      <CY>32</CY>
    </Size>
    <Style_VScroll>false</Style_VScroll>
    <Style_HScroll>false</Style_HScroll>
    <Style_Transparent>false</Style_Transparent>
    <Style_Checkbox>false</Style_Checkbox>
    <ButtonDrawTemplate>
      <Normal>BlackPixel</Normal>
      <NormalDecal>BuffIcons</NormalDecal>
    </ButtonDrawTemplate>
    <DecalOffset>
      <X>2</X>
      <Y>2</Y>
    </DecalOffset>
    <DecalSize>
      <CX>28</CX>
      <CY>28</CY>
    </DecalSize>
  </Button>
  <Label item="BW_Buff23_Place">
    <ScreenID>BWBuff23Place</ScreenID>
    <Font>1</Font>
    <Location>
      <X>210</X>
      <Y>12</Y>
    </Location>
    <Size>
      <CX>10</CX>
      <CY>10</CY>
    </Size>
    <TextColor>
      <R>197</R>
      <G>183</G>
      <B>173</B>
    </TextColor>
    <NoWrap>true</NoWrap>
    <AlignCenter>true</AlignCenter>
    <AlignRight>false</AlignRight>
  </Label>
  <!-- Buff 24 End -->
  <!-- Buff 25 Start -->
  <Button item="BW_Buff24_Button">
    <ScreenID>Buff24</ScreenID>
    <Location>
      <X>165</X>
      <Y>3</Y>
    </Location>
    <Size>
      <CX>32</CX>
      <CY>32</CY>
    </Size>
    <Style_VScroll>false</Style_VScroll>
    <Style_HScroll>false</Style_HScroll>
    <Style_Transparent>false</Style_Transparent>
    <Style_Checkbox>false</Style_Checkbox>
    <ButtonDrawTemplate>
      <Normal>BlackPixel</Normal>
      <NormalDecal>BuffIcons</NormalDecal>
    </ButtonDrawTemplate>
    <DecalOffset>
      <X>2</X>
      <Y>2</Y>
    </DecalOffset>
    <DecalSize>
      <CX>28</CX>
      <CY>28</CY>
    </DecalSize>
  </Button>
  <Label item="BW_Buff24_Place">
    <ScreenID>BWBuff24Place</ScreenID>
    <Font>1</Font>
    <Location>
      <X>177</X>
      <Y>12</Y>
    </Location>
    <Size>
      <CX>10</CX>
      <CY>10</CY>
    </Size>
    <TextColor>
      <R>197</R>
      <G>183</G>
      <B>173</B>
    </TextColor>
    <NoWrap>true</NoWrap>
    <AlignCenter>true</AlignCenter>
    <AlignRight>false</AlignRight>
  </Label>
  <!-- Buff 25 End -->
  <!-- Buff 26 -->
  <Button item="BW_Buff25_Button">
    <ScreenID>Buff25</ScreenID>
    <Location>
      <X>132</X>
      <Y>3</Y>
    </Location>
    <Size>
      <CX>32</CX>
      <CY>32</CY>
    </Size>
    <Style_VScroll>false</Style_VScroll>
    <Style_HScroll>false</Style_HScroll>
    <Style_Transparent>false</Style_Transparent>
    <Style_Checkbox>false</Style_Checkbox>
    <ButtonDrawTemplate>
      <Normal>BlackPixel</Normal>
      <NormalDecal>BuffIcons</NormalDecal>
    </ButtonDrawTemplate>
    <DecalOffset>
      <X>2</X>
      <Y>2</Y>
    </DecalOffset>
    <DecalSize>
      <CX>28</CX>
      <CY>28</CY>
    </DecalSize>
  </Button>
  <Label item="BW_Buff25_Place">
    <ScreenID>BWBuff25Place</ScreenID>
    <Font>1</Font>
    <Location>
      <X>144</X>
      <Y>12</Y>
    </Location>
    <Size>
      <CX>10</CX>
      <CY>10</CY>
    </Size>
    <TextColor>
      <R>197</R>
      <G>183</G>
      <B>173</B>
    </TextColor>
    <NoWrap>true</NoWrap>
    <AlignCenter>true</AlignCenter>
    <AlignRight>false</AlignRight>
  </Label>
  <!-- Buff 26 End -->
  <!-- Buff 27 -->
  <Button item="BW_Buff26_Button">
    <ScreenID>Buff26</ScreenID>
    <Location>
      <X>99</X>
      <Y>3</Y>
    </Location>
    <Size>
      <CX>32</CX>
      <CY>32</CY>
    </Size>
    <Style_VScroll>false</Style_VScroll>
    <Style_HScroll>false</Style_HScroll>
    <Style_Transparent>false</Style_Transparent>
    <Style_Checkbox>false</Style_Checkbox>
    <ButtonDrawTemplate>
      <Normal>BlackPixel</Normal>
      <NormalDecal>BuffIcons</NormalDecal>
    </ButtonDrawTemplate>
    <DecalOffset>
      <X>2</X>
      <Y>2</Y>
    </DecalOffset>
    <DecalSize>
      <CX>28</CX>
      <CY>28</CY>
    </DecalSize>
  </Button>
  <Label item="BW_Buff26_Place">
    <ScreenID>BWBuff26Place</ScreenID>
    <Font>1</Font>
    <Location>
      <X>111</X>
      <Y>12</Y>
    </Location>
    <Size>
      <CX>10</CX>
      <CY>10</CY>
    </Size>
    <TextColor>
      <R>197</R>
      <G>183</G>
      <B>173</B>
    </TextColor>
    <NoWrap>true</NoWrap>
    <AlignCenter>true</AlignCenter>
    <AlignRight>false</AlignRight>
  </Label>
  <!-- Buff 27 End -->
  <!-- Buff 28 -->
  <Button item="BW_Buff27_Button">
    <ScreenID>Buff27</ScreenID>
    <Location>
      <X>66</X>
      <Y>3</Y>
    </Location>
    <Size>
      <CX>32</CX>
      <CY>32</CY>
    </Size>
    <Style_VScroll>false</Style_VScroll>
    <Style_HScroll>false</Style_HScroll>
    <Style_Transparent>false</Style_Transparent>
    <Style_Checkbox>false</Style_Checkbox>
    <ButtonDrawTemplate>
      <Normal>BlackPixel</Normal>
      <NormalDecal>BuffIcons</NormalDecal>
    </ButtonDrawTemplate>
    <DecalOffset>
      <X>2</X>
      <Y>2</Y>
    </DecalOffset>
    <DecalSize>
      <CX>28</CX>
      <CY>28</CY>
    </DecalSize>
  </Button>
  <Label item="BW_Buff27_Place">
    <ScreenID>BWBuff27Place</ScreenID>
    <Font>1</Font>
    <Location>
      <X>78</X>
      <Y>12</Y>
    </Location>
    <Size>
      <CX>10</CX>
      <CY>10</CY>
    </Size>
    <TextColor>
      <R>197</R>
      <G>183</G>
      <B>173</B>
    </TextColor>
    <NoWrap>true</NoWrap>
    <AlignCenter>true</AlignCenter>
    <AlignRight>false</AlignRight>
  </Label>
  <!-- Buff 28 End -->
  <!-- Buff 29 -->
  <Button item="BW_Buff28_Button">
    <ScreenID>Buff28</ScreenID>
    <Location>
      <X>33</X>
      <Y>3</Y>
    </Location>
    <Size>
      <CX>32</CX>
      <CY>32</CY>
    </Size>
    <Style_VScroll>false</Style_VScroll>
    <Style_HScroll>false</Style_HScroll>
    <Style_Transparent>false</Style_Transparent>
    <Style_Checkbox>false</Style_Checkbox>
    <ButtonDrawTemplate>
      <Normal>BlackPixel</Normal>
      <NormalDecal>BuffIcons</NormalDecal>
    </ButtonDrawTemplate>
    <DecalOffset>
      <X>2</X>
      <Y>2</Y>
    </DecalOffset>
    <DecalSize>
      <CX>28</CX>
      <CY>28</CY>
    </DecalSize>
  </Button>
  <Label item="BW_Buff28_Place">
    <ScreenID>BWBuff28Place</ScreenID>
    <Font>1</Font>
    <Location>
      <X>45</X>
      <Y>12</Y>
    </Location>
    <Size>
      <CX>10</CX>
      <CY>10</CY>
    </Size>
    <TextColor>
      <R>197</R>
      <G>183</G>
      <B>173</B>
    </TextColor>
    <NoWrap>true</NoWrap>
    <AlignCenter>true</AlignCenter>
    <AlignRight>false</AlignRight>
  </Label>
  <!-- Buff 29 End -->
  <!-- Buff 30 -->
  <Button item="BW_Buff29_Button">
    <ScreenID>Buff29</ScreenID>
    <Location>
      <X>0</X>
      <Y>3</Y>
    </Location>
    <Size>
      <CX>32</CX>
      <CY>32</CY>
    </Size>
    <Style_VScroll>false</Style_VScroll>
    <Style_HScroll>false</Style_HScroll>
    <Style_Transparent>false</Style_Transparent>
    <Style_Checkbox>false</Style_Checkbox>
    <ButtonDrawTemplate>
      <Normal>BlackPixel</Normal>
      <NormalDecal>BuffIcons</NormalDecal>
    </ButtonDrawTemplate>
    <DecalOffset>
      <X>2</X>
      <Y>2</Y>
    </DecalOffset>
    <DecalSize>
      <CX>28</CX>
      <CY>28</CY>
    </DecalSize>
  </Button>
  <Label item="BW_Buff29_Place">
    <ScreenID>BWBuff29Place</ScreenID>
    <Font>1</Font>
    <Location>
      <X>12</X>
      <Y>12</Y>
    </Location>
    <Size>
      <CX>10</CX>
      <CY>10</CY>
    </Size>
    <TextColor>
      <R>197</R>
      <G>183</G>
      <B>173</B>
    </TextColor>
    <NoWrap>true</NoWrap>
    <AlignCenter>true</AlignCenter>
    <AlignRight>false</AlignRight>
  </Label>
  <!-- Buff 30 End -->
  <Screen item="BuffWindow">
    <!--<ScreenID/>-->
    <Text>Effects</Text>
    <RelativePosition>false</RelativePosition>
    <Location>
      <X>1</X>
      <Y>1</Y>
    </Location>
    <Size>
      <CX>990</CX>
      <CY>42</CY>
    </Size>
    <Style_VScroll>false</Style_VScroll>
    <Style_HScroll>false</Style_HScroll>
    <Style_Transparent>true</Style_Transparent>
    <!--<TooltipReference/>-->
    <DrawTemplate>WDT_Standard</DrawTemplate>
    <Style_Titlebar>false</Style_Titlebar>
    <Style_Closebox>false</Style_Closebox>
    <Style_Minimizebox>false</Style_Minimizebox>
    <Style_Border>false</Style_Border>
    <Style_Sizable>false</Style_Sizable>
    <Pieces>Drak_BuffBack1</Pieces>
    <Pieces>Drak_BuffBack2</Pieces>
    <Pieces>Drak_BuffBack3</Pieces>
    <Pieces>Drak_BuffBack4</Pieces>
    <Pieces>Drak_BuffBack5</Pieces>
    <Pieces>Drak_BuffBack6</Pieces>
    <Pieces>BW_Buff0_Button</Pieces>
    <Pieces>BW_Buff1_Button</Pieces>
    <Pieces>BW_Buff2_Button</Pieces>
    <Pieces>BW_Buff3_Button</Pieces>
    <Pieces>BW_Buff4_Button</Pieces>
    <Pieces>BW_Buff5_Button</Pieces>
    <Pieces>BW_Buff6_Button</Pieces>
    <Pieces>BW_Buff7_Button</Pieces>
    <Pieces>BW_Buff8_Button</Pieces>
    <Pieces>BW_Buff9_Button</Pieces>
    <Pieces>BW_Buff10_Button</Pieces>
    <Pieces>BW_Buff11_Button</Pieces>
    <Pieces>BW_Buff12_Button</Pieces>
    <Pieces>BW_Buff13_Button</Pieces>
    <Pieces>BW_Buff14_Button</Pieces>
    <Pieces>BW_Buff15_Button</Pieces>
    <Pieces>BW_Buff16_Button</Pieces>
    <Pieces>BW_Buff17_Button</Pieces>
    <Pieces>BW_Buff18_Button</Pieces>
    <Pieces>BW_Buff19_Button</Pieces>
    <Pieces>BW_Buff20_Button</Pieces>
    <Pieces>BW_Buff21_Button</Pieces>
    <Pieces>BW_Buff22_Button</Pieces>
    <Pieces>BW_Buff23_Button</Pieces>
    <Pieces>BW_Buff24_Button</Pieces>
    <Pieces>BW_Buff25_Button</Pieces>
    <Pieces>BW_Buff26_Button</Pieces>
    <Pieces>BW_Buff27_Button</Pieces>
    <Pieces>BW_Buff28_Button</Pieces>
    <Pieces>BW_Buff29_Button</Pieces>
    <Pieces>BW_Buff0_Place</Pieces>
    <Pieces>BW_Buff1_Place</Pieces>
    <Pieces>BW_Buff2_Place</Pieces>
    <Pieces>BW_Buff3_Place</Pieces>
    <Pieces>BW_Buff4_Place</Pieces>
    <Pieces>BW_Buff5_Place</Pieces>
    <Pieces>BW_Buff6_Place</Pieces>
    <Pieces>BW_Buff7_Place</Pieces>
    <Pieces>BW_Buff8_Place</Pieces>
    <Pieces>BW_Buff9_Place</Pieces>
    <Pieces>BW_Buff10_Place</Pieces>
    <Pieces>BW_Buff11_Place</Pieces>
    <Pieces>BW_Buff12_Place</Pieces>
    <Pieces>BW_Buff13_Place</Pieces>
    <Pieces>BW_Buff14_Place</Pieces>
    <Pieces>BW_Buff15_Place</Pieces>
    <Pieces>BW_Buff16_Place</Pieces>
    <Pieces>BW_Buff17_Place</Pieces>
    <Pieces>BW_Buff18_Place</Pieces>
    <Pieces>BW_Buff19_Place</Pieces>
    <Pieces>BW_Buff20_Place</Pieces>
    <Pieces>BW_Buff21_Place</Pieces>
    <Pieces>BW_Buff22_Place</Pieces>
    <Pieces>BW_Buff23_Place</Pieces>
    <Pieces>BW_Buff24_Place</Pieces>
    <Pieces>BW_Buff25_Place</Pieces>
    <Pieces>BW_Buff26_Place</Pieces>
    <Pieces>BW_Buff27_Place</Pieces>
    <Pieces>BW_Buff28_Place</Pieces>
    <Pieces>BW_Buff29_Place</Pieces>
  </Screen>
</XML>