<?xml version="1.0" encoding="us-ascii"?>
<XML ID="EQInterfaceDefinitionLanguage">
  <Schema xmlns="EverQuestData" xmlns:dt="EverQuestDataTypes" />
  <Button item="SELW_StatsToggleButton">
    <ScreenID>SELW_StatsToggleButton</ScreenID>
    <EQType>openwnd MusicPlayerWnd</EQType>
    <RelativePosition>true</RelativePosition>
    <AutoStretch>true</AutoStretch>
    <TopAnchorToTop>true</TopAnchorToTop>
    <BottomAnchorToTop>true</BottomAnchorToTop>
    <RightAnchorToLeft>true</RightAnchorToLeft>
    <LeftAnchorToLeft>true</LeftAnchorToLeft>
    <TopAnchorOffset>5</TopAnchorOffset>
    <BottomAnchorOffset>25</BottomAnchorOffset>
    <RightAnchorOffset>170</RightAnchorOffset>
    <LeftAnchorOffset>150</LeftAnchorOffset>
    <Style_Checkbox>false</Style_Checkbox>
    <TooltipReference>Stats</TooltipReference>
    <ButtonDrawTemplate>
      <Normal>SEL_BtnNormal</Normal>
      <Pressed>SEL_BtnHover</Pressed>
      <Flyby>SEL_BtnHover</Flyby>
      <Disabled>SEL_BtnNormal</Disabled>
      <PressedFlyby>SEL_BtnHover</PressedFlyby>
    </ButtonDrawTemplate>
  </Button>
  <Label item="LevelNum">
    <ScreenID>LevelNum</ScreenID>
    <AutoStretch>true</AutoStretch>
    <TopAnchorToTop>true</TopAnchorToTop>
    <BottomAnchorToTop>true</BottomAnchorToTop>
    <RightAnchorToLeft>true</RightAnchorToLeft>
    <LeftAnchorToLeft>true</LeftAnchorToLeft>
    <TopAnchorOffset>9</TopAnchorOffset>
    <BottomAnchorOffset>19</BottomAnchorOffset>
    <RightAnchorOffset>170</RightAnchorOffset>
    <LeftAnchorOffset>155</LeftAnchorOffset>
    <Font>1</Font>
    <Text>99</Text>
    <TextColor>
      <R>255</R>
      <G>255</G>
      <B>255</B>
    </TextColor>
    <AlignCenter>True</AlignCenter>
	<EQType>2</EQType>
  </Label>
  <Button item="SELW_AAToggleButton">
    <ScreenID>SELW_AAToggleButton</ScreenID>
    <EQType>openwnd AAWindow</EQType>
    <RelativePosition>true</RelativePosition>
    <AutoStretch>true</AutoStretch>
    <TopAnchorToTop>true</TopAnchorToTop>
    <BottomAnchorToTop>true</BottomAnchorToTop>
    <RightAnchorToLeft>true</RightAnchorToLeft>
    <LeftAnchorToLeft>true</LeftAnchorToLeft>
    <TopAnchorOffset>5</TopAnchorOffset>
    <BottomAnchorOffset>25</BottomAnchorOffset>
    <RightAnchorOffset>195</RightAnchorOffset>
    <LeftAnchorOffset>175</LeftAnchorOffset>
    <!--<Location>
      <X>1520</X>
      <Y>7</Y>
    </Location>
    <Size>
      <CX>12</CX>
      <CY>12</CY>
    </Size>-->
    <Style_Checkbox>false</Style_Checkbox>
    <TooltipReference>Alternate Advancement</TooltipReference>
    <ButtonDrawTemplate>
      <Normal>SEL_AABtnNormal</Normal>
      <Pressed>SEL_AABtnHover</Pressed>
      <Flyby>SEL_AABtnHover</Flyby>
      <Disabled>SEL_AABtnNormal</Disabled>
      <PressedFlyby>SEL_AABtnHover</PressedFlyby>
    </ButtonDrawTemplate>
  </Button>
  <Label item="CurrentAAs">
    <ScreenID>A_ScreenID</ScreenID>
    <AutoStretch>true</AutoStretch>
    <TopAnchorToTop>true</TopAnchorToTop>
    <BottomAnchorToTop>true</BottomAnchorToTop>
    <RightAnchorToLeft>false</RightAnchorToLeft>
    <LeftAnchorToLeft>false</LeftAnchorToLeft>
    <TopAnchorOffset>6</TopAnchorOffset>
    <BottomAnchorOffset>19</BottomAnchorOffset>
    <RightAnchorOffset>8</RightAnchorOffset>
    <LeftAnchorOffset>28</LeftAnchorOffset>
    <Font>3</Font>
    <Text>9999</Text>
    <TextColor>
      <R>220</R>
      <G>150</G>
      <B>0</B>
    </TextColor>
    <AlignRight>true</AlignRight>
    <!--<Size>
      <CX>100</CX>
      <CY>11</CY>
    </Size>
    <Location>
      <X>1649</X>
      <Y>5</Y>
    </Location>-->
    <EQType>71</EQType>
  </Label>
  <Label item="AAExp">
    <ScreenID>A_ScreenID</ScreenID>
    <AutoStretch>true</AutoStretch>
    <TopAnchorToTop>true</TopAnchorToTop>
    <BottomAnchorToTop>true</BottomAnchorToTop>
    <RightAnchorToLeft>false</RightAnchorToLeft>
    <LeftAnchorToLeft>false</LeftAnchorToLeft>
    <TopAnchorOffset>6</TopAnchorOffset>
    <BottomAnchorOffset>19</BottomAnchorOffset>
    <RightAnchorOffset>140</RightAnchorOffset>
    <LeftAnchorOffset>160</LeftAnchorOffset>
    <Font>3</Font>
    <Text>AA:</Text>
    <TextColor>
      <R>255</R>
      <G>255</G>
      <B>255</B>
    </TextColor>
    <AlignCenter>False</AlignCenter>
    <!--<Size>
      <CX>100</CX>
      <CY>100</CY>
    </Size>
    <Location>
      <X>1534</X>
      <Y>5</Y>
    </Location>-->
  </Label>
  <Label item="ExpLabel">
    <ScreenID>A_ScreenID</ScreenID>
    <AutoStretch>true</AutoStretch>
    <TopAnchorToTop>true</TopAnchorToTop>
    <BottomAnchorToTop>true</BottomAnchorToTop>
    <RightAnchorToLeft>false</RightAnchorToLeft>
    <LeftAnchorToLeft>false</LeftAnchorToLeft>
    <TopAnchorOffset>6</TopAnchorOffset>
    <BottomAnchorOffset>19</BottomAnchorOffset>
    <RightAnchorOffset>296</RightAnchorOffset>
    <LeftAnchorOffset>320</LeftAnchorOffset>
    <Font>3</Font>
    <Text>Exp:</Text>
    <TextColor>
      <R>255</R>
      <G>255</G>
      <B>255</B>
    </TextColor>
    <AlignCenter>False</AlignCenter>
    <!--<Size>
      <CX>100</CX>
      <CY>100</CY>
    </Size>
    <Location>
      <X>1756</X>
      <Y>5</Y>
    </Location>-->
  </Label>
  <Gauge item="ExpGauge">
    <ScreenID>ExpGauge</ScreenID>
    <RelativePosition>true</RelativePosition>
    <AutoStretch>true</AutoStretch>
    <TopAnchorToTop>true</TopAnchorToTop>
    <BottomAnchorToTop>true</BottomAnchorToTop>
    <RightAnchorToLeft>false</RightAnchorToLeft>
    <LeftAnchorToLeft>false</LeftAnchorToLeft>
    <TopAnchorOffset>8</TopAnchorOffset>
    <BottomAnchorOffset>19</BottomAnchorOffset>
    <RightAnchorOffset>183</RightAnchorOffset>
    <LeftAnchorOffset>291</LeftAnchorOffset>
    <!--<Location>
      <X>1793</X>
      <Y>8</Y>
    </Location>-->
    <!--<Size>
      <CX>108</CX>
      <CY>11</CY>
    </Size>-->
    <GaugeOffsetY>0</GaugeOffsetY>
    <Style_VScroll>false</Style_VScroll>
    <Style_HScroll>false</Style_HScroll>
    <Style_Transparent>false</Style_Transparent>
    <!--<TooltipReference/>-->
    <FillTint>
      <R>220</R>
      <G>150</G>
      <B>0</B>
    </FillTint>
    <LinesFillTint>
      <R>0</R>
      <G>80</G>
      <B>220</B>
    </LinesFillTint>
    <DrawLinesFill>false</DrawLinesFill>
    <EQType>4</EQType>
    <GaugeDrawTemplate>
      <Background>A_MiniGaugeBackground</Background>
      <Fill>A_MiniGaugeFill</Fill>
      <!--<Lines>btmpkd_GaugeLines</Lines>
      <LinesFill>btmpkd_GaugeLinesFill</LinesFill>-->
      <EndCapLeft>A_MiniGaugeEndCapLeft</EndCapLeft>
      <EndCapRight>A_MiniGaugeEndCapRight</EndCapRight>
    </GaugeDrawTemplate>
  </Gauge>
  <Gauge item="AAExpGauge">
    <ScreenID>AAExpGauge</ScreenID>
    <!--<Font>3</Font>-->
    <RelativePosition>true</RelativePosition>
    <AutoStretch>true</AutoStretch>
    <TopAnchorToTop>true</TopAnchorToTop>
    <BottomAnchorToTop>true</BottomAnchorToTop>
    <RightAnchorToLeft>false</RightAnchorToLeft>
    <LeftAnchorToLeft>false</LeftAnchorToLeft>
    <TopAnchorOffset>8</TopAnchorOffset>
    <BottomAnchorOffset>19</BottomAnchorOffset>
    <RightAnchorOffset>30</RightAnchorOffset>
    <LeftAnchorOffset>138</LeftAnchorOffset>
    <!--<Location>
      <X>1569</X>
      <Y>8</Y>
    </Location>-->
    <!--<Size>
      <CX>108</CX>
      <CY>11</CY>
    </Size>-->
    <GaugeOffsetY>0</GaugeOffsetY>
    <TextColor>
      <R>255</R>
      <G>255</G>
      <B>255</B>
    </TextColor>
    <TextOffsetY>0</TextOffsetY>
    <TextOffsetX>-100</TextOffsetX>
    <Style_VScroll>False</Style_VScroll>
    <Style_HScroll>false</Style_HScroll>
    <Style_Transparent>false</Style_Transparent>
    <!--<TooltipReference/>-->
    <FillTint>
      <R>220</R>
      <G>150</G>
      <B>0</B>
    </FillTint>
    <LinesFillTint>
      <R>0</R>
      <G>220</G>
      <B>220</B>
    </LinesFillTint>
    <DrawLinesFill>False</DrawLinesFill>
    <EQType>5</EQType>
    <GaugeDrawTemplate>
      <Background>A_MiniGaugeBackground</Background>
      <Fill>A_MiniGaugeFill</Fill>
      <!--<LinesFill>btmpkd_GaugeLinesFill</LinesFill>-->
      <EndCapLeft>A_MiniGaugeEndCapLeft</EndCapLeft>
      <EndCapRight>A_MiniGaugeEndCapRight</EndCapRight>
    </GaugeDrawTemplate>
  </Gauge>
  <Button item="SELW_InventoryToggleButton">
    <ScreenID>SELW_InventoryToggleButton</ScreenID>
    <RelativePosition>true</RelativePosition>
    <Location>
      <X>0</X>
      <Y>0</Y>
    </Location>
    <Size>
      <CX>26</CX>
      <CY>26</CY>
    </Size>
    <Style_Checkbox>true</Style_Checkbox>
    <TooltipReference>Inventory</TooltipReference>
    <ButtonDrawTemplate>
      <Normal>A_InventoryBtnNormal</Normal>
      <Pressed>A_InventoryBtnPressed</Pressed>
      <Flyby>A_InventoryBtnFlyby</Flyby>
      <Disabled>A_InventoryBtnNormal</Disabled>
      <!-- Will never be disabled -->
      <PressedFlyby>A_InventoryBtnPressedFlyby</PressedFlyby>
    </ButtonDrawTemplate>
  </Button>
  <Button item="SELW_MapToggleButton">
    <ScreenID>SELW_MapToggleButton</ScreenID>
    <RelativePosition>true</RelativePosition>
    <Location>
      <X>28</X>
      <Y>0</Y>
    </Location>
    <Size>
      <CX>26</CX>
      <CY>26</CY>
    </Size>
    <Style_Checkbox>true</Style_Checkbox>
    <TooltipReference>Map</TooltipReference>
    <ButtonDrawTemplate>
      <Normal>A_MapBtnNormal</Normal>
      <Pressed>A_MapBtnPressed</Pressed>
      <Flyby>A_MapBtnFlyby</Flyby>
      <Disabled>A_MapBtnNormal</Disabled>
      <!-- Will never be disabled -->
      <PressedFlyby>A_MapBtnPressedFlyby</PressedFlyby>
    </ButtonDrawTemplate>
  </Button>
  <Button item="SELW_OptionsToggleButton">
    <ScreenID>SELW_OptionsToggleButton</ScreenID>
    <RelativePosition>true</RelativePosition>
    <Location>
      <X>56</X>
      <Y>0</Y>
    </Location>
    <Size>
      <CX>26</CX>
      <CY>26</CY>
    </Size>
    <Style_Checkbox>true</Style_Checkbox>
    <TooltipReference>Options</TooltipReference>
    <ButtonDrawTemplate>
      <Normal>A_OptionsBtnNormal</Normal>
      <Pressed>A_OptionsBtnPressed</Pressed>
      <Flyby>A_OptionsBtnFlyby</Flyby>
      <Disabled>A_OptionsBtnNormal</Disabled>
      <!-- Will never be disabled -->
      <PressedFlyby>A_OptionsBtnPressedFlyby</PressedFlyby>
    </ButtonDrawTemplate>
  </Button>
  <Button item="SELW_FriendsToggleButton">
    <ScreenID>SELW_FriendsToggleButton</ScreenID>
    <RelativePosition>true</RelativePosition>
    <Location>
      <X>84</X>
      <Y>0</Y>
    </Location>
    <Size>
      <CX>26</CX>
      <CY>26</CY>
    </Size>
    <Style_Checkbox>true</Style_Checkbox>
    <TooltipReference>Friends</TooltipReference>
    <ButtonDrawTemplate>
      <Normal>A_FriendsBtnNormal</Normal>
      <Pressed>A_FriendsBtnPressed</Pressed>
      <Flyby>A_FriendsBtnFlyby</Flyby>
      <Disabled>A_FriendsBtnNormal</Disabled>
      <!-- Will never be disabled -->
      <PressedFlyby>A_FriendsBtnPressedFlyby</PressedFlyby>
    </ButtonDrawTemplate>
  </Button>
  <Button item="SELW_HotboxToggleButton">
    <ScreenID>SELW_HotboxToggleButton</ScreenID>
    <RelativePosition>true</RelativePosition>
    <Location>
      <X>112</X>
      <Y>0</Y>
    </Location>
    <Size>
      <CX>26</CX>
      <CY>26</CY>
    </Size>
    <Style_Checkbox>true</Style_Checkbox>
    <TooltipReference>Hotbuttons</TooltipReference>
    <ButtonDrawTemplate>
      <Normal>A_HotboxBtnNormal</Normal>
      <Pressed>A_HotboxBtnPressed</Pressed>
      <Flyby>A_HotboxBtnFlyby</Flyby>
      <Disabled>A_HotboxBtnNormal</Disabled>
      <!-- Will never be disabled -->
      <PressedFlyby>A_HotboxBtnPressedFlyby</PressedFlyby>
    </ButtonDrawTemplate>
  </Button>
  <Button item="SELW_CastSpellToggleButton">
    <ScreenID>SELW_CastSpellToggleButton</ScreenID>
    <RelativePosition>true</RelativePosition>
    <Location>
      <X>140</X>
      <Y>0</Y>
    </Location>
    <Size>
      <CX>26</CX>
      <CY>26</CY>
    </Size>
    <Style_Checkbox>true</Style_Checkbox>
    <TooltipReference>Spells</TooltipReference>
    <ButtonDrawTemplate>
      <Normal>A_CastSpellBtnNormal</Normal>
      <Pressed>A_CastSpellBtnPressed</Pressed>
      <Flyby>A_CastSpellBtnFlyby</Flyby>
      <Disabled>A_CastSpellBtnNormal</Disabled>
      <!-- Will never be disabled -->
      <PressedFlyby>A_CastSpellBtnPressedFlyby</PressedFlyby>
    </ButtonDrawTemplate>
  </Button>
  <Button item="SELW_PetInfoToggleButton">
    <ScreenID>SELW_PetInfoToggleButton</ScreenID>
    <RelativePosition>true</RelativePosition>
    <Location>
      <X>168</X>
      <Y>0</Y>
    </Location>
    <Size>
      <CX>26</CX>
      <CY>26</CY>
    </Size>
    <Style_Checkbox>true</Style_Checkbox>
    <TooltipReference>Pet Info</TooltipReference>
    <ButtonDrawTemplate>
      <Normal>A_PetInfoBtnNormal</Normal>
      <Pressed>A_PetInfoBtnPressed</Pressed>
      <Flyby>A_PetInfoBtnFlyby</Flyby>
      <Disabled>A_PetInfoBtnNormal</Disabled>
      <!-- Will never be disabled -->
      <PressedFlyby>A_PetInfoBtnPressedFlyby</PressedFlyby>
    </ButtonDrawTemplate>
  </Button>
  <Button item="SELW_BuffToggleButton">
    <ScreenID>SELW_BuffToggleButton</ScreenID>
    <RelativePosition>true</RelativePosition>
    <Location>
      <X>196</X>
      <Y>0</Y>
    </Location>
    <Size>
      <CX>26</CX>
      <CY>26</CY>
    </Size>
    <Style_Checkbox>true</Style_Checkbox>
    <TooltipReference>Effects</TooltipReference>
    <ButtonDrawTemplate>
      <Normal>A_BuffBtnNormal</Normal>
      <Pressed>A_BuffBtnPressed</Pressed>
      <Flyby>A_BuffBtnFlyby</Flyby>
      <Disabled>A_BuffBtnNormal</Disabled>
      <!-- Will never be disabled -->
      <PressedFlyby>A_BuffBtnPressedFlyby</PressedFlyby>
    </ButtonDrawTemplate>
  </Button>
  <Button item="SELW_SDBuffToggleButton">
    <ScreenID>SELW_SDBuffToggleButton</ScreenID>
    <RelativePosition>true</RelativePosition>
    <Location>
      <X>224</X>
      <Y>0</Y>
    </Location>
    <Size>
      <CX>26</CX>
      <CY>26</CY>
    </Size>
    <Style_Checkbox>true</Style_Checkbox>
    <TooltipReference>Songs</TooltipReference>
    <ButtonDrawTemplate>
      <Normal>A_SongBtnNormal</Normal>
      <Pressed>A_SongBtnPressed</Pressed>
      <Flyby>A_SongBtnFlyby</Flyby>
      <Disabled>A_SongBtnNormal</Disabled>
      <!-- Will never be disabled -->
      <PressedFlyby>A_SongBtnPressedFlyby</PressedFlyby>
    </ButtonDrawTemplate>
  </Button>
  <Button item="SELW_GuildToggleButton">
    <ScreenID>SELW_GuildToggleButton</ScreenID>
    <RelativePosition>true</RelativePosition>
    <Location>
      <X>196</X>
      <Y>0</Y>
    </Location>
    <Size>
      <CX>26</CX>
      <CY>26</CY>
    </Size>
    <Style_Checkbox>true</Style_Checkbox>
    <TooltipReference>Guild Manager</TooltipReference>
    <ButtonDrawTemplate>
      <Normal>A_GuildBtnNormal</Normal>
      <Pressed>A_GuildBtnPressed</Pressed>
      <Flyby>A_GuildBtnFlyby</Flyby>
      <Disabled>A_GuildBtnNormal</Disabled>
      <PressedFlyby>A_GuildBtnPressedFlyby</PressedFlyby>
    </ButtonDrawTemplate>
  </Button>
  <Button item="SELW_JournalToggleButton">
    <ScreenID>SELW_JournalToggleButton</ScreenID>
    <RelativePosition>true</RelativePosition>
    <Location>
      <X>224</X>
      <Y>0</Y>
    </Location>
    <Size>
      <CX>26</CX>
      <CY>26</CY>
    </Size>
    <Style_Checkbox>true</Style_Checkbox>
    <TooltipReference>Quest Journal</TooltipReference>
    <ButtonDrawTemplate>
      <Normal>A_JournalBtnNormal</Normal>
      <Pressed>A_JournalBtnPressed</Pressed>
      <Flyby>A_JournalBtnFlyby</Flyby>
      <Disabled>A_JournalBtnNormal</Disabled>
      <PressedFlyby>A_JournalBtnPressedFlyby</PressedFlyby>
    </ButtonDrawTemplate>
  </Button>
  <Screen item="SelectorWindow">
    <!--<ScreenID/>-->
    <RelativePosition>false</RelativePosition>
    <Location>
      <X>135</X>
      <Y>0</Y>
    </Location>
    <Size>
      <CX>1920</CX>
      <CY>30</CY>
    </Size>
    <DrawTemplate>WDT_SolidNoTitle</DrawTemplate>
    <Style_Titlebar>true</Style_Titlebar>
    <Style_Closebox>False</Style_Closebox>
    <Style_Minimizebox>false</Style_Minimizebox>
    <Style_Border>true</Style_Border>
    <Style_Sizable>true</Style_Sizable>
    <Pieces>ExpLabel</Pieces>
    <Pieces>ExpGauge</Pieces>
    <Pieces>AAExp</Pieces>
    <Pieces>CurrentAAs</Pieces>
    <Pieces>AAExpGauge</Pieces>
	<Pieces>LevelNum</Pieces>
    <Pieces>SELW_AAToggleButton</Pieces>
	<Pieces>SELW_StatsToggleButton</Pieces>
  </Screen>
</XML>