<?xml version="1.0" encoding="us-ascii"?>
<XML ID="EQInterfaceDefinitionLanguage">
  <Schema xmlns="EverQuestData" xmlns:dt="EverQuestDataTypes" />
  <Label item="CopyOfLabel">
    <ScreenID>A_ScreenID</ScreenID>
    <Font>3</Font>
    <Text>Imalabel</Text>
    <TextColor>
      <R>255</R>
      <G>255</G>
      <B>255</B>
    </TextColor>
    <Size>
      <CX>100</CX>
      <CY>100</CY>
    </Size>
    <AlignCenter>true</AlignCenter>
    <Location>
      <X>1561</X>
      <Y>12</Y>
    </Location>
  </Label>
  <Label item="SlashLabel">
    <ScreenID>A_ScreenID</ScreenID>
    <Font>3</Font>
    <Text>/</Text>
    <TextColor>
      <R>255</R>
      <G>255</G>
      <B>255</B>
    </TextColor>
    <Size>
      <CX>100</CX>
      <CY>100</CY>
    </Size>
    <AlignCenter>true</AlignCenter>
    <Location>
      <X>1151</X>
      <Y>16</Y>
    </Location>
  </Label>
  
<!-- Start of visible customized selector window elements -->  
<!-- Level Label -->
<Label item="LevelLabel">
  <ScreenID>LevelLabel</ScreenID>
  <Font>3</Font>
  <Text>Level:</Text>
  <TextColor>
    <R>255</R>
    <G>255</G>
    <B>255</B>
  </TextColor>
  <Size>
    <CX>40</CX>
    <CY>20</CY>
  </Size>
  <AlignCenter>false</AlignCenter>
  <Location>
    <X>4</X>
    <Y>5</Y>
  </Location>
</Label>

<!-- Current Level -->
<Label item="CurrentLevel">
  <ScreenID>CurrentLevel</ScreenID>
  <Font>3</Font>
  <Text>9999</Text>
  <TextColor>
    <R>220</R>
    <G>150</G>
    <B>0</B>
  </TextColor>
  <Size>
    <CX>30</CX>
    <CY>20</CY>
  </Size>
  <AlignCenter>false</AlignCenter>
  <Location>
    <X>40</X>
    <Y>5</Y>
  </Location>
  <EQType>2</EQType>
</Label>

<!-- Experience Label -->
<Label item="ExpLabel">
  <ScreenID>ExpLabel</ScreenID>
  <Font>3</Font>
  <Text>Exp:</Text>
  <TextColor>
    <R>255</R>
    <G>255</G>
    <B>255</B>
  </TextColor>
  <Size>
    <CX>30</CX>
    <CY>20</CY>
  </Size>
  <AlignCenter>false</AlignCenter>
  <Location>
    <X>69</X>
    <Y>5</Y>
  </Location>
</Label>

<!-- Experience Gauge -->
<Gauge item="ExpGauge">
  <ScreenID>ExpGauge</ScreenID>
  <Location>
    <X>106</X>
    <Y>8</Y>
  </Location>
  <Size>
    <CX>100</CX>
    <CY>11</CY>
  </Size>
  <!-- Other gauge properties -->
	<GaugeOffsetY>0</GaugeOffsetY>
    <Style_VScroll>false</Style_VScroll>
    <Style_HScroll>false</Style_HScroll>
    <Style_Transparent>false</Style_Transparent>
    <!--<TooltipReference/>-->
    <FillTint>
      <R>220</R>
      <G>150</G>
      <B>0</B>
    </FillTint>
    <LinesFillTint>
      <R>0</R>
      <G>80</G>
      <B>220</B>
    </LinesFillTint>
    <DrawLinesFill>false</DrawLinesFill>
    <EQType>4</EQType>
    <GaugeDrawTemplate>
      <Background>A_MiniGaugeBackground</Background>
      <Fill>A_MiniGaugeFill</Fill>
      <!--<Lines>btmpkd_GaugeLines</Lines>
      <LinesFill>btmpkd_GaugeLinesFill</LinesFill>-->
      <EndCapLeft>A_MiniGaugeEndCapLeft</EndCapLeft>
      <EndCapRight>A_MiniGaugeEndCapRight</EndCapRight>
    </GaugeDrawTemplate>
    </Gauge>
	
<!-- AA Experience Label -->
<Label item="AAExp">
  <ScreenID>AAExpLabel</ScreenID>
  <Font>3</Font>
  <Text>AAs:</Text>
  <TextColor>
    <R>255</R>
    <G>255</G>
    <B>255</B>
  </TextColor>
  <Size>
    <CX>30</CX>
    <CY>20</CY>
  </Size>
  <AlignCenter>false</AlignCenter>
  <Location>
    <X>228</X>
    <Y>5</Y>
  </Location>
</Label>

<!-- AA Experience Gauge -->
 <Gauge item="AAExpGauge">
    <ScreenID>AAExpGauge</ScreenID>
    <!--<Font>3</Font>-->
    <RelativePosition>true</RelativePosition>
    <Location>
      <X>263</X>
      <Y>8</Y>
    </Location>
    <Size>
      <CX>110</CX>
      <CY>11</CY>
    </Size>
    <GaugeOffsetY>0</GaugeOffsetY>
    <TextColor>
      <R>255</R>
      <G>255</G>
      <B>255</B>
    </TextColor>
    <TextOffsetY>0</TextOffsetY>
    <TextOffsetX>-100</TextOffsetX>
    <Style_VScroll>False</Style_VScroll>
    <Style_HScroll>false</Style_HScroll>
    <Style_Transparent>false</Style_Transparent>
    <!--<TooltipReference/>-->
    <FillTint>
      <R>220</R>
      <G>150</G>
      <B>0</B>
    </FillTint>
    <LinesFillTint>
      <R>0</R>
      <G>220</G>
      <B>220</B>
    </LinesFillTint>
    <DrawLinesFill>False</DrawLinesFill>
    <EQType>5</EQType>
    <GaugeDrawTemplate>
      <Background>A_MiniGaugeBackground</Background>
      <Fill>A_MiniGaugeFill</Fill>
      <!--<LinesFill>btmpkd_GaugeLinesFill</LinesFill>-->
      <EndCapLeft>A_MiniGaugeEndCapLeft</EndCapLeft>
      <EndCapRight>A_MiniGaugeEndCapRight</EndCapRight>
    </GaugeDrawTemplate>
  </Gauge>
  
<!-- Current AAs -->
<Label item="CurrentAAs">
  <ScreenID>CurrentAAs</ScreenID>
  <Font>3</Font>
  <Text>9999</Text>
  <TextColor>
    <R>220</R>
    <G>150</G>
    <B>0</B>
  </TextColor>
  <Size>
    <CX>40</CX>
    <CY>20</CY>
  </Size>
  <AlignCenter>false</AlignCenter>
  <Location>
    <X>381</X>
    <Y>5</Y>
  </Location>
  <EQType>71</EQType>
</Label>

<!-- Personal Tribute Timer Label -->
<Label item="PersonalTributeTimerLabel">
  <ScreenID>PersonalTributeTimerLabel</ScreenID>
  <Font>3</Font>
  <Text>Tribute:</Text>
  <TextColor>
    <R>255</R>
    <G>255</G>
    <B>255</B>
  </TextColor>
  <Size>
    <CX>50</CX>
    <CY>20</CY>
  </Size>
  <AlignCenter>false</AlignCenter>
  <Location>
    <X>405</X>
    <Y>5</Y>
  </Location>
</Label>

<!-- Personal Tribute Timer Value -->
<Label item="PersonalTributeTimerValue">
  <ScreenID>PersonalTributeTimerValue</ScreenID>
  <Font>3</Font>
  <EQType>116</EQType>
  <TextColor>
    <R>255</R>
    <G>255</G>
    <B>255</B>
  </TextColor>
  <Size>
    <CX>50</CX>
    <CY>20</CY>
  </Size>
  <AlignCenter>false</AlignCenter>
  <Location>
    <X>455</X>
    <Y>5</Y>
  </Location>
</Label>

<!-- AA Button -->
 <Button item="SELW_AAToggleButton">
    <ScreenID>SELW_AAToggleButton</ScreenID>
    <EQType>openwnd AAWindow</EQType>
	<Location>
      <X>495</X>
      <Y>3</Y>
    </Location>
    <Size>
      <CX>20</CX>
      <CY>20</CY>
    </Size>-->
    <Style_Checkbox>false</Style_Checkbox>
    <TooltipReference>Alternate Advancement</TooltipReference>
    <ButtonDrawTemplate>
      <Normal>SEL_AABtnNormal</Normal>
      <Pressed>SEL_AABtnHover</Pressed>
      <Flyby>SEL_AABtnHover</Flyby>
      <Disabled>SEL_AABtnNormal</Disabled>
      <PressedFlyby>SEL_AABtnHover</PressedFlyby>
    </ButtonDrawTemplate>
  </Button>

<!-- <Button item="AAButton">
  <ScreenID>AAButton</ScreenID>
  <Location>
    <X>635</X>
    <Y>5</Y>
  </Location>
  <Size>
    <CX>30</CX>
    <CY>20</CY>
  </Size>
  <EQType>32</EQType>
  <Style_Checkbox>false</Style_Checkbox>
  <TooltipReference>Open AA Window</TooltipReference>
  <Text>AA</Text>
  <TextColor>
    <R>255</R>
    <G>255</G>
    <B>255</B>
  </TextColor>
  <Template>A_DefaultButton</Template>
</Button> 
-->

<!-- Inventory Button -->
	<Button item = "SELW_InventoryToggleButton">
		<ScreenID>SELW_InventoryToggleButton</ScreenID>
		<RelativePosition>true</RelativePosition>
		<Location>
			<X>520</X>
			<Y>3</Y>
		</Location>
		<Size>
			<CX>20</CX>
			<CY>20</CY>
		</Size>
		<Style_Checkbox>true</Style_Checkbox>
		<TooltipReference>Inventory</TooltipReference>
		<ButtonDrawTemplate>
			<Normal>LastUI_InventoryBtnNormal</Normal>
			<Pressed>LastUI_InventoryBtnPressed</Pressed>
			<Flyby>LastUI_InventoryBtnFlyby</Flyby>
			<Disabled>LastUI_InventoryBtnNormal</Disabled>  <!-- Will never be disabled -->
			<PressedFlyby>LastUI_InventoryBtnPressedFlyby</PressedFlyby>
			</ButtonDrawTemplate>
	</Button>

 <!-- Tribute Button -->
<Button item="SELW_TributeButton">
  <ScreenID>SELW_TributeButton</ScreenID>
  <EQType>openwnd TributeBenefitWnd</EQType>
  <Location>
    <X>545</X>
    <Y>3</Y>
  </Location>
  <Size>
    <CX>20</CX>
    <CY>20</CY>
  </Size>
  <Style_Checkbox>false</Style_Checkbox>
  <TooltipReference>Open Tribute Benefit Window</TooltipReference>
  <TextColor>
    <R>255</R>
    <G>255</G>
    <B>255</B>
  </TextColor>
		<ButtonDrawTemplate>
			<Normal>LastUI_TributeBtnNormal</Normal>
			<Pressed>LastUI_TributeBtnPressed</Pressed>
			<Flyby>LastUI_TributeBtnFlyby</Flyby>
			<Disabled>LastUI_TributeBtnNormal</Disabled>  <!-- Will never be disabled -->
			<PressedFlyby>LastUI_TributeBtnPressedFlyby</PressedFlyby>
		</ButtonDrawTemplate>
</Button>

<!-- Options Icon -->
  	<Button item = "SELW_LastUIOptionsToggleButton">
		<ScreenID>SELW_OptionsToggleButton</ScreenID>
		<RelativePosition>true</RelativePosition>
		<Location>
			<X>570</X>
			<Y>3</Y>
		</Location>
		<Size>
			<CX>20</CX>
			<CY>20</CY>
		</Size>
		<Style_Checkbox>true</Style_Checkbox>
		<TooltipReference>Options</TooltipReference>
		<ButtonDrawTemplate>
			<Normal>LastUI_OptionsBtnNormal</Normal>
			<Pressed>LastUI_OptionsBtnPressed</Pressed>
			<Flyby>LastUI_OptionsBtnFlyby</Flyby>
			<Disabled>LastUI_OptionsBtnNormal</Disabled>  <!-- Will never be disabled -->
			<PressedFlyby>LastUI_OptionsBtnPressedFlyby</PressedFlyby>
		</ButtonDrawTemplate>
	</Button>

<!-- Personal Tribute Activation Button 
<Button item="ActivateButton">
  <ScreenID>ActivateButton</ScreenID>
  <Location>
    <X>500</X> 
    <Y>3</Y>    
  </Location>
  <Size>
    <CX>60</CX>
    <CY>20</CY>
  </Size>
  <Style_Transparent>false</Style_Transparent>
  <TooltipReference>Click this button to Activate/Deactivate your Personal benefits.</TooltipReference>
  <Style_Checkbox>false</Style_Checkbox>
  <ClickNotification>TributeBenefitWindow/ActivateButton</ClickNotification>
  <Text>Activate</Text>
  <TextColor>
    <R>255</R>
    <G>255</G>
    <B>255</B>
  </TextColor>
    <Template>BDT_SmallNormal</Template>
</Button> -->



<!-- <Button item = "PersonalTributeActivateButton">
		<ScreenID>ActivateButton</ScreenID>
		<Font>3</Font>
  <Location>
    <X>500</X>
    <Y>5</Y>
  </Location>
		<Style_Transparent>false</Style_Transparent>
		<TooltipReference>Click this button to Activate/Deactivate your Personal benefits.</TooltipReference>
		<Style_Checkbox>false</Style_Checkbox>
		<Text>Activate</Text>
		<TextColor>
				<R>255</R>
				<G>255</G>
				<B>255</B>
		</TextColor>
		<Template>BDT_SmallNormal</Template>
	</Button> -->
  <!-- End of visible customized selector window elements -->
  
  <Button item="SELW_MapToggleButton">
    <ScreenID>SELW_MapToggleButton</ScreenID>
    <RelativePosition>true</RelativePosition>
    <Location>
      <X>28</X>
      <Y>0</Y>
    </Location>
    <Size>
      <CX>26</CX>
      <CY>26</CY>
    </Size>
    <Style_Checkbox>true</Style_Checkbox>
    <TooltipReference>Map</TooltipReference>
    <ButtonDrawTemplate>
      <Normal>A_MapBtnNormal</Normal>
      <Pressed>A_MapBtnPressed</Pressed>
      <Flyby>A_MapBtnFlyby</Flyby>
      <Disabled>A_MapBtnNormal</Disabled>
      <!-- Will never be disabled -->
      <PressedFlyby>A_MapBtnPressedFlyby</PressedFlyby>
    </ButtonDrawTemplate>
  </Button>

  <Button item="SELW_FriendsToggleButton">
    <ScreenID>SELW_FriendsToggleButton</ScreenID>
    <RelativePosition>true</RelativePosition>
    <Location>
      <X>84</X>
      <Y>0</Y>
    </Location>
    <Size>
      <CX>26</CX>
      <CY>26</CY>
    </Size>
    <Style_Checkbox>true</Style_Checkbox>
    <TooltipReference>Friends</TooltipReference>
    <ButtonDrawTemplate>
      <Normal>A_FriendsBtnNormal</Normal>
      <Pressed>A_FriendsBtnPressed</Pressed>
      <Flyby>A_FriendsBtnFlyby</Flyby>
      <Disabled>A_FriendsBtnNormal</Disabled>
      <!-- Will never be disabled -->
      <PressedFlyby>A_FriendsBtnPressedFlyby</PressedFlyby>
    </ButtonDrawTemplate>
  </Button>
  <Button item="SELW_HotboxToggleButton">
    <ScreenID>SELW_HotboxToggleButton</ScreenID>
    <RelativePosition>true</RelativePosition>
    <Location>
      <X>112</X>
      <Y>0</Y>
    </Location>
    <Size>
      <CX>26</CX>
      <CY>26</CY>
    </Size>
    <Style_Checkbox>true</Style_Checkbox>
    <TooltipReference>Hotbuttons</TooltipReference>
    <ButtonDrawTemplate>
      <Normal>A_HotboxBtnNormal</Normal>
      <Pressed>A_HotboxBtnPressed</Pressed>
      <Flyby>A_HotboxBtnFlyby</Flyby>
      <Disabled>A_HotboxBtnNormal</Disabled>
      <!-- Will never be disabled -->
      <PressedFlyby>A_HotboxBtnPressedFlyby</PressedFlyby>
    </ButtonDrawTemplate>
  </Button>
  <Button item="SELW_CastSpellToggleButton">
    <ScreenID>SELW_CastSpellToggleButton</ScreenID>
    <RelativePosition>true</RelativePosition>
    <Location>
      <X>140</X>
      <Y>0</Y>
    </Location>
    <Size>
      <CX>26</CX>
      <CY>26</CY>
    </Size>
    <Style_Checkbox>true</Style_Checkbox>
    <TooltipReference>Spells</TooltipReference>
    <ButtonDrawTemplate>
      <Normal>A_CastSpellBtnNormal</Normal>
      <Pressed>A_CastSpellBtnPressed</Pressed>
      <Flyby>A_CastSpellBtnFlyby</Flyby>
      <Disabled>A_CastSpellBtnNormal</Disabled>
      <!-- Will never be disabled -->
      <PressedFlyby>A_CastSpellBtnPressedFlyby</PressedFlyby>
    </ButtonDrawTemplate>
  </Button>
  <Button item="SELW_PetInfoToggleButton">
    <ScreenID>SELW_PetInfoToggleButton</ScreenID>
    <RelativePosition>true</RelativePosition>
    <Location>
      <X>168</X>
      <Y>0</Y>
    </Location>
    <Size>
      <CX>26</CX>
      <CY>26</CY>
    </Size>
    <Style_Checkbox>true</Style_Checkbox>
    <TooltipReference>Pet Info</TooltipReference>
    <ButtonDrawTemplate>
      <Normal>A_PetInfoBtnNormal</Normal>
      <Pressed>A_PetInfoBtnPressed</Pressed>
      <Flyby>A_PetInfoBtnFlyby</Flyby>
      <Disabled>A_PetInfoBtnNormal</Disabled>
      <!-- Will never be disabled -->
      <PressedFlyby>A_PetInfoBtnPressedFlyby</PressedFlyby>
    </ButtonDrawTemplate>
  </Button>
  <Button item="SELW_BuffToggleButton">
    <ScreenID>SELW_BuffToggleButton</ScreenID>
    <RelativePosition>true</RelativePosition>
    <Location>
      <X>196</X>
      <Y>0</Y>
    </Location>
    <Size>
      <CX>26</CX>
      <CY>26</CY>
    </Size>
    <Style_Checkbox>true</Style_Checkbox>
    <TooltipReference>Effects</TooltipReference>
    <ButtonDrawTemplate>
      <Normal>A_BuffBtnNormal</Normal>
      <Pressed>A_BuffBtnPressed</Pressed>
      <Flyby>A_BuffBtnFlyby</Flyby>
      <Disabled>A_BuffBtnNormal</Disabled>
      <!-- Will never be disabled -->
      <PressedFlyby>A_BuffBtnPressedFlyby</PressedFlyby>
    </ButtonDrawTemplate>
  </Button>
  <Button item="SELW_SDBuffToggleButton">
    <ScreenID>SELW_SDBuffToggleButton</ScreenID>
    <RelativePosition>true</RelativePosition>
    <Location>
      <X>224</X>
      <Y>0</Y>
    </Location>
    <Size>
      <CX>26</CX>
      <CY>26</CY>
    </Size>
    <Style_Checkbox>true</Style_Checkbox>
    <TooltipReference>Songs</TooltipReference>
    <ButtonDrawTemplate>
      <Normal>A_SongBtnNormal</Normal>
      <Pressed>A_SongBtnPressed</Pressed>
      <Flyby>A_SongBtnFlyby</Flyby>
      <Disabled>A_SongBtnNormal</Disabled>
      <!-- Will never be disabled -->
      <PressedFlyby>A_SongBtnPressedFlyby</PressedFlyby>
    </ButtonDrawTemplate>
  </Button>
  <Button item="SELW_GuildToggleButton">
    <ScreenID>SELW_GuildToggleButton</ScreenID>
    <RelativePosition>true</RelativePosition>
    <Location>
      <X>196</X>
      <Y>0</Y>
    </Location>
    <Size>
      <CX>26</CX>
      <CY>26</CY>
    </Size>
    <Style_Checkbox>true</Style_Checkbox>
    <TooltipReference>Guild Manager</TooltipReference>
    <ButtonDrawTemplate>
      <Normal>A_GuildBtnNormal</Normal>
      <Pressed>A_GuildBtnPressed</Pressed>
      <Flyby>A_GuildBtnFlyby</Flyby>
      <Disabled>A_GuildBtnNormal</Disabled>
      <PressedFlyby>A_GuildBtnPressedFlyby</PressedFlyby>
    </ButtonDrawTemplate>
  </Button>
  <Button item="SELW_JournalToggleButton">
    <ScreenID>SELW_JournalToggleButton</ScreenID>
    <RelativePosition>true</RelativePosition>
    <Location>
      <X>224</X>
      <Y>0</Y>
    </Location>
    <Size>
      <CX>26</CX>
      <CY>26</CY>
    </Size>
    <Style_Checkbox>true</Style_Checkbox>
    <TooltipReference>Quest Journal</TooltipReference>
    <ButtonDrawTemplate>
      <Normal>A_JournalBtnNormal</Normal>
      <Pressed>A_JournalBtnPressed</Pressed>
      <Flyby>A_JournalBtnFlyby</Flyby>
      <Disabled>A_JournalBtnNormal</Disabled>
      <PressedFlyby>A_JournalBtnPressedFlyby</PressedFlyby>
    </ButtonDrawTemplate>
  </Button>
  <Screen item="SelectorWindow">
    <!--<ScreenID/>-->
    <RelativePosition>false</RelativePosition>
    <Location>
      <X>135</X>
      <Y>0</Y>
    </Location>
    <Size>
      <CX>600</CX>
      <CY>30</CY>
    </Size>
    <Text>The Heroes' Journey</Text>
    <DrawTemplate>WDT_StandardSolid</DrawTemplate>
    <Style_Titlebar>false</Style_Titlebar>
    <Style_Closebox>False</Style_Closebox>
    <Style_Minimizebox>false</Style_Minimizebox>
    <Style_Border>true</Style_Border>
    <Style_Sizable>true</Style_Sizable>
    <Pieces>LevelLabel</Pieces>
    <Pieces>CurrentLevel</Pieces>
	<Pieces>ExpLabel</Pieces>
    <Pieces>ExpGauge</Pieces>
    <Pieces>AAExp</Pieces>
    <Pieces>CurrentAAs</Pieces>
    <Pieces>AAExpGauge</Pieces>
<!-- Tribute Additions Begin -->
	<Pieces>PersonalTributeTimerLabel</Pieces>
	<Pieces>PersonalTributeTimerValue</Pieces>
    <Pieces>SELW_AAToggleButton</Pieces>
	<Pieces>SELW_InventoryToggleButton</Pieces>
	<Pieces>SELW_TributeButton</Pieces>
	<Pieces>SELW_LastUIOptionsToggleButton</Pieces>
 <!-- Tribute Additions End -->

  </Screen>
</XML>