<?xml version="1.0" encoding="us-ascii"?>
<XML ID="EQInterfaceDefinitionLanguage">
  <Schema xmlns="EverQuestData" xmlns:dt="EverQuestDataTypes" />
  <Button item="SBW_Spell0">
    <ScreenID>SBW_Spell0</ScreenID>
    <!--<Font>3</Font>-->
    <RelativePosition>true</RelativePosition>
    <Location>
      <X>12</X>
      <Y>10</Y>
    </Location>
    <Size>
      <CX>22</CX>
      <CY>22</CY>
    </Size>
    <Style_Transparent>false</Style_Transparent>
    <!--<TooltipReference/>-->
    <Style_Checkbox>false</Style_Checkbox>
    <!--<RadioGroup/>-->
    <ButtonDrawTemplate>
      <Normal>BlackPixel</Normal>
      <NormalDecal>BuffIcons</NormalDecal>
    </ButtonDrawTemplate>
    <!--<SoundPressed/>-->
    <!--<SoundUp/>-->
    <!--<SoundFlyby/>-->
    <DecalOffset>
      <X>2</X>
      <Y>2</Y>
    </DecalOffset>
    <DecalSize>
      <CX>20</CX>
      <CY>20</CY>
    </DecalSize>
    <TextColor>
      <B>240</B>
      <G>240</G>
      <R>240</R>
    </TextColor>
  </Button>
  <StaticText item="SBW_SpellName0">
    <ScreenID>SBW_SpellName0</ScreenID>
    <Font>1</Font>
    <RelativePosition>true</RelativePosition>
    <Location>
      <X>39</X>
      <Y>12</Y>
    </Location>
    <Size>
      <CX>100</CX>
      <CY>20</CY>
    </Size>
    <Text>Complete Healing</Text>
    <NoWrap>false</NoWrap>
    <AlignCenter>False</AlignCenter>
    <AlignRight>false</AlignRight>
    <TextColor>
      <B>255</B>
      <G>210</G>
      <R>0</R>
    </TextColor>
  </StaticText>
  <Button item="SBW_Spell1">
    <ScreenID>SBW_Spell1</ScreenID>
    <!--<Font>3</Font>-->
    <RelativePosition>true</RelativePosition>
    <Location>
      <X>12</X>
      <Y>35</Y>
    </Location>
    <Size>
      <CX>22</CX>
      <CY>22</CY>
    </Size>
    <Style_Transparent>false</Style_Transparent>
    <!--<TooltipReference/>-->
    <Style_Checkbox>false</Style_Checkbox>
    <!--<RadioGroup/>-->
    <ButtonDrawTemplate>
      <Normal>BlackPixel</Normal>
      <NormalDecal>BuffIcons</NormalDecal>
    </ButtonDrawTemplate>
    <!--<SoundPressed/>-->
    <!--<SoundUp/>-->
    <!--<SoundFlyby/>-->
    <DecalOffset>
      <X>2</X>
      <Y>2</Y>
    </DecalOffset>
    <DecalSize>
      <CX>20</CX>
      <CY>20</CY>
    </DecalSize>
  </Button>
  <StaticText item="SBW_SpellName1">
    <ScreenID>SBW_SpellName1</ScreenID>
    <Font>1</Font>
    <RelativePosition>true</RelativePosition>
    <Location>
      <X>39</X>
      <Y>37</Y>
    </Location>
    <Size>
      <CX>100</CX>
      <CY>20</CY>
    </Size>
    <Text>Blahblah's Melodious Concord</Text>
    <NoWrap>false</NoWrap>
    <AlignCenter>False</AlignCenter>
    <AlignRight>false</AlignRight>
    <TextColor>
      <B>255</B>
      <G>210</G>
      <R>0</R>
    </TextColor>
  </StaticText>
  <Button item="SBW_Spell2">
    <ScreenID>SBW_Spell2</ScreenID>
    <!--<Font>3</Font>-->
    <RelativePosition>true</RelativePosition>
    <Location>
      <X>12</X>
      <Y>60</Y>
    </Location>
    <Size>
      <CX>22</CX>
      <CY>22</CY>
    </Size>
    <Style_Transparent>false</Style_Transparent>
    <!--<TooltipReference/>-->
    <Style_Checkbox>false</Style_Checkbox>
    <!--<RadioGroup/>-->
    <ButtonDrawTemplate>
      <Normal>BlackPixel</Normal>
      <NormalDecal>BuffIcons</NormalDecal>
    </ButtonDrawTemplate>
    <!--<SoundPressed/>-->
    <!--<SoundUp/>-->
    <!--<SoundFlyby/>-->
    <DecalOffset>
      <X>2</X>
      <Y>2</Y>
    </DecalOffset>
    <DecalSize>
      <CX>20</CX>
      <CY>20</CY>
    </DecalSize>
  </Button>
  <StaticText item="SBW_SpellName2">
    <ScreenID>SBW_SpellName2</ScreenID>
    <Font>1</Font>
    <RelativePosition>true</RelativePosition>
    <Location>
      <X>39</X>
      <Y>62</Y>
    </Location>
    <Size>
      <CX>100</CX>
      <CY>20</CY>
    </Size>
    <Text>Blahblah's Complete Healing</Text>
    <NoWrap>false</NoWrap>
    <AlignCenter>False</AlignCenter>
    <AlignRight>false</AlignRight>
    <TextColor>
      <B>255</B>
      <G>210</G>
      <R>0</R>
    </TextColor>
  </StaticText>
  <Button item="SBW_Spell3">
    <ScreenID>SBW_Spell3</ScreenID>
    <!--<Font>3</Font>-->
    <RelativePosition>true</RelativePosition>
    <Location>
      <X>12</X>
      <Y>85</Y>
    </Location>
    <Size>
      <CX>22</CX>
      <CY>22</CY>
    </Size>
    <Style_Transparent>false</Style_Transparent>
    <!--<TooltipReference/>-->
    <Style_Checkbox>false</Style_Checkbox>
    <!--<RadioGroup/>-->
    <ButtonDrawTemplate>
      <Normal>BlackPixel</Normal>
      <NormalDecal>BuffIcons</NormalDecal>
    </ButtonDrawTemplate>
    <!--<SoundPressed/>-->
    <!--<SoundUp/>-->
    <!--<SoundFlyby/>-->
    <DecalOffset>
      <X>2</X>
      <Y>2</Y>
    </DecalOffset>
    <DecalSize>
      <CX>20</CX>
      <CY>20</CY>
    </DecalSize>
  </Button>
  <StaticText item="SBW_SpellName3">
    <ScreenID>SBW_SpellName3</ScreenID>
    <Font>1</Font>
    <RelativePosition>true</RelativePosition>
    <Location>
      <X>39</X>
      <Y>87</Y>
    </Location>
    <Size>
      <CX>100</CX>
      <CY>20</CY>
    </Size>
    <Text>Blahblah's Complete Healing</Text>
    <NoWrap>false</NoWrap>
    <AlignCenter>False</AlignCenter>
    <AlignRight>false</AlignRight>
    <TextColor>
      <B>255</B>
      <G>210</G>
      <R>0</R>
    </TextColor>
  </StaticText>
  <Button item="SBW_Spell4">
    <ScreenID>SBW_Spell4</ScreenID>
    <!--<Font>3</Font>-->
    <RelativePosition>true</RelativePosition>
    <Location>
      <X>12</X>
      <Y>110</Y>
    </Location>
    <Size>
      <CX>22</CX>
      <CY>22</CY>
    </Size>
    <Style_Transparent>false</Style_Transparent>
    <!--<TooltipReference/>-->
    <Style_Checkbox>false</Style_Checkbox>
    <!--<RadioGroup/>-->
    <ButtonDrawTemplate>
      <Normal>BlackPixel</Normal>
      <NormalDecal>BuffIcons</NormalDecal>
    </ButtonDrawTemplate>
    <!--<SoundPressed/>-->
    <!--<SoundUp/>-->
    <!--<SoundFlyby/>-->
    <DecalOffset>
      <X>2</X>
      <Y>2</Y>
    </DecalOffset>
    <DecalSize>
      <CX>20</CX>
      <CY>20</CY>
    </DecalSize>
  </Button>
  <StaticText item="SBW_SpellName4">
    <ScreenID>SBW_SpellName4</ScreenID>
    <Font>1</Font>
    <RelativePosition>true</RelativePosition>
    <Location>
      <X>39</X>
      <Y>112</Y>
    </Location>
    <Size>
      <CX>100</CX>
      <CY>20</CY>
    </Size>
    <Text>Blahblah's Complete Healing</Text>
    <NoWrap>false</NoWrap>
    <AlignCenter>False</AlignCenter>
    <AlignRight>false</AlignRight>
    <TextColor>
      <B>255</B>
      <G>210</G>
      <R>0</R>
    </TextColor>
  </StaticText>
  <Button item="SBW_Spell5">
    <ScreenID>SBW_Spell5</ScreenID>
    <!--<Font>3</Font>-->
    <RelativePosition>true</RelativePosition>
    <Location>
      <X>12</X>
      <Y>135</Y>
    </Location>
    <Size>
      <CX>22</CX>
      <CY>22</CY>
    </Size>
    <Style_Transparent>false</Style_Transparent>
    <!--<TooltipReference/>-->
    <Style_Checkbox>false</Style_Checkbox>
    <!--<RadioGroup/>-->
    <ButtonDrawTemplate>
      <Normal>BlackPixel</Normal>
      <NormalDecal>BuffIcons</NormalDecal>
    </ButtonDrawTemplate>
    <!--<SoundPressed/>-->
    <!--<SoundUp/>-->
    <!--<SoundFlyby/>-->
    <DecalOffset>
      <X>2</X>
      <Y>2</Y>
    </DecalOffset>
    <DecalSize>
      <CX>20</CX>
      <CY>20</CY>
    </DecalSize>
  </Button>
  <StaticText item="SBW_SpellName5">
    <ScreenID>SBW_SpellName5</ScreenID>
    <Font>1</Font>
    <RelativePosition>true</RelativePosition>
    <Location>
      <X>39</X>
      <Y>137</Y>
    </Location>
    <Size>
      <CX>100</CX>
      <CY>20</CY>
    </Size>
    <Text>Blahblah's Complete Healing</Text>
    <NoWrap>false</NoWrap>
    <AlignCenter>False</AlignCenter>
    <AlignRight>false</AlignRight>
    <TextColor>
      <B>255</B>
      <G>210</G>
      <R>0</R>
    </TextColor>
  </StaticText>
  <Button item="SBW_Spell6">
    <ScreenID>SBW_Spell6</ScreenID>
    <!--<Font>3</Font>-->
    <RelativePosition>true</RelativePosition>
    <Location>
      <X>12</X>
      <Y>160</Y>
    </Location>
    <Size>
      <CX>22</CX>
      <CY>22</CY>
    </Size>
    <Style_Transparent>false</Style_Transparent>
    <!--<TooltipReference/>-->
    <Style_Checkbox>false</Style_Checkbox>
    <!--<RadioGroup/>-->
    <ButtonDrawTemplate>
      <Normal>BlackPixel</Normal>
      <NormalDecal>BuffIcons</NormalDecal>
    </ButtonDrawTemplate>
    <!--<SoundPressed/>-->
    <!--<SoundUp/>-->
    <!--<SoundFlyby/>-->
    <DecalOffset>
      <X>2</X>
      <Y>2</Y>
    </DecalOffset>
    <DecalSize>
      <CX>20</CX>
      <CY>20</CY>
    </DecalSize>
  </Button>
  <StaticText item="SBW_SpellName6">
    <ScreenID>SBW_SpellName6</ScreenID>
    <Font>1</Font>
    <RelativePosition>true</RelativePosition>
    <Location>
      <X>39</X>
      <Y>162</Y>
    </Location>
    <Size>
      <CX>100</CX>
      <CY>20</CY>
    </Size>
    <Text>Blahblah's Complete Healing</Text>
    <NoWrap>false</NoWrap>
    <AlignCenter>False</AlignCenter>
    <AlignRight>false</AlignRight>
    <TextColor>
      <B>255</B>
      <G>210</G>
      <R>0</R>
    </TextColor>
  </StaticText>
  <Button item="SBW_Spell7">
    <ScreenID>SBW_Spell7</ScreenID>
    <!--<Font>3</Font>-->
    <RelativePosition>true</RelativePosition>
    <Location>
      <X>12</X>
      <Y>185</Y>
    </Location>
    <Size>
      <CX>22</CX>
      <CY>22</CY>
    </Size>
    <Style_Transparent>false</Style_Transparent>
    <!--<TooltipReference/>-->
    <Style_Checkbox>false</Style_Checkbox>
    <!--<RadioGroup/>-->
    <ButtonDrawTemplate>
      <Normal>BlackPixel</Normal>
      <NormalDecal>BuffIcons</NormalDecal>
    </ButtonDrawTemplate>
    <!--<SoundPressed/>-->
    <!--<SoundUp/>-->
    <!--<SoundFlyby/>-->
    <DecalOffset>
      <X>2</X>
      <Y>2</Y>
    </DecalOffset>
    <DecalSize>
      <CX>20</CX>
      <CY>20</CY>
    </DecalSize>
  </Button>
  <StaticText item="SBW_SpellName7">
    <ScreenID>SBW_SpellName7</ScreenID>
    <Font>1</Font>
    <RelativePosition>true</RelativePosition>
    <Location>
      <X>39</X>
      <Y>185</Y>
    </Location>
    <Size>
      <CX>100</CX>
      <CY>20</CY>
    </Size>
    <Text>Blahblah's Complete Healing</Text>
    <NoWrap>false</NoWrap>
    <AlignCenter>False</AlignCenter>
    <AlignRight>false</AlignRight>
    <TextColor>
      <B>255</B>
      <G>210</G>
      <R>0</R>
    </TextColor>
  </StaticText>
  <Button item="SBW_Spell8">
    <ScreenID>SBW_Spell8</ScreenID>
    <!--<Font>3</Font>-->
    <RelativePosition>true</RelativePosition>
    <Location>
      <X>253</X>
      <Y>10</Y>
    </Location>
    <Size>
      <CX>22</CX>
      <CY>22</CY>
    </Size>
    <Style_Transparent>false</Style_Transparent>
    <!--<TooltipReference/>-->
    <Style_Checkbox>false</Style_Checkbox>
    <!--<RadioGroup/>-->
    <ButtonDrawTemplate>
      <Normal>BlackPixel</Normal>
      <NormalDecal>BuffIcons</NormalDecal>
    </ButtonDrawTemplate>
    <!--<SoundPressed/>-->
    <!--<SoundUp/>-->
    <!--<SoundFlyby/>-->
    <DecalOffset>
      <X>2</X>
      <Y>2</Y>
    </DecalOffset>
    <DecalSize>
      <CX>20</CX>
      <CY>20</CY>
    </DecalSize>
  </Button>
  <StaticText item="SBW_SpellName8">
    <ScreenID>SBW_SpellName8</ScreenID>
    <Font>1</Font>
    <RelativePosition>true</RelativePosition>
    <Location>
      <X>149</X>
      <Y>12</Y>
    </Location>
    <Size>
      <CX>100</CX>
      <CY>20</CY>
    </Size>
    <Text>Complete Healing</Text>
    <NoWrap>false</NoWrap>
    <AlignCenter>False</AlignCenter>
    <AlignRight>true</AlignRight>
    <TextColor>
      <B>255</B>
      <G>210</G>
      <R>0</R>
    </TextColor>
  </StaticText>
  <Button item="SBW_Spell9">
    <ScreenID>SBW_Spell9</ScreenID>
    <!--<Font>3</Font>-->
    <RelativePosition>true</RelativePosition>
    <Location>
      <X>253</X>
      <Y>35</Y>
    </Location>
    <Size>
      <CX>22</CX>
      <CY>22</CY>
    </Size>
    <Style_Transparent>false</Style_Transparent>
    <!--<TooltipReference/>-->
    <Style_Checkbox>false</Style_Checkbox>
    <!--<RadioGroup/>-->
    <ButtonDrawTemplate>
      <Normal>BlackPixel</Normal>
      <NormalDecal>BuffIcons</NormalDecal>
    </ButtonDrawTemplate>
    <!--<SoundPressed/>-->
    <!--<SoundUp/>-->
    <!--<SoundFlyby/>-->
    <DecalOffset>
      <X>2</X>
      <Y>2</Y>
    </DecalOffset>
    <DecalSize>
      <CX>20</CX>
      <CY>20</CY>
    </DecalSize>
  </Button>
  <StaticText item="SBW_SpellName9">
    <ScreenID>SBW_SpellName9</ScreenID>
    <Font>1</Font>
    <RelativePosition>true</RelativePosition>
    <Location>
      <X>149</X>
      <Y>37</Y>
    </Location>
    <Size>
      <CX>100</CX>
      <CY>20</CY>
    </Size>
    <Text>Complete Healing</Text>
    <NoWrap>false</NoWrap>
    <AlignCenter>False</AlignCenter>
    <AlignRight>true</AlignRight>
    <TextColor>
      <B>255</B>
      <G>210</G>
      <R>0</R>
    </TextColor>
  </StaticText>
  <Button item="SBW_Spell10">
    <ScreenID>SBW_Spell10</ScreenID>
    <!--<Font>3</Font>-->
    <RelativePosition>true</RelativePosition>
    <Location>
      <X>253</X>
      <Y>60</Y>
    </Location>
    <Size>
      <CX>22</CX>
      <CY>22</CY>
    </Size>
    <Style_Transparent>false</Style_Transparent>
    <!--<TooltipReference/>-->
    <Style_Checkbox>false</Style_Checkbox>
    <!--<RadioGroup/>-->
    <ButtonDrawTemplate>
      <Normal>BlackPixel</Normal>
      <NormalDecal>BuffIcons</NormalDecal>
    </ButtonDrawTemplate>
    <!--<SoundPressed/>-->
    <!--<SoundUp/>-->
    <!--<SoundFlyby/>-->
    <DecalOffset>
      <X>2</X>
      <Y>2</Y>
    </DecalOffset>
    <DecalSize>
      <CX>20</CX>
      <CY>20</CY>
    </DecalSize>
  </Button>
  <StaticText item="SBW_SpellName10">
    <ScreenID>SBW_SpellName10</ScreenID>
    <Font>1</Font>
    <RelativePosition>true</RelativePosition>
    <Location>
      <X>149</X>
      <Y>62</Y>
    </Location>
    <Size>
      <CX>100</CX>
      <CY>20</CY>
    </Size>
    <Text>Blahblah's Complete Healing</Text>
    <NoWrap>false</NoWrap>
    <AlignCenter>False</AlignCenter>
    <AlignRight>true</AlignRight>
    <TextColor>
      <B>255</B>
      <G>210</G>
      <R>0</R>
    </TextColor>
  </StaticText>
  <Button item="SBW_Spell11">
    <ScreenID>SBW_Spell11</ScreenID>
    <!--<Font>3</Font>-->
    <RelativePosition>true</RelativePosition>
    <Location>
      <X>253</X>
      <Y>85</Y>
    </Location>
    <Size>
      <CX>22</CX>
      <CY>22</CY>
    </Size>
    <Style_Transparent>false</Style_Transparent>
    <!--<TooltipReference/>-->
    <Style_Checkbox>false</Style_Checkbox>
    <!--<RadioGroup/>-->
    <ButtonDrawTemplate>
      <Normal>BlackPixel</Normal>
      <NormalDecal>BuffIcons</NormalDecal>
    </ButtonDrawTemplate>
    <!--<SoundPressed/>-->
    <!--<SoundUp/>-->
    <!--<SoundFlyby/>-->
    <DecalOffset>
      <X>2</X>
      <Y>2</Y>
    </DecalOffset>
    <DecalSize>
      <CX>20</CX>
      <CY>20</CY>
    </DecalSize>
  </Button>
  <StaticText item="SBW_SpellName11">
    <ScreenID>SBW_SpellName11</ScreenID>
    <Font>1</Font>
    <RelativePosition>true</RelativePosition>
    <Location>
      <X>149</X>
      <Y>87</Y>
    </Location>
    <Size>
      <CX>100</CX>
      <CY>20</CY>
    </Size>
    <Text>Blahblah's Complete Healing</Text>
    <NoWrap>false</NoWrap>
    <AlignCenter>False</AlignCenter>
    <AlignRight>true</AlignRight>
    <TextColor>
      <B>255</B>
      <G>210</G>
      <R>0</R>
    </TextColor>
  </StaticText>
  <Button item="SBW_Spell12">
    <ScreenID>SBW_Spell12</ScreenID>
    <!--<Font>3</Font>-->
    <RelativePosition>true</RelativePosition>
    <Location>
      <X>253</X>
      <Y>110</Y>
    </Location>
    <Size>
      <CX>22</CX>
      <CY>22</CY>
    </Size>
    <Style_Transparent>false</Style_Transparent>
    <!--<TooltipReference/>-->
    <Style_Checkbox>false</Style_Checkbox>
    <!--<RadioGroup/>-->
    <ButtonDrawTemplate>
      <Normal>BlackPixel</Normal>
      <NormalDecal>BuffIcons</NormalDecal>
    </ButtonDrawTemplate>
    <!--<SoundPressed/>-->
    <!--<SoundUp/>-->
    <!--<SoundFlyby/>-->
    <DecalOffset>
      <X>2</X>
      <Y>2</Y>
    </DecalOffset>
    <DecalSize>
      <CX>20</CX>
      <CY>20</CY>
    </DecalSize>
  </Button>
  <StaticText item="SBW_SpellName12">
    <ScreenID>SBW_SpellName12</ScreenID>
    <Font>1</Font>
    <RelativePosition>true</RelativePosition>
    <Location>
      <X>149</X>
      <Y>112</Y>
    </Location>
    <Size>
      <CX>100</CX>
      <CY>20</CY>
    </Size>
    <Text>Blahblah's Complete Healing</Text>
    <NoWrap>false</NoWrap>
    <AlignCenter>False</AlignCenter>
    <AlignRight>true</AlignRight>
    <TextColor>
      <B>255</B>
      <G>210</G>
      <R>0</R>
    </TextColor>
  </StaticText>
  <Button item="SBW_Spell13">
    <ScreenID>SBW_Spell13</ScreenID>
    <!--<Font>3</Font>-->
    <RelativePosition>true</RelativePosition>
    <Location>
      <X>253</X>
      <Y>135</Y>
    </Location>
    <Size>
      <CX>22</CX>
      <CY>22</CY>
    </Size>
    <Style_Transparent>false</Style_Transparent>
    <!--<TooltipReference/>-->
    <Style_Checkbox>false</Style_Checkbox>
    <!--<RadioGroup/>-->
    <ButtonDrawTemplate>
      <Normal>BlackPixel</Normal>
      <NormalDecal>BuffIcons</NormalDecal>
    </ButtonDrawTemplate>
    <!--<SoundPressed/>-->
    <!--<SoundUp/>-->
    <!--<SoundFlyby/>-->
    <DecalOffset>
      <X>2</X>
      <Y>2</Y>
    </DecalOffset>
    <DecalSize>
      <CX>20</CX>
      <CY>20</CY>
    </DecalSize>
  </Button>
  <StaticText item="SBW_SpellName13">
    <ScreenID>SBW_SpellName13</ScreenID>
    <Font>1</Font>
    <RelativePosition>true</RelativePosition>
    <Location>
      <X>149</X>
      <Y>137</Y>
    </Location>
    <Size>
      <CX>100</CX>
      <CY>20</CY>
    </Size>
    <Text>Blahblah's Complete Healing</Text>
    <NoWrap>false</NoWrap>
    <AlignCenter>False</AlignCenter>
    <AlignRight>true</AlignRight>
    <TextColor>
      <B>255</B>
      <G>210</G>
      <R>0</R>
    </TextColor>
  </StaticText>
  <Button item="SBW_Spell14">
    <ScreenID>SBW_Spell14</ScreenID>
    <!--<Font>3</Font>-->
    <RelativePosition>true</RelativePosition>
    <Location>
      <X>253</X>
      <Y>160</Y>
    </Location>
    <Size>
      <CX>22</CX>
      <CY>22</CY>
    </Size>
    <Style_Transparent>false</Style_Transparent>
    <!--<TooltipReference/>-->
    <Style_Checkbox>false</Style_Checkbox>
    <!--<RadioGroup/>-->
    <ButtonDrawTemplate>
      <Normal>BlackPixel</Normal>
      <NormalDecal>BuffIcons</NormalDecal>
    </ButtonDrawTemplate>
    <!--<SoundPressed/>-->
    <!--<SoundUp/>-->
    <!--<SoundFlyby/>-->
    <DecalOffset>
      <X>2</X>
      <Y>2</Y>
    </DecalOffset>
    <DecalSize>
      <CX>20</CX>
      <CY>20</CY>
    </DecalSize>
  </Button>
  <StaticText item="SBW_SpellName14">
    <ScreenID>SBW_SpellName14</ScreenID>
    <Font>1</Font>
    <RelativePosition>true</RelativePosition>
    <Location>
      <X>149</X>
      <Y>162</Y>
    </Location>
    <Size>
      <CX>100</CX>
      <CY>20</CY>
    </Size>
    <Text>Blahblah's Complete Healing</Text>
    <NoWrap>false</NoWrap>
    <AlignCenter>False</AlignCenter>
    <AlignRight>true</AlignRight>
    <TextColor>
      <B>255</B>
      <G>210</G>
      <R>0</R>
    </TextColor>
  </StaticText>
  <Button item="SBW_Spell15">
    <ScreenID>SBW_Spell15</ScreenID>
    <!--<Font>3</Font>-->
    <RelativePosition>true</RelativePosition>
    <Location>
      <X>253</X>
      <Y>185</Y>
    </Location>
    <Size>
      <CX>22</CX>
      <CY>22</CY>
    </Size>
    <Style_Transparent>false</Style_Transparent>
    <!--<TooltipReference/>-->
    <Style_Checkbox>false</Style_Checkbox>
    <!--<RadioGroup/>-->
    <ButtonDrawTemplate>
      <Normal>BlackPixel</Normal>
      <NormalDecal>BuffIcons</NormalDecal>
    </ButtonDrawTemplate>
    <!--<SoundPressed/>-->
    <!--<SoundUp/>-->
    <!--<SoundFlyby/>-->
    <DecalOffset>
      <X>2</X>
      <Y>2</Y>
    </DecalOffset>
    <DecalSize>
      <CX>20</CX>
      <CY>20</CY>
    </DecalSize>
  </Button>
  <StaticText item="SBW_SpellName15">
    <ScreenID>SBW_SpellName15</ScreenID>
    <Font>1</Font>
    <RelativePosition>true</RelativePosition>
    <Location>
      <X>149</X>
      <Y>187</Y>
    </Location>
    <Size>
      <CX>100</CX>
      <CY>20</CY>
    </Size>
    <Text>Blahblah's Complete Healing</Text>
    <NoWrap>false</NoWrap>
    <AlignCenter>False</AlignCenter>
    <AlignRight>true</AlignRight>
    <TextColor>
      <B>255</B>
      <G>210</G>
      <R>0</R>
    </TextColor>
  </StaticText>
  <Gauge item="SBW_Memorize_Gauge">
    <ScreenID>SBW_Memorize_Gauge</ScreenID>
    <!--<Font>3</Font>-->
    <RelativePosition>true</RelativePosition>
    <Location>
      <X>94</X>
      <Y>219</Y>
    </Location>
    <Size>
      <CX>100</CX>
      <CY>2</CY>
    </Size>
    <GaugeOffsetY>0</GaugeOffsetY>
    <Style_Transparent>false</Style_Transparent>
    <!--<TooltipReference/>-->
    <FillTint>
      <R>8</R>
      <G>195</G>
      <B>255</B>
    </FillTint>
    <LinesFillTint>
      <R>0</R>
      <G>0</G>
      <B>0</B>
    </LinesFillTint>
    <DrawLinesFill>False</DrawLinesFill>
    <EQType>9</EQType>
    <GaugeDrawTemplate>
      <Background>btmpkd_GaugeBackgroundSmall</Background>
      <Fill>btmpkd_GaugeFillSmall</Fill>
      <EndCapLeft>btmpkd_GaugeEndCapLeftSmall</EndCapLeft>
      <EndCapRight>btmpkd_GaugeEndCapRightSmall</EndCapRight>
    </GaugeDrawTemplate>
    <TextColor>
      <B>240</B>
      <G>240</G>
      <R>240</R>
    </TextColor>
  </Gauge>
  <Gauge item="SBW_Scribe_Gauge">
    <ScreenID>SBW_Memorize_Gauge</ScreenID>
    <!--<Font>3</Font>-->
    <RelativePosition>true</RelativePosition>
    <Location>
      <X>94</X>
      <Y>219</Y>
    </Location>
    <Size>
      <CX>100</CX>
      <CY>2</CY>
    </Size>
    <GaugeOffsetY>0</GaugeOffsetY>
    <Style_Transparent>false</Style_Transparent>
    <!--<TooltipReference/>-->
    <FillTint>
      <R>8</R>
      <G>195</G>
      <B>255</B>
    </FillTint>
    <LinesFillTint>
      <R>0</R>
      <G>0</G>
      <B>0</B>
    </LinesFillTint>
    <DrawLinesFill>false</DrawLinesFill>
    <EQType>10</EQType>
    <GaugeDrawTemplate>
      <Background>btmpkd_GaugeBackgroundSmall</Background>
      <Fill>btmpkd_GaugeFillSmall</Fill>
      <EndCapLeft>btmpkd_GaugeEndCapLeftSmall</EndCapLeft>
      <EndCapRight>btmpkd_GaugeEndCapRightSmall</EndCapRight>
    </GaugeDrawTemplate>
  </Gauge>
  <Button item="SBW_MemPage0_Button">
    <ScreenID>SBW_MemPage0_Button</ScreenID>
    <!--<Font>3</Font>-->
    <RelativePosition>true</RelativePosition>
    <Location>
      <X>76</X>
      <Y>305</Y>
    </Location>
    <Size>
      <CX>1</CX>
      <CY>1</CY>
      <!-- <CX>96</CX> -->
      <!-- <CY>20</CY> -->
    </Size>
    <Style_Transparent>false</Style_Transparent>
    <!--<TooltipReference/>-->
    <Style_Checkbox>false</Style_Checkbox>
    <!--<RadioGroup/>-->
    <Text>Mem. This Page</Text>
    <TextColor>
      <R>255</R>
      <G>255</G>
      <B>255</B>
    </TextColor>
    <ButtonDrawTemplate>
      <Normal>A_SmallBtnNormal</Normal>
      <Pressed>A_SmallBtnPressed</Pressed>
      <Flyby>A_SmallBtnFlyby</Flyby>
      <Disabled>A_SmallBtnDisabled</Disabled>
      <PressedFlyby>A_SmallBtnPressedFlyby</PressedFlyby>
    </ButtonDrawTemplate>
    <!--<SoundPressed/>-->
    <!--<SoundUp/>-->
    <!--<SoundFlyby/>-->
  </Button>
  <Button item="SBW_MemPage1_Button">
    <ScreenID>SBW_MemPage1_Button</ScreenID>
    <!--<Font>3</Font>-->
    <RelativePosition>true</RelativePosition>
    <Location>
      <X>306</X>
      <Y>305</Y>
    </Location>
    <Size>
      <CX>1</CX>
      <CY>1</CY>
      <!-- <CX>96</CX> -->
      <!-- <CY>20</CY> -->
    </Size>
    <Style_Transparent>false</Style_Transparent>
    <!--<TooltipReference/>-->
    <Style_Checkbox>false</Style_Checkbox>
    <!--<RadioGroup/>-->
    <Text>Mem. This Page</Text>
    <TextColor>
      <R>255</R>
      <G>255</G>
      <B>255</B>
    </TextColor>
    <ButtonDrawTemplate>
      <Normal>A_SmallBtnNormal</Normal>
      <Pressed>A_SmallBtnPressed</Pressed>
      <Flyby>A_SmallBtnFlyby</Flyby>
      <Disabled>A_SmallBtnDisabled</Disabled>
      <PressedFlyby>A_SmallBtnPressedFlyby</PressedFlyby>
    </ButtonDrawTemplate>
    <!--<SoundPressed/>-->
    <!--<SoundUp/>-->
    <!--<SoundFlyby/>-->
  </Button>
  <Button item="SBW_PageDown_Button">
    <ScreenID>SBW_PageDown_Button</ScreenID>
    <!--<Font>3</Font>-->
    <RelativePosition>true</RelativePosition>
    <Location>
      <X>0</X>
      <Y>0</Y>
    </Location>
    <Size>
      <CX>7</CX>
      <CY>275</CY>
    </Size>
    <Style_Transparent>false</Style_Transparent>
    <!--<TooltipReference/>-->
    <Style_Checkbox>false</Style_Checkbox>
    <!--<RadioGroup/>-->
    <Text />
    <TextColor>
      <R>255</R>
      <G>255</G>
      <B>255</B>
    </TextColor>
    <ButtonDrawTemplate>
      <Normal>btmpkdSpellBookPageTurn</Normal>
      <Pressed>btmpkdSpellBookPageTurnHover</Pressed>
      <Flyby>btmpkdSpellBookPageTurnHover</Flyby>
      <Disabled>btmpkdSpellBookPageTurn</Disabled>
      <PressedFlyby>btmpkdSpellBookPageTurnHover</PressedFlyby>
    </ButtonDrawTemplate>
    <!--<SoundPressed/>-->
    <!--<SoundUp/>-->
    <!--<SoundFlyby/>-->
  </Button>
  <Button item="SBW_PageUp_Button">
    <ScreenID>SBW_PageUp_Button</ScreenID>
    <!--<Font>3</Font>-->
    <RelativePosition>true</RelativePosition>
    <Location>
      <X>280</X>
      <Y>0</Y>
    </Location>
    <Size>
      <CX>8</CX>
      <CY>275</CY>
    </Size>
    <Style_Transparent>false</Style_Transparent>
    <!--<TooltipReference/>-->
    <Style_Checkbox>false</Style_Checkbox>
    <!--<RadioGroup/>-->
    <Text />
    <TextColor>
      <R>255</R>
      <G>255</G>
      <B>255</B>
    </TextColor>
    <ButtonDrawTemplate>
      <Normal>btmpkdSpellBookPageTurn</Normal>
      <Pressed>btmpkdSpellBookPageTurnHover</Pressed>
      <Flyby>btmpkdSpellBookPageTurnHover</Flyby>
      <Disabled>btmpkdSpellBookPageTurn</Disabled>
      <PressedFlyby>btmpkdSpellBookPageTurnHover</PressedFlyby>
    </ButtonDrawTemplate>
    <!--<SoundPressed/>-->
    <!--<SoundUp/>-->
    <!--<SoundFlyby/>-->
  </Button>
  <StaticText item="SBW_LeftPageNum">
    <ScreenID>SBW_LeftPageNum</ScreenID>
    <Font>2</Font>
    <RelativePosition>true</RelativePosition>
    <Location>
      <X>12</X>
      <Y>225</Y>
    </Location>
    <Size>
      <CX>22</CX>
      <CY>22</CY>
    </Size>
    <Text>98</Text>
    <NoWrap>true</NoWrap>
    <AlignCenter>true</AlignCenter>
    <AlignRight>false</AlignRight>
    <TextColor>
      <B>240</B>
      <G>240</G>
      <R>240</R>
    </TextColor>
  </StaticText>
  <StaticText item="SBW_RightPageNum">
    <ScreenID>SBW_RightPageNum</ScreenID>
    <Font>2</Font>
    <RelativePosition>true</RelativePosition>
    <Location>
      <X>253</X>
      <Y>225</Y>
    </Location>
    <Size>
      <CX>22</CX>
      <CY>22</CY>
    </Size>
    <Text>99</Text>
    <NoWrap>true</NoWrap>
    <AlignCenter>true</AlignCenter>
    <AlignRight>false</AlignRight>
    <TextColor>
      <B>240</B>
      <G>240</G>
      <R>240</R>
    </TextColor>
  </StaticText>
  <Button item="SBW_DoneButton">
    <ScreenID>DoneButton</ScreenID>
    <!--<Font>3</Font>-->
    <RelativePosition>true</RelativePosition>
    <AutoStretch>False</AutoStretch>
    <LeftAnchorOffset>0</LeftAnchorOffset>
    <TopAnchorOffset>0</TopAnchorOffset>
    <RightAnchorOffset>-1</RightAnchorOffset>
    <BottomAnchorOffset>0</BottomAnchorOffset>
    <TopAnchorToTop>false</TopAnchorToTop>
    <BottomAnchorToTop>false</BottomAnchorToTop>
    <RightAnchorToLeft>false</RightAnchorToLeft>
    <LeftAnchorToLeft>false</LeftAnchorToLeft>
    <Style_Transparent>false</Style_Transparent>
    <!--<TooltipReference/>-->
    <Style_Checkbox>false</Style_Checkbox>
    <!--<RadioGroup/>-->
    <Text>Done</Text>
    <TextColor>
      <R>255</R>
      <G>255</G>
      <B>255</B>
    </TextColor>
    <ButtonDrawTemplate>
      <Normal>A_SmallBtnNormal</Normal>
      <Pressed>A_SmallBtnPressed</Pressed>
      <Flyby>A_SmallBtnFlyby</Flyby>
      <Disabled>A_SmallBtnDisabled</Disabled>
      <PressedFlyby>A_SmallBtnPressedFlyby</PressedFlyby>
    </ButtonDrawTemplate>
    <!--<SoundPressed/>-->
    <!--<<SoundUp/>-->
    <!--<SoundFlyby/>-->
    <Size>
      <CX>100</CX>
      <CY>20</CY>
    </Size>
    <Location>
      <X>95</X>
      <Y>224</Y>
    </Location>
  </Button>
  <Screen item="SpellBookWnd">
    <!--<ScreenID/>-->
    <RelativePosition>false</RelativePosition>
    <Location>
      <X>40</X>
      <Y>10</Y>
    </Location>
    <Size>
      <CX>288</CX>
      <CY>265</CY>
    </Size>
    <Text>Spell Book</Text>
    <Style_Transparent>false</Style_Transparent>
    <TooltipReference>Your Spell Book</TooltipReference>
    <DrawTemplate>WDT_StandardSolid</DrawTemplate>
    <Style_Titlebar>true</Style_Titlebar>
    <Style_Closebox>true</Style_Closebox>
    <Style_Minimizebox>true</Style_Minimizebox>
    <Style_Border>true</Style_Border>
    <Style_Sizable>false</Style_Sizable>
    <Pieces>SBW_Spell0</Pieces>
    <Pieces>SBW_SpellName0</Pieces>
    <Pieces>SBW_Spell1</Pieces>
    <Pieces>SBW_SpellName1</Pieces>
    <Pieces>SBW_Spell2</Pieces>
    <Pieces>SBW_SpellName2</Pieces>
    <Pieces>SBW_Spell3</Pieces>
    <Pieces>SBW_SpellName3</Pieces>
    <Pieces>SBW_Spell4</Pieces>
    <Pieces>SBW_SpellName4</Pieces>
    <Pieces>SBW_Spell5</Pieces>
    <Pieces>SBW_SpellName5</Pieces>
    <Pieces>SBW_Spell6</Pieces>
    <Pieces>SBW_SpellName6</Pieces>
    <Pieces>SBW_Spell7</Pieces>
    <Pieces>SBW_SpellName7</Pieces>
    <Pieces>SBW_Spell8</Pieces>
    <Pieces>SBW_SpellName8</Pieces>
    <Pieces>SBW_Spell9</Pieces>
    <Pieces>SBW_SpellName9</Pieces>
    <Pieces>SBW_Spell10</Pieces>
    <Pieces>SBW_SpellName10</Pieces>
    <Pieces>SBW_Spell11</Pieces>
    <Pieces>SBW_SpellName11</Pieces>
    <Pieces>SBW_Spell12</Pieces>
    <Pieces>SBW_SpellName12</Pieces>
    <Pieces>SBW_Spell13</Pieces>
    <Pieces>SBW_SpellName13</Pieces>
    <Pieces>SBW_Spell14</Pieces>
    <Pieces>SBW_SpellName14</Pieces>
    <Pieces>SBW_Spell15</Pieces>
    <Pieces>SBW_SpellName15</Pieces>
    <Pieces>SBW_Memorize_Gauge</Pieces>
    <Pieces>SBW_Scribe_Gauge</Pieces>
    <Pieces>SBW_MemPage0_Button</Pieces>
    <Pieces>SBW_MemPage1_Button</Pieces>
    <Pieces>SBW_PageDown_Button</Pieces>
    <Pieces>SBW_PageUp_Button</Pieces>
    <Pieces>SBW_RightPageNum</Pieces>
    <Pieces>SBW_DoneButton</Pieces>
    <Pieces>SBW_LeftPageNum</Pieces>
  </Screen>
</XML>