<?xml version="1.0" encoding="us-ascii"?>
  <XML ID="EQInterfaceDefinitionLanguage">
	<Schema xmlns="EverQuestData" xmlns:dt="EverQuestDataTypes"/>

<!-- Slot 0 -->
	<Label item="ETW_AggroPct0">
		<ScreenID>ETW_AggroPct0</ScreenID>
		<RelativePosition>true</RelativePosition>
		<Font>1</Font>
		<Location>
			<X>0</X>
			<Y>-1</Y>
		</Location>
		<Size>
			<CX>16</CX>
			<CY>10</CY>
		</Size>
		<Text>100</Text>
		<TextColor>
			<R>255</R>
			<G>0</G>
			<B>0</B>
		</TextColor>
		<EQType>314</EQType>
		<NoWrap>true</NoWrap>
	</Label>
	<Button item="ETW_Role0">
		<ScreenID>ETW_Role0</ScreenID>
		<RelativePosition>true</RelativePosition>
		<Location>
			<X>1</X>
			<Y>14</Y>
		</Location>
		<Size>
			<CX>16</CX>
			<CY>17</CY>
		</Size>
		<DecalSize>
			<CX>16</CX>
			<CY>16</CY>
		</DecalSize>
	</Button>
	<Gauge item="ETW_Gauge0">
		<ScreenID>ETW_Gauge0</ScreenID>
		<RelativePosition>true</RelativePosition>
		<Location>
			<X>18</X>
			<Y>-2</Y>
		</Location>
		<Size>
			<CX>100</CX>
			<CY>32</CY>
		</Size>
		<TextColor>
			<R>240</R>
			<G>240</G>
			<B>240</B>
		</TextColor>
		<GaugeOffsetX>0</GaugeOffsetX>
		<GaugeOffsetY>15</GaugeOffsetY>
		<FillTint>
			<R>220</R>
			<G>0</G>
			<B>0</B>
		</FillTint>
		<EQType>42</EQType>
		<GaugeDrawTemplate>
			<Fill>A_GaugeFill</Fill>
			<Background>A_GaugeBackground</Background>
			<EndCapLeft>A_GaugeEndCapLeft</EndCapLeft>
			<EndCapRight>A_GaugeEndCapRight</EndCapRight>
		</GaugeDrawTemplate>
	</Gauge>
	<Gauge item="ETW_ManaGauge0">
		<ScreenID>ETW_ManaGauge0</ScreenID>
		<RelativePosition>true</RelativePosition>
		<Location>
			<X>18</X>
			<Y>22</Y>
		</Location>
		<Size>
			<CX>100</CX>
			<CY>8</CY>
		</Size>
		<TextOffsetY>-50</TextOffsetY>
		<GaugeOffsetY>-2</GaugeOffsetY>
		<FillTint>
			<R>0</R>
			<G>128</G>
			<B>255</B>
		</FillTint>
		<EQType>62</EQType>
		<GaugeDrawTemplate>
			<Fill>A_GaugeFill</Fill>
			<EndCapLeft>A_GaugeEndCapLeft</EndCapLeft>
			<EndCapRight>A_GaugeEndCapRight</EndCapRight>
		</GaugeDrawTemplate>
	</Gauge>
	<Gauge item="ETW_STAGauge0">
		<ScreenID>ETW_STAGauge0</ScreenID>
		<RelativePosition>true</RelativePosition>
		<Location>
			<X>18</X>
			<Y>26</Y>
		</Location>
		<Size>
			<CX>100</CX>
			<CY>4</CY>
		</Size>
		<TextOffsetY>-50</TextOffsetY>
		<GaugeOffsetY>-2</GaugeOffsetY>
		<FillTint>
			<R>240</R>
			<G>240</G>
			<B>0</B>
		</FillTint>
		<EQType>82</EQType>
		<GaugeDrawTemplate>
			<Fill>A_GaugeFill</Fill>
			<EndCapLeft>A_GaugeEndCapLeft</EndCapLeft>
			<EndCapRight>A_GaugeEndCapRight</EndCapRight>
		</GaugeDrawTemplate>
	</Gauge>
	<Label item="ETW_HPLabel0">
		<ScreenID>ETW_HPLabel0</ScreenID>
		<RelativePosition>true</RelativePosition>
		<Location>
			<X>52</X>
			<Y>15</Y>
		</Location>
		<Size>
			<CX>32</CX>
			<CY>12</CY>
		</Size>
		<NoWrap>true</NoWrap>
		<EQType>151</EQType>
		<AppendText>%</AppendText>
	</Label>
	<Screen item="ETW_Ext0">
		<ScreenID>ETW_Ext0</ScreenID>
		<RelativePosition>true</RelativePosition>
		<Size>
			<CX>120</CX>
			<CY>31</CY>
		</Size>
		<Style_Border>false</Style_Border>
		<Style_Sizable>false</Style_Sizable>
		<Style_Transparent>true</Style_Transparent>
			<Pieces>ETW_AggroPct0</Pieces>
			<Pieces>ETW_Role0</Pieces>
			<Pieces>ETW_Gauge0</Pieces>
			<Pieces>ETW_ManaGauge0</Pieces>
			<Pieces>ETW_STAGauge0</Pieces>
			<Pieces>ETW_HPLabel0</Pieces>
	</Screen>

<!-- Slot 1 -->
	<Label item="ETW_AggroPct1">
		<ScreenID>ETW_AggroPct1</ScreenID>
		<RelativePosition>true</RelativePosition>
		<Font>1</Font>
		<Location>
			<X>0</X>
			<Y>0</Y>
		</Location>
		<Size>
			<CX>16</CX>
			<CY>10</CY>
		</Size>
		<EQType>315</EQType>
		<NoWrap>true</NoWrap>
	</Label>
	<Button item="ETW_Role1">
		<ScreenID>ETW_Role1</ScreenID>
		<RelativePosition>true</RelativePosition>
		<Location>
			<X>1</X>
			<Y>15</Y>
		</Location>
		<Size>
			<CX>16</CX>
			<CY>17</CY>
		</Size>
		<DecalSize>
			<CX>16</CX>
			<CY>16</CY>
		</DecalSize>
	</Button>
	<Gauge item="ETW_Gauge1">
		<ScreenID>ETW_Gauge1</ScreenID>
		<RelativePosition>true</RelativePosition>
		<Location>
			<X>18</X>
			<Y>-1</Y>
		</Location>
		<Size>
			<CX>100</CX>
			<CY>32</CY>
		</Size>
		<TextColor>
			<R>240</R>
			<G>240</G>
			<B>240</B>
		</TextColor>
		<GaugeOffsetX>0</GaugeOffsetX>
		<GaugeOffsetY>15</GaugeOffsetY>
		<FillTint>
			<R>220</R>
			<G>0</G>
			<B>0</B>
		</FillTint>
		<EQType>43</EQType>
		<GaugeDrawTemplate>
			<Fill>A_GaugeFill</Fill>
			<Background>A_GaugeBackground</Background>
			<EndCapLeft>A_GaugeEndCapLeft</EndCapLeft>
			<EndCapRight>A_GaugeEndCapRight</EndCapRight>
		</GaugeDrawTemplate>
	</Gauge>
	<Gauge item="ETW_ManaGauge1">
		<ScreenID>ETW_ManaGauge1</ScreenID>
		<RelativePosition>true</RelativePosition>
		<Location>
			<X>18</X>
			<Y>23</Y>
		</Location>
		<Size>
			<CX>100</CX>
			<CY>8</CY>
		</Size>
		<TextOffsetY>-50</TextOffsetY>
		<GaugeOffsetY>-2</GaugeOffsetY>
		<FillTint>
			<R>0</R>
			<G>128</G>
			<B>255</B>
		</FillTint>
		<EQType>63</EQType>
		<GaugeDrawTemplate>
			<Fill>A_GaugeFill</Fill>
			<EndCapLeft>A_GaugeEndCapLeft</EndCapLeft>
			<EndCapRight>A_GaugeEndCapRight</EndCapRight>
		</GaugeDrawTemplate>
	</Gauge>
	<Gauge item="ETW_STAGauge1">
		<ScreenID>ETW_STAGauge1</ScreenID>
		<RelativePosition>true</RelativePosition>
		<Location>
			<X>18</X>
			<Y>27</Y>
		</Location>
		<Size>
			<CX>100</CX>
			<CY>4</CY>
		</Size>
		<TextOffsetY>-50</TextOffsetY>
		<GaugeOffsetY>-2</GaugeOffsetY>
		<FillTint>
			<R>240</R>
			<G>240</G>
			<B>0</B>
		</FillTint>
		<EQType>83</EQType>
		<GaugeDrawTemplate>
			<Fill>A_GaugeFill</Fill>
			<EndCapLeft>A_GaugeEndCapLeft</EndCapLeft>
			<EndCapRight>A_GaugeEndCapRight</EndCapRight>
		</GaugeDrawTemplate>
	</Gauge>
	<Label item="ETW_HPLabel1">
		<ScreenID>ETW_HPLabel1</ScreenID>
		<RelativePosition>true</RelativePosition>
		<Location>
			<X>52</X>
			<Y>15</Y>
		</Location>
		<Size>
			<CX>32</CX>
			<CY>12</CY>
		</Size>
		<NoWrap>true</NoWrap>
		<EQType>152</EQType>
		<AppendText>%</AppendText>
	</Label>
	<Screen item="ETW_Ext1">
		<ScreenID>ETW_Ext1</ScreenID>
		<RelativePosition>true</RelativePosition>
		<Style_Border>false</Style_Border>
		<Style_Sizable>false</Style_Sizable>
		<Style_Transparent>true</Style_Transparent>
			<Pieces>ETW_AggroPct1</Pieces>
			<Pieces>ETW_Role1</Pieces>
			<Pieces>ETW_Gauge1</Pieces>
			<Pieces>ETW_ManaGauge1</Pieces>
			<Pieces>ETW_STAGauge1</Pieces>
			<Pieces>ETW_HPLabel1</Pieces>
	</Screen>

<!-- Slot 2 -->
	<Label item="ETW_AggroPct2">
		<ScreenID>ETW_AggroPct2</ScreenID>
		<RelativePosition>true</RelativePosition>
		<Font>1</Font>
		<Location>
			<X>0</X>
			<Y>0</Y>
		</Location>
		<Size>
			<CX>16</CX>
			<CY>16</CY>
		</Size>
		<EQType>316</EQType>
		<NoWrap>true</NoWrap>
	</Label>
	<Button item="ETW_Role2">
		<ScreenID>ETW_Role2</ScreenID>
		<RelativePosition>true</RelativePosition>
		<Location>
			<X>1</X>
			<Y>15</Y>
		</Location>
		<Size>
			<CX>16</CX>
			<CY>17</CY>
		</Size>
		<DecalSize>
			<CX>16</CX>
			<CY>16</CY>
		</DecalSize>
	</Button>
	<Gauge item="ETW_Gauge2">
		<ScreenID>ETW_Gauge2</ScreenID>
		<RelativePosition>true</RelativePosition>
		<Location>
			<X>18</X>
			<Y>-1</Y>
		</Location>
		<Size>
			<CX>100</CX>
			<CY>32</CY>
		</Size>
		<TextColor>
			<R>240</R>
			<G>240</G>
			<B>240</B>
		</TextColor>
		<GaugeOffsetX>0</GaugeOffsetX>
		<GaugeOffsetY>15</GaugeOffsetY>
		<FillTint>
			<R>220</R>
			<G>0</G>
			<B>0</B>
		</FillTint>
		<EQType>44</EQType>
		<GaugeDrawTemplate>
			<Fill>A_GaugeFill</Fill>
			<Background>A_GaugeBackground</Background>
			<EndCapLeft>A_GaugeEndCapLeft</EndCapLeft>
			<EndCapRight>A_GaugeEndCapRight</EndCapRight>
		</GaugeDrawTemplate>
	</Gauge>
	<Gauge item="ETW_ManaGauge2">
		<ScreenID>ETW_ManaGauge2</ScreenID>
		<RelativePosition>true</RelativePosition>
		<Location>
			<X>18</X>
			<Y>23</Y>
		</Location>
		<Size>
			<CX>100</CX>
			<CY>8</CY>
		</Size>
		<TextOffsetY>-50</TextOffsetY>
		<GaugeOffsetY>-2</GaugeOffsetY>
		<FillTint>
			<R>0</R>
			<G>128</G>
			<B>255</B>
		</FillTint>
		<EQType>64</EQType>
		<GaugeDrawTemplate>
			<Fill>A_GaugeFill</Fill>
			<EndCapLeft>A_GaugeEndCapLeft</EndCapLeft>
			<EndCapRight>A_GaugeEndCapRight</EndCapRight>
		</GaugeDrawTemplate>
	</Gauge>
	<Gauge item="ETW_STAGauge2">
		<ScreenID>ETW_STAGauge2</ScreenID>
		<RelativePosition>true</RelativePosition>
		<Location>
			<X>18</X>
			<Y>27</Y>
		</Location>
		<Size>
			<CX>100</CX>
			<CY>4</CY>
		</Size>
		<TextOffsetY>-50</TextOffsetY>
		<GaugeOffsetY>-2</GaugeOffsetY>
		<FillTint>
			<R>240</R>
			<G>240</G>
			<B>0</B>
		</FillTint>
		<EQType>84</EQType>
		<GaugeDrawTemplate>
			<Fill>A_GaugeFill</Fill>
			<EndCapLeft>A_GaugeEndCapLeft</EndCapLeft>
			<EndCapRight>A_GaugeEndCapRight</EndCapRight>
		</GaugeDrawTemplate>
	</Gauge>
	<Label item="ETW_HPLabel2">
		<ScreenID>ETW_HPLabel2</ScreenID>
		<RelativePosition>true</RelativePosition>
		<Location>
			<X>52</X>
			<Y>15</Y>
		</Location>
		<Size>
			<CX>32</CX>
			<CY>12</CY>
		</Size>
		<NoWrap>true</NoWrap>
		<EQType>153</EQType>
		<AppendText>%</AppendText>
	</Label>
	<Screen item="ETW_Ext2">
		<ScreenID>ETW_Ext2</ScreenID>
		<RelativePosition>true</RelativePosition>
		<Style_Border>false</Style_Border>
		<Style_Sizable>false</Style_Sizable>
		<Style_Transparent>true</Style_Transparent>
			<Pieces>ETW_AggroPct2</Pieces>
			<Pieces>ETW_Role2</Pieces>
			<Pieces>ETW_Gauge2</Pieces>
			<Pieces>ETW_ManaGauge2</Pieces>
			<Pieces>ETW_STAGauge2</Pieces>
			<Pieces>ETW_HPLabel2</Pieces>
	</Screen>

<!-- Slot 3 -->
	<Label item="ETW_AggroPct3">
		<ScreenID>ETW_AggroPct3</ScreenID>
		<RelativePosition>true</RelativePosition>
		<Font>1</Font>
		<Location>
			<X>0</X>
			<Y>0</Y>
		</Location>
		<Size>
			<CX>16</CX>
			<CY>16</CY>
		</Size>
		<EQType>317</EQType>
		<NoWrap>true</NoWrap>
	</Label>
	<Button item="ETW_Role3">
		<ScreenID>ETW_Role3</ScreenID>
		<RelativePosition>true</RelativePosition>
		<Location>
			<X>1</X>
			<Y>15</Y>
		</Location>
		<Size>
			<CX>16</CX>
			<CY>17</CY>
		</Size>
		<DecalSize>
			<CX>16</CX>
			<CY>16</CY>
		</DecalSize>
	</Button>
	<Gauge item="ETW_Gauge3">
		<ScreenID>ETW_Gauge3</ScreenID>
		<RelativePosition>true</RelativePosition>
		<Location>
			<X>18</X>
			<Y>-1</Y>
		</Location>
		<Size>
			<CX>100</CX>
			<CY>32</CY>
		</Size>
		<TextColor>
			<R>240</R>
			<G>240</G>
			<B>240</B>
		</TextColor>
		<GaugeOffsetX>0</GaugeOffsetX>
		<GaugeOffsetY>15</GaugeOffsetY>
		<FillTint>
			<R>220</R>
			<G>0</G>
			<B>0</B>
		</FillTint>
		<EQType>45</EQType>
		<GaugeDrawTemplate>
			<Fill>A_GaugeFill</Fill>
			<Background>A_GaugeBackground</Background>
			<EndCapLeft>A_GaugeEndCapLeft</EndCapLeft>
			<EndCapRight>A_GaugeEndCapRight</EndCapRight>
		</GaugeDrawTemplate>
	</Gauge>
	<Gauge item="ETW_ManaGauge3">
		<ScreenID>ETW_ManaGauge3</ScreenID>
		<RelativePosition>true</RelativePosition>
		<Location>
			<X>18</X>
			<Y>23</Y>
		</Location>
		<Size>
			<CX>100</CX>
			<CY>8</CY>
		</Size>
		<TextOffsetY>-50</TextOffsetY>
		<GaugeOffsetY>-2</GaugeOffsetY>
		<FillTint>
			<R>0</R>
			<G>128</G>
			<B>255</B>
		</FillTint>
		<EQType>65</EQType>
		<GaugeDrawTemplate>
			<Fill>A_GaugeFill</Fill>
			<EndCapLeft>A_GaugeEndCapLeft</EndCapLeft>
			<EndCapRight>A_GaugeEndCapRight</EndCapRight>
		</GaugeDrawTemplate>
	</Gauge>
	<Gauge item="ETW_STAGauge3">
		<ScreenID>ETW_STAGauge3</ScreenID>
		<RelativePosition>true</RelativePosition>
		<Location>
			<X>18</X>
			<Y>27</Y>
		</Location>
		<Size>
			<CX>100</CX>
			<CY>4</CY>
		</Size>
		<TextOffsetY>-50</TextOffsetY>
		<GaugeOffsetY>-2</GaugeOffsetY>
		<FillTint>
			<R>240</R>
			<G>240</G>
			<B>0</B>
		</FillTint>
		<EQType>85</EQType>
		<GaugeDrawTemplate>
			<Fill>A_GaugeFill</Fill>
			<EndCapLeft>A_GaugeEndCapLeft</EndCapLeft>
			<EndCapRight>A_GaugeEndCapRight</EndCapRight>
		</GaugeDrawTemplate>
	</Gauge>
	<Label item="ETW_HPLabel3">
		<ScreenID>ETW_HPLabel3</ScreenID>
		<RelativePosition>true</RelativePosition>
		<Location>
			<X>52</X>
			<Y>15</Y>
		</Location>
		<Size>
			<CX>32</CX>
			<CY>12</CY>
		</Size>
		<NoWrap>true</NoWrap>
		<EQType>154</EQType>
		<AppendText>%</AppendText>
	</Label>
	<Screen item="ETW_Ext3">
		<ScreenID>ETW_Ext3</ScreenID>
		<RelativePosition>true</RelativePosition>
		<Style_Border>false</Style_Border>
		<Style_Sizable>false</Style_Sizable>
		<Style_Transparent>true</Style_Transparent>
			<Pieces>ETW_AggroPct3</Pieces>
			<Pieces>ETW_Role3</Pieces>
			<Pieces>ETW_Gauge3</Pieces>
			<Pieces>ETW_ManaGauge3</Pieces>
			<Pieces>ETW_STAGauge3</Pieces>
			<Pieces>ETW_HPLabel3</Pieces>
	</Screen>

<!-- Slot 4 -->
	<Label item="ETW_AggroPct4">
		<ScreenID>ETW_AggroPct4</ScreenID>
		<RelativePosition>true</RelativePosition>
		<Font>1</Font>
		<Location>
			<X>0</X>
			<Y>0</Y>
		</Location>
		<Size>
			<CX>16</CX>
			<CY>16</CY>
		</Size>
		<EQType>318</EQType>
		<NoWrap>true</NoWrap>
	</Label>
	<Button item="ETW_Role4">
		<ScreenID>ETW_Role4</ScreenID>
		<RelativePosition>true</RelativePosition>
		<Location>
			<X>1</X>
			<Y>15</Y>
		</Location>
		<Size>
			<CX>16</CX>
			<CY>17</CY>
		</Size>
		<DecalSize>
			<CX>16</CX>
			<CY>16</CY>
		</DecalSize>
	</Button>
	<Gauge item="ETW_Gauge4">
		<ScreenID>ETW_Gauge4</ScreenID>
		<RelativePosition>true</RelativePosition>
		<Location>
			<X>18</X>
			<Y>-1</Y>
		</Location>
		<Size>
			<CX>100</CX>
			<CY>32</CY>
		</Size>
		<TextColor>
			<R>240</R>
			<G>240</G>
			<B>240</B>
		</TextColor>
		<GaugeOffsetX>0</GaugeOffsetX>
		<GaugeOffsetY>15</GaugeOffsetY>
		<FillTint>
			<R>220</R>
			<G>0</G>
			<B>0</B>
		</FillTint>
		<EQType>46</EQType>
		<GaugeDrawTemplate>
			<Fill>A_GaugeFill</Fill>
			<Background>A_GaugeBackground</Background>
			<EndCapLeft>A_GaugeEndCapLeft</EndCapLeft>
			<EndCapRight>A_GaugeEndCapRight</EndCapRight>
		</GaugeDrawTemplate>
	</Gauge>
	<Gauge item="ETW_ManaGauge4">
		<ScreenID>ETW_ManaGauge4</ScreenID>
		<RelativePosition>true</RelativePosition>
		<Location>
			<X>18</X>
			<Y>23</Y>
		</Location>
		<Size>
			<CX>100</CX>
			<CY>8</CY>
		</Size>
		<TextOffsetY>-50</TextOffsetY>
		<GaugeOffsetY>-2</GaugeOffsetY>
		<FillTint>
			<R>0</R>
			<G>128</G>
			<B>255</B>
		</FillTint>
		<EQType>66</EQType>
		<GaugeDrawTemplate>
			<Fill>A_GaugeFill</Fill>
			<EndCapLeft>A_GaugeEndCapLeft</EndCapLeft>
			<EndCapRight>A_GaugeEndCapRight</EndCapRight>
		</GaugeDrawTemplate>
	</Gauge>
	<Gauge item="ETW_STAGauge4">
		<ScreenID>ETW_STAGauge4</ScreenID>
		<RelativePosition>true</RelativePosition>
		<Location>
			<X>18</X>
			<Y>27</Y>
		</Location>
		<Size>
			<CX>100</CX>
			<CY>4</CY>
		</Size>
		<TextOffsetY>-50</TextOffsetY>
		<GaugeOffsetY>-2</GaugeOffsetY>
		<FillTint>
			<R>240</R>
			<G>240</G>
			<B>0</B>
		</FillTint>
		<EQType>86</EQType>
		<GaugeDrawTemplate>
			<Fill>A_GaugeFill</Fill>
			<EndCapLeft>A_GaugeEndCapLeft</EndCapLeft>
			<EndCapRight>A_GaugeEndCapRight</EndCapRight>
		</GaugeDrawTemplate>
	</Gauge>
	<Label item="ETW_HPLabel4">
		<ScreenID>ETW_HPLabel4</ScreenID>
		<RelativePosition>true</RelativePosition>
		<Location>
			<X>52</X>
			<Y>15</Y>
		</Location>
		<Size>
			<CX>32</CX>
			<CY>12</CY>
		</Size>
		<NoWrap>true</NoWrap>
		<EQType>155</EQType>
		<AppendText>%</AppendText>
	</Label>
	<Screen item="ETW_Ext4">
		<ScreenID>ETW_Ext4</ScreenID>
		<RelativePosition>true</RelativePosition>
		<Style_Border>false</Style_Border>
		<Style_Sizable>false</Style_Sizable>
		<Style_Transparent>true</Style_Transparent>
			<Pieces>ETW_AggroPct4</Pieces>
			<Pieces>ETW_Role4</Pieces>
			<Pieces>ETW_Gauge4</Pieces>
			<Pieces>ETW_ManaGauge4</Pieces>
			<Pieces>ETW_STAGauge4</Pieces>
			<Pieces>ETW_HPLabel4</Pieces>
	</Screen>

<!-- Slot 5 -->
	<Label item="ETW_AggroPct5">
		<ScreenID>ETW_AggroPct5</ScreenID>
		<RelativePosition>true</RelativePosition>
		<Font>1</Font>
		<Location>
			<X>0</X>
			<Y>0</Y>
		</Location>
		<Size>
			<CX>16</CX>
			<CY>10</CY>
		</Size>
		<EQType>319</EQType>
		<NoWrap>true</NoWrap>
	</Label>
	<Button item="ETW_Role5">
		<ScreenID>ETW_Role5</ScreenID>
		<RelativePosition>true</RelativePosition>
		<Location>
			<X>1</X>
			<Y>15</Y>
		</Location>
		<Size>
			<CX>16</CX>
			<CY>17</CY>
		</Size>
		<DecalSize>
			<CX>16</CX>
			<CY>16</CY>
		</DecalSize>
	</Button>
	<Gauge item="ETW_Gauge5">
		<ScreenID>ETW_Gauge5</ScreenID>
		<RelativePosition>true</RelativePosition>
		<Location>
			<X>18</X>
			<Y>-1</Y>
		</Location>
		<Size>
			<CX>100</CX>
			<CY>32</CY>
		</Size>
		<TextColor>
			<R>240</R>
			<G>240</G>
			<B>240</B>
		</TextColor>
		<GaugeOffsetX>0</GaugeOffsetX>
		<GaugeOffsetY>15</GaugeOffsetY>
		<FillTint>
			<R>220</R>
			<G>0</G>
			<B>0</B>
		</FillTint>
		<EQType>47</EQType>
		<GaugeDrawTemplate>
			<Fill>A_GaugeFill</Fill>
			<Background>A_GaugeBackground</Background>
			<EndCapLeft>A_GaugeEndCapLeft</EndCapLeft>
			<EndCapRight>A_GaugeEndCapRight</EndCapRight>
		</GaugeDrawTemplate>
	</Gauge>
	<Gauge item="ETW_ManaGauge5">
		<ScreenID>ETW_ManaGauge5</ScreenID>
		<RelativePosition>true</RelativePosition>
		<Location>
			<X>18</X>
			<Y>23</Y>
		</Location>
		<Size>
			<CX>100</CX>
			<CY>8</CY>
		</Size>
		<TextOffsetY>-50</TextOffsetY>
		<GaugeOffsetY>-2</GaugeOffsetY>
		<FillTint>
			<R>0</R>
			<G>128</G>
			<B>255</B>
		</FillTint>
		<EQType>67</EQType>
		<GaugeDrawTemplate>
			<Fill>A_GaugeFill</Fill>
			<EndCapLeft>A_GaugeEndCapLeft</EndCapLeft>
			<EndCapRight>A_GaugeEndCapRight</EndCapRight>
		</GaugeDrawTemplate>
	</Gauge>
	<Gauge item="ETW_STAGauge5">
		<ScreenID>ETW_STAGauge5</ScreenID>
		<RelativePosition>true</RelativePosition>
		<Location>
			<X>18</X>
			<Y>27</Y>
		</Location>
		<Size>
			<CX>100</CX>
			<CY>4</CY>
		</Size>
		<TextOffsetY>-50</TextOffsetY>
		<GaugeOffsetY>-2</GaugeOffsetY>
		<FillTint>
			<R>240</R>
			<G>240</G>
			<B>0</B>
		</FillTint>
		<EQType>87</EQType>
		<GaugeDrawTemplate>
			<Fill>A_GaugeFill</Fill>
			<EndCapLeft>A_GaugeEndCapLeft</EndCapLeft>
			<EndCapRight>A_GaugeEndCapRight</EndCapRight>
		</GaugeDrawTemplate>
	</Gauge>
	<Label item="ETW_HPLabel5">
		<ScreenID>ETW_HPLabel5</ScreenID>
		<RelativePosition>true</RelativePosition>
		<Location>
			<X>52</X>
			<Y>15</Y>
		</Location>
		<Size>
			<CX>32</CX>
			<CY>12</CY>
		</Size>
		<NoWrap>true</NoWrap>
		<EQType>156</EQType>
		<AppendText>%</AppendText>
	</Label>
	<Screen item="ETW_Ext5">
		<ScreenID>ETW_Ext5</ScreenID>
		<RelativePosition>true</RelativePosition>
		<Style_Border>false</Style_Border>
		<Style_Sizable>false</Style_Sizable>
		<Style_Transparent>true</Style_Transparent>
			<Pieces>ETW_AggroPct5</Pieces>
			<Pieces>ETW_Role5</Pieces>
			<Pieces>ETW_Gauge5</Pieces>
			<Pieces>ETW_ManaGauge5</Pieces>
			<Pieces>ETW_STAGauge5</Pieces>
			<Pieces>ETW_HPLabel5</Pieces>
	</Screen>

<!-- Slot 6 -->
	<Label item="ETW_AggroPct6">
		<ScreenID>ETW_AggroPct6</ScreenID>
		<RelativePosition>true</RelativePosition>
		<Font>1</Font>
		<Location>
			<X>0</X>
			<Y>0</Y>
		</Location>
		<Size>
			<CX>16</CX>
			<CY>10</CY>
		</Size>
		<EQType>320</EQType>
		<NoWrap>true</NoWrap>
	</Label>
	<Button item="ETW_Role6">
		<ScreenID>ETW_Role6</ScreenID>
		<RelativePosition>true</RelativePosition>
		<Location>
			<X>1</X>
			<Y>15</Y>
		</Location>
		<Size>
			<CX>16</CX>
			<CY>17</CY>
		</Size>
		<DecalSize>
			<CX>16</CX>
			<CY>16</CY>
		</DecalSize>
	</Button>
	<Gauge item="ETW_Gauge6">
		<ScreenID>ETW_Gauge6</ScreenID>
		<RelativePosition>true</RelativePosition>
		<Location>
			<X>18</X>
			<Y>-1</Y>
		</Location>
		<Size>
			<CX>100</CX>
			<CY>32</CY>
		</Size>
		<TextColor>
			<R>240</R>
			<G>240</G>
			<B>240</B>
		</TextColor>
		<GaugeOffsetX>0</GaugeOffsetX>
		<GaugeOffsetY>15</GaugeOffsetY>
		<FillTint>
			<R>220</R>
			<G>0</G>
			<B>0</B>
		</FillTint>
		<EQType>48</EQType>
		<GaugeDrawTemplate>
			<Fill>A_GaugeFill</Fill>
			<Background>A_GaugeBackground</Background>
			<EndCapLeft>A_GaugeEndCapLeft</EndCapLeft>
			<EndCapRight>A_GaugeEndCapRight</EndCapRight>
		</GaugeDrawTemplate>
	</Gauge>
	<Gauge item="ETW_ManaGauge6">
		<ScreenID>ETW_ManaGauge6</ScreenID>
		<RelativePosition>true</RelativePosition>
		<Location>
			<X>18</X>
			<Y>23</Y>
		</Location>
		<Size>
			<CX>100</CX>
			<CY>8</CY>
		</Size>
		<TextOffsetY>-50</TextOffsetY>
		<GaugeOffsetY>-2</GaugeOffsetY>
		<FillTint>
			<R>0</R>
			<G>128</G>
			<B>255</B>
		</FillTint>
		<EQType>68</EQType>
		<GaugeDrawTemplate>
			<Fill>A_GaugeFill</Fill>
			<EndCapLeft>A_GaugeEndCapLeft</EndCapLeft>
			<EndCapRight>A_GaugeEndCapRight</EndCapRight>
		</GaugeDrawTemplate>
	</Gauge>
	<Gauge item="ETW_STAGauge6">
		<ScreenID>ETW_STAGauge6</ScreenID>
		<RelativePosition>true</RelativePosition>
		<Location>
			<X>18</X>
			<Y>27</Y>
		</Location>
		<Size>
			<CX>100</CX>
			<CY>4</CY>
		</Size>
		<TextOffsetY>-50</TextOffsetY>
		<GaugeOffsetY>-2</GaugeOffsetY>
		<FillTint>
			<R>240</R>
			<G>240</G>
			<B>0</B>
		</FillTint>
		<EQType>88</EQType>
		<GaugeDrawTemplate>
			<Fill>A_GaugeFill</Fill>
			<EndCapLeft>A_GaugeEndCapLeft</EndCapLeft>
			<EndCapRight>A_GaugeEndCapRight</EndCapRight>
		</GaugeDrawTemplate>
	</Gauge>
	<Label item="ETW_HPLabel6">
		<ScreenID>ETW_HPLabel6</ScreenID>
		<RelativePosition>true</RelativePosition>
		<Location>
			<X>52</X>
			<Y>15</Y>
		</Location>
		<Size>
			<CX>32</CX>
			<CY>12</CY>
		</Size>
		<NoWrap>true</NoWrap>
		<EQType>157</EQType>
		<AppendText>%</AppendText>
	</Label>
	<Screen item="ETW_Ext6">
		<ScreenID>ETW_Ext6</ScreenID>
		<RelativePosition>true</RelativePosition>
		<Size>
			<CX>127</CX>
			<CY>33</CY>
		</Size>
		<Style_Border>false</Style_Border>
		<Style_Sizable>false</Style_Sizable>
		<Style_Transparent>true</Style_Transparent>
			<Pieces>ETW_AggroPct6</Pieces>
			<Pieces>ETW_Role6</Pieces>
			<Pieces>ETW_Gauge6</Pieces>
			<Pieces>ETW_ManaGauge6</Pieces>
			<Pieces>ETW_STAGauge6</Pieces>
			<Pieces>ETW_HPLabel6</Pieces>
	</Screen>

<!-- Slot 7 -->
	<Label item="ETW_AggroPct7">
		<ScreenID>ETW_AggroPct7</ScreenID>
		<RelativePosition>true</RelativePosition>
		<Font>1</Font>
		<Location>
			<X>0</X>
			<Y>0</Y>
		</Location>
		<Size>
			<CX>16</CX>
			<CY>10</CY>
		</Size>
		<EQType>321</EQType>
		<NoWrap>true</NoWrap>
	</Label>
	<Button item="ETW_Role7">
		<ScreenID>ETW_Role7</ScreenID>
		<RelativePosition>true</RelativePosition>
		<Location>
			<X>1</X>
			<Y>15</Y>
		</Location>
		<Size>
			<CX>16</CX>
			<CY>17</CY>
		</Size>
		<DecalSize>
			<CX>16</CX>
			<CY>16</CY>
		</DecalSize>
	</Button>
	<Gauge item="ETW_Gauge7">
		<ScreenID>ETW_Gauge7</ScreenID>
		<RelativePosition>true</RelativePosition>
		<Location>
			<X>18</X>
			<Y>-1</Y>
		</Location>
		<Size>
			<CX>100</CX>
			<CY>32</CY>
		</Size>
		<TextColor>
			<R>240</R>
			<G>240</G>
			<B>240</B>
		</TextColor>
		<GaugeOffsetX>0</GaugeOffsetX>
		<GaugeOffsetY>15</GaugeOffsetY>
		<FillTint>
			<R>220</R>
			<G>0</G>
			<B>0</B>
		</FillTint>
		<EQType>49</EQType>
		<GaugeDrawTemplate>
			<Fill>A_GaugeFill</Fill>
			<Background>A_GaugeBackground</Background>
			<EndCapLeft>A_GaugeEndCapLeft</EndCapLeft>
			<EndCapRight>A_GaugeEndCapRight</EndCapRight>
		</GaugeDrawTemplate>
	</Gauge>
	<Gauge item="ETW_ManaGauge7">
		<ScreenID>ETW_ManaGauge7</ScreenID>
		<RelativePosition>true</RelativePosition>
		<Location>
			<X>18</X>
			<Y>23</Y>
		</Location>
		<Size>
			<CX>100</CX>
			<CY>8</CY>
		</Size>
		<TextOffsetY>-50</TextOffsetY>
		<GaugeOffsetY>-2</GaugeOffsetY>
		<FillTint>
			<R>0</R>
			<G>128</G>
			<B>255</B>
		</FillTint>
		<EQType>69</EQType>
		<GaugeDrawTemplate>
			<Fill>A_GaugeFill</Fill>
			<EndCapLeft>A_GaugeEndCapLeft</EndCapLeft>
			<EndCapRight>A_GaugeEndCapRight</EndCapRight>
		</GaugeDrawTemplate>
	</Gauge>
	<Gauge item="ETW_STAGauge7">
		<ScreenID>ETW_STAGauge7</ScreenID>
		<RelativePosition>true</RelativePosition>
		<Location>
			<X>18</X>
			<Y>27</Y>
		</Location>
		<Size>
			<CX>100</CX>
			<CY>4</CY>
		</Size>
		<TextOffsetY>-50</TextOffsetY>
		<GaugeOffsetY>-2</GaugeOffsetY>
		<FillTint>
			<R>240</R>
			<G>240</G>
			<B>0</B>
		</FillTint>
		<EQType>89</EQType>
		<GaugeDrawTemplate>
			<Fill>A_GaugeFill</Fill>
			<EndCapLeft>A_GaugeEndCapLeft</EndCapLeft>
			<EndCapRight>A_GaugeEndCapRight</EndCapRight>
		</GaugeDrawTemplate>
	</Gauge>
	<Label item="ETW_HPLabel7">
		<ScreenID>ETW_HPLabel7</ScreenID>
		<RelativePosition>true</RelativePosition>
		<Location>
			<X>52</X>
			<Y>15</Y>
		</Location>
		<Size>
			<CX>32</CX>
			<CY>12</CY>
		</Size>
		<NoWrap>true</NoWrap>
		<EQType>158</EQType>
		<AppendText>%</AppendText>
	</Label>
	<Screen item="ETW_Ext7">
		<ScreenID>ETW_Ext7</ScreenID>
		<RelativePosition>true</RelativePosition>
		<Size>
			<CX>127</CX>
			<CY>33</CY>
		</Size>
		<Style_Border>false</Style_Border>
		<Style_Sizable>false</Style_Sizable>
		<Style_Transparent>true</Style_Transparent>
			<Pieces>ETW_AggroPct7</Pieces>
			<Pieces>ETW_Role7</Pieces>
			<Pieces>ETW_Gauge7</Pieces>
			<Pieces>ETW_ManaGauge7</Pieces>
			<Pieces>ETW_STAGauge7</Pieces>
			<Pieces>ETW_HPLabel7</Pieces>
	</Screen>

<!-- Slot 8 -->
	<Label item="ETW_AggroPct8">
		<ScreenID>ETW_AggroPct8</ScreenID>
		<RelativePosition>true</RelativePosition>
		<Font>1</Font>
		<Location>
			<X>0</X>
			<Y>0</Y>
		</Location>
		<Size>
			<CX>16</CX>
			<CY>10</CY>
		</Size>
		<EQType>322</EQType>
		<NoWrap>true</NoWrap>
	</Label>
	<Button item="ETW_Role8">
		<ScreenID>ETW_Role8</ScreenID>
		<RelativePosition>true</RelativePosition>
		<Location>
			<X>1</X>
			<Y>15</Y>
		</Location>
		<Size>
			<CX>16</CX>
			<CY>17</CY>
		</Size>
		<DecalSize>
			<CX>16</CX>
			<CY>16</CY>
		</DecalSize>
	</Button>
	<Gauge item="ETW_Gauge8">
		<ScreenID>ETW_Gauge8</ScreenID>
		<RelativePosition>true</RelativePosition>
		<Location>
			<X>18</X>
			<Y>-1</Y>
		</Location>
		<Size>
			<CX>100</CX>
			<CY>32</CY>
		</Size>
		<TextColor>
			<R>240</R>
			<G>240</G>
			<B>240</B>
		</TextColor>
		<GaugeOffsetX>0</GaugeOffsetX>
		<GaugeOffsetY>15</GaugeOffsetY>
		<FillTint>
			<R>220</R>
			<G>0</G>
			<B>0</B>
		</FillTint>
		<EQType>50</EQType>
		<GaugeDrawTemplate>
			<Fill>A_GaugeFill</Fill>
			<Background>A_GaugeBackground</Background>
			<EndCapLeft>A_GaugeEndCapLeft</EndCapLeft>
			<EndCapRight>A_GaugeEndCapRight</EndCapRight>
		</GaugeDrawTemplate>
	</Gauge>
	<Gauge item="ETW_ManaGauge8">
		<ScreenID>ETW_ManaGauge8</ScreenID>
		<RelativePosition>true</RelativePosition>
		<Location>
			<X>18</X>
			<Y>23</Y>
		</Location>
		<Size>
			<CX>100</CX>
			<CY>8</CY>
		</Size>
		<TextOffsetY>-50</TextOffsetY>
		<GaugeOffsetY>-2</GaugeOffsetY>
		<FillTint>
			<R>0</R>
			<G>128</G>
			<B>255</B>
		</FillTint>
		<EQType>70</EQType>
		<GaugeDrawTemplate>
			<Fill>A_GaugeFill</Fill>
			<EndCapLeft>A_GaugeEndCapLeft</EndCapLeft>
			<EndCapRight>A_GaugeEndCapRight</EndCapRight>
		</GaugeDrawTemplate>
	</Gauge>
	<Gauge item="ETW_STAGauge8">
		<ScreenID>ETW_STAGauge8</ScreenID>
		<RelativePosition>true</RelativePosition>
		<Location>
			<X>18</X>
			<Y>27</Y>
		</Location>
		<Size>
			<CX>100</CX>
			<CY>4</CY>
		</Size>
		<TextOffsetY>-50</TextOffsetY>
		<GaugeOffsetY>-2</GaugeOffsetY>
		<FillTint>
			<R>240</R>
			<G>240</G>
			<B>0</B>
		</FillTint>
		<EQType>90</EQType>
		<GaugeDrawTemplate>
			<Fill>A_GaugeFill</Fill>
			<EndCapLeft>A_GaugeEndCapLeft</EndCapLeft>
			<EndCapRight>A_GaugeEndCapRight</EndCapRight>
		</GaugeDrawTemplate>
	</Gauge>
	<Label item="ETW_HPLabel8">
		<ScreenID>ETW_HPLabel8</ScreenID>
		<RelativePosition>true</RelativePosition>
		<Location>
			<X>52</X>
			<Y>15</Y>
		</Location>
		<Size>
			<CX>32</CX>
			<CY>12</CY>
		</Size>
		<NoWrap>true</NoWrap>
		<EQType>159</EQType>
		<AppendText>%</AppendText>
	</Label>
	<Screen item="ETW_Ext8">
		<ScreenID>ETW_Ext8</ScreenID>
		<RelativePosition>true</RelativePosition>
		<Size>
			<CX>127</CX>
			<CY>33</CY>
		</Size>
		<Style_Border>false</Style_Border>
		<Style_Sizable>false</Style_Sizable>
		<Style_Transparent>true</Style_Transparent>
			<Pieces>ETW_AggroPct8</Pieces>
			<Pieces>ETW_Role8</Pieces>
			<Pieces>ETW_Gauge8</Pieces>
			<Pieces>ETW_ManaGauge8</Pieces>
			<Pieces>ETW_STAGauge8</Pieces>
			<Pieces>ETW_HPLabel8</Pieces>
	</Screen>

<!-- Slot 9 -->
	<Label item="ETW_AggroPct9">
		<ScreenID>ETW_AggroPct9</ScreenID>
		<RelativePosition>true</RelativePosition>
		<Font>1</Font>
		<Location>
			<X>0</X>
			<Y>0</Y>
		</Location>
		<Size>
			<CX>16</CX>
			<CY>10</CY>
		</Size>
		<EQType>323</EQType>
		<NoWrap>true</NoWrap>
	</Label>
	<Button item="ETW_Role9">
		<ScreenID>ETW_Role9</ScreenID>
		<RelativePosition>true</RelativePosition>
		<Location>
			<X>1</X>
			<Y>15</Y>
		</Location>
		<Size>
			<CX>16</CX>
			<CY>17</CY>
		</Size>
		<DecalSize>
			<CX>16</CX>
			<CY>16</CY>
		</DecalSize>
	</Button>
	<Gauge item="ETW_Gauge9">
		<ScreenID>ETW_Gauge9</ScreenID>
		<RelativePosition>true</RelativePosition>
		<Location>
			<X>18</X>
			<Y>-1</Y>
		</Location>
		<Size>
			<CX>100</CX>
			<CY>32</CY>
		</Size>
		<TextColor>
			<R>240</R>
			<G>240</G>
			<B>240</B>
		</TextColor>
		<GaugeOffsetX>0</GaugeOffsetX>
		<GaugeOffsetY>15</GaugeOffsetY>
		<FillTint>
			<R>220</R>
			<G>0</G>
			<B>0</B>
		</FillTint>
		<EQType>51</EQType>
		<GaugeDrawTemplate>
			<Fill>A_GaugeFill</Fill>
			<Background>A_GaugeBackground</Background>
			<EndCapLeft>A_GaugeEndCapLeft</EndCapLeft>
			<EndCapRight>A_GaugeEndCapRight</EndCapRight>
		</GaugeDrawTemplate>
	</Gauge>
	<Gauge item="ETW_ManaGauge9">
		<ScreenID>ETW_ManaGauge9</ScreenID>
		<RelativePosition>true</RelativePosition>
		<Location>
			<X>18</X>
			<Y>23</Y>
		</Location>
		<Size>
			<CX>100</CX>
			<CY>8</CY>
		</Size>
		<TextOffsetY>-50</TextOffsetY>
		<GaugeOffsetY>-2</GaugeOffsetY>
		<FillTint>
			<R>0</R>
			<G>128</G>
			<B>255</B>
		</FillTint>
		<EQType>71</EQType>
		<GaugeDrawTemplate>
			<Fill>A_GaugeFill</Fill>
			<EndCapLeft>A_GaugeEndCapLeft</EndCapLeft>
			<EndCapRight>A_GaugeEndCapRight</EndCapRight>
		</GaugeDrawTemplate>
	</Gauge>
	<Gauge item="ETW_STAGauge9">
		<ScreenID>ETW_STAGauge9</ScreenID>
		<RelativePosition>true</RelativePosition>
		<Location>
			<X>18</X>
			<Y>27</Y>
		</Location>
		<Size>
			<CX>100</CX>
			<CY>4</CY>
		</Size>
		<TextOffsetY>-50</TextOffsetY>
		<GaugeOffsetY>-2</GaugeOffsetY>
		<FillTint>
			<R>240</R>
			<G>240</G>
			<B>0</B>
		</FillTint>
		<EQType>91</EQType>
		<GaugeDrawTemplate>
			<Fill>A_GaugeFill</Fill>
			<EndCapLeft>A_GaugeEndCapLeft</EndCapLeft>
			<EndCapRight>A_GaugeEndCapRight</EndCapRight>
		</GaugeDrawTemplate>
	</Gauge>
	<Label item="ETW_HPLabel9">
		<ScreenID>ETW_HPLabel9</ScreenID>
		<RelativePosition>true</RelativePosition>
		<Location>
			<X>52</X>
			<Y>15</Y>
		</Location>
		<Size>
			<CX>32</CX>
			<CY>12</CY>
		</Size>
		<NoWrap>true</NoWrap>
		<EQType>160</EQType>
		<AppendText>%</AppendText>
	</Label>
	<Screen item="ETW_Ext9">
		<ScreenID>ETW_Ext9</ScreenID>
		<RelativePosition>true</RelativePosition>
		<Size>
			<CX>127</CX>
			<CY>33</CY>
		</Size>
		<Style_Border>false</Style_Border>
		<Style_Sizable>false</Style_Sizable>
		<Style_Transparent>true</Style_Transparent>
			<Pieces>ETW_AggroPct9</Pieces>
			<Pieces>ETW_Role9</Pieces>
			<Pieces>ETW_Gauge9</Pieces>
			<Pieces>ETW_ManaGauge9</Pieces>
			<Pieces>ETW_STAGauge9</Pieces>
			<Pieces>ETW_HPLabel9</Pieces>
	</Screen>

<!-- Slot 10 -->
	<Label item="ETW_AggroPct10">
		<ScreenID>ETW_AggroPct10</ScreenID>
		<RelativePosition>true</RelativePosition>
		<Font>1</Font>
		<Location>
			<X>0</X>
			<Y>0</Y>
		</Location>
		<Size>
			<CX>16</CX>
			<CY>10</CY>
		</Size>
		<EQType>324</EQType>
		<NoWrap>true</NoWrap>
	</Label>
	<Button item="ETW_Role10">
		<ScreenID>ETW_Role10</ScreenID>
		<RelativePosition>true</RelativePosition>
		<Location>
			<X>1</X>
			<Y>15</Y>
		</Location>
		<Size>
			<CX>16</CX>
			<CY>17</CY>
		</Size>
		<DecalSize>
			<CX>16</CX>
			<CY>16</CY>
		</DecalSize>
	</Button>
	<Gauge item="ETW_Gauge10">
		<ScreenID>ETW_Gauge10</ScreenID>
		<RelativePosition>true</RelativePosition>
		<Location>
			<X>18</X>
			<Y>-1</Y>
		</Location>
		<Size>
			<CX>100</CX>
			<CY>32</CY>
		</Size>
		<TextColor>
			<R>240</R>
			<G>240</G>
			<B>240</B>
		</TextColor>
		<GaugeOffsetX>0</GaugeOffsetX>
		<GaugeOffsetY>15</GaugeOffsetY>
		<FillTint>
			<R>220</R>
			<G>0</G>
			<B>0</B>
		</FillTint>
		<EQType>52</EQType>
		<GaugeDrawTemplate>
			<Fill>A_GaugeFill</Fill>
			<Background>A_GaugeBackground</Background>
			<EndCapLeft>A_GaugeEndCapLeft</EndCapLeft>
			<EndCapRight>A_GaugeEndCapRight</EndCapRight>
		</GaugeDrawTemplate>
	</Gauge>
	<Gauge item="ETW_ManaGauge10">
		<ScreenID>ETW_ManaGauge10</ScreenID>
		<RelativePosition>true</RelativePosition>
		<Location>
			<X>18</X>
			<Y>23</Y>
		</Location>
		<Size>
			<CX>100</CX>
			<CY>8</CY>
		</Size>
		<TextOffsetY>-50</TextOffsetY>
		<GaugeOffsetY>-2</GaugeOffsetY>
		<FillTint>
			<R>0</R>
			<G>128</G>
			<B>255</B>
		</FillTint>
		<EQType>72</EQType>
		<GaugeDrawTemplate>
			<Fill>A_GaugeFill</Fill>
			<EndCapLeft>A_GaugeEndCapLeft</EndCapLeft>
			<EndCapRight>A_GaugeEndCapRight</EndCapRight>
		</GaugeDrawTemplate>
	</Gauge>
	<Gauge item="ETW_STAGauge10">
		<ScreenID>ETW_STAGauge10</ScreenID>
		<RelativePosition>true</RelativePosition>
		<Location>
			<X>18</X>
			<Y>27</Y>
		</Location>
		<Size>
			<CX>100</CX>
			<CY>4</CY>
		</Size>
		<TextOffsetY>-50</TextOffsetY>
		<GaugeOffsetY>-2</GaugeOffsetY>
		<FillTint>
			<R>240</R>
			<G>240</G>
			<B>0</B>
		</FillTint>
		<EQType>92</EQType>
		<GaugeDrawTemplate>
			<Fill>A_GaugeFill</Fill>
			<EndCapLeft>A_GaugeEndCapLeft</EndCapLeft>
			<EndCapRight>A_GaugeEndCapRight</EndCapRight>
		</GaugeDrawTemplate>
	</Gauge>
	<Label item="ETW_HPLabel10">
		<ScreenID>ETW_HPLabel10</ScreenID>
		<RelativePosition>true</RelativePosition>
		<Location>
			<X>52</X>
			<Y>15</Y>
		</Location>
		<Size>
			<CX>32</CX>
			<CY>12</CY>
		</Size>
		<NoWrap>true</NoWrap>
		<EQType>161</EQType>
		<AppendText>%</AppendText>
	</Label>
	<Screen item="ETW_Ext10">
		<ScreenID>ETW_Ext10</ScreenID>
		<RelativePosition>true</RelativePosition>
		<Size>
			<CX>127</CX>
			<CY>33</CY>
		</Size>
		<Style_Border>false</Style_Border>
		<Style_Sizable>false</Style_Sizable>
		<Style_Transparent>true</Style_Transparent>
			<Pieces>ETW_AggroPct10</Pieces>
			<Pieces>ETW_Role10</Pieces>
			<Pieces>ETW_Gauge10</Pieces>
			<Pieces>ETW_ManaGauge10</Pieces>
			<Pieces>ETW_STAGauge10</Pieces>
			<Pieces>ETW_HPLabel10</Pieces>
	</Screen>

<!-- Slot 11 -->
	<Label item="ETW_AggroPct11">
		<ScreenID>ETW_AggroPct11</ScreenID>
		<RelativePosition>true</RelativePosition>
		<Font>1</Font>
		<Location>
			<X>0</X>
			<Y>0</Y>
		</Location>
		<Size>
			<CX>16</CX>
			<CY>10</CY>
		</Size>
		<EQType>325</EQType>
		<NoWrap>true</NoWrap>
	</Label>
	<Button item="ETW_Role11">
		<ScreenID>ETW_Role11</ScreenID>
		<RelativePosition>true</RelativePosition>
		<Location>
			<X>1</X>
			<Y>15</Y>
		</Location>
		<Size>
			<CX>16</CX>
			<CY>17</CY>
		</Size>
		<DecalSize>
			<CX>16</CX>
			<CY>16</CY>
		</DecalSize>
	</Button>
	<Gauge item="ETW_Gauge11">
		<ScreenID>ETW_Gauge11</ScreenID>
		<RelativePosition>true</RelativePosition>
		<Location>
			<X>18</X>
			<Y>-1</Y>
		</Location>
		<Size>
			<CX>100</CX>
			<CY>32</CY>
		</Size>
		<TextColor>
			<R>240</R>
			<G>240</G>
			<B>240</B>
		</TextColor>
		<GaugeOffsetX>0</GaugeOffsetX>
		<GaugeOffsetY>15</GaugeOffsetY>
		<FillTint>
			<R>220</R>
			<G>0</G>
			<B>0</B>
		</FillTint>
		<EQType>53</EQType>
		<GaugeDrawTemplate>
			<Fill>A_GaugeFill</Fill>
			<Background>A_GaugeBackground</Background>
			<EndCapLeft>A_GaugeEndCapLeft</EndCapLeft>
			<EndCapRight>A_GaugeEndCapRight</EndCapRight>
		</GaugeDrawTemplate>
	</Gauge>
	<Gauge item="ETW_ManaGauge11">
		<ScreenID>ETW_ManaGauge11</ScreenID>
		<RelativePosition>true</RelativePosition>
		<Location>
			<X>18</X>
			<Y>23</Y>
		</Location>
		<Size>
			<CX>100</CX>
			<CY>8</CY>
		</Size>
		<TextOffsetY>-50</TextOffsetY>
		<GaugeOffsetY>-2</GaugeOffsetY>
		<FillTint>
			<R>0</R>
			<G>128</G>
			<B>255</B>
		</FillTint>
		<EQType>73</EQType>
		<GaugeDrawTemplate>
			<Fill>A_GaugeFill</Fill>
			<EndCapLeft>A_GaugeEndCapLeft</EndCapLeft>
			<EndCapRight>A_GaugeEndCapRight</EndCapRight>
		</GaugeDrawTemplate>
	</Gauge>
	<Gauge item="ETW_STAGauge11">
		<ScreenID>ETW_STAGauge11</ScreenID>
		<RelativePosition>true</RelativePosition>
		<Location>
			<X>18</X>
			<Y>27</Y>
		</Location>
		<Size>
			<CX>100</CX>
			<CY>4</CY>
		</Size>
		<TextOffsetY>-50</TextOffsetY>
		<GaugeOffsetY>-2</GaugeOffsetY>
		<FillTint>
			<R>240</R>
			<G>240</G>
			<B>0</B>
		</FillTint>
		<EQType>93</EQType>
		<GaugeDrawTemplate>
			<Fill>A_GaugeFill</Fill>
			<EndCapLeft>A_GaugeEndCapLeft</EndCapLeft>
			<EndCapRight>A_GaugeEndCapRight</EndCapRight>
		</GaugeDrawTemplate>
	</Gauge>
	<Label item="ETW_HPLabel11">
		<ScreenID>ETW_HPLabel11</ScreenID>
		<RelativePosition>true</RelativePosition>
		<Location>
			<X>52</X>
			<Y>15</Y>
		</Location>
		<Size>
			<CX>32</CX>
			<CY>12</CY>
		</Size>
		<NoWrap>true</NoWrap>
		<EQType>162</EQType>
		<AppendText>%</AppendText>
	</Label>
	<Screen item="ETW_Ext11">
		<ScreenID>ETW_Ext11</ScreenID>
		<RelativePosition>true</RelativePosition>
		<Size>
			<CX>127</CX>
			<CY>33</CY>
		</Size>
		<Style_Border>false</Style_Border>
		<Style_Sizable>false</Style_Sizable>
		<Style_Transparent>true</Style_Transparent>
			<Pieces>ETW_AggroPct11</Pieces>
			<Pieces>ETW_Role11</Pieces>
			<Pieces>ETW_Gauge11</Pieces>
			<Pieces>ETW_ManaGauge11</Pieces>
			<Pieces>ETW_STAGauge11</Pieces>
			<Pieces>ETW_HPLabel11</Pieces>
	</Screen>

<!-- Slot 12 -->
	<Label item="ETW_AggroPct12">
		<ScreenID>ETW_AggroPct12</ScreenID>
		<RelativePosition>true</RelativePosition>
		<Font>1</Font>
		<Location>
			<X>0</X>
			<Y>0</Y>
		</Location>
		<Size>
			<CX>16</CX>
			<CY>10</CY>
		</Size>
		<EQType>326</EQType>
		<NoWrap>true</NoWrap>
	</Label>
	<Button item="ETW_Role12">
		<ScreenID>ETW_Role12</ScreenID>
		<RelativePosition>true</RelativePosition>
		<Location>
			<X>1</X>
			<Y>15</Y>
		</Location>
		<Size>
			<CX>16</CX>
			<CY>17</CY>
		</Size>
		<DecalSize>
			<CX>16</CX>
			<CY>16</CY>
		</DecalSize>
	</Button>
	<Gauge item="ETW_Gauge12">
		<ScreenID>ETW_Gauge12</ScreenID>
		<RelativePosition>true</RelativePosition>
		<Location>
			<X>18</X>
			<Y>-1</Y>
		</Location>
		<Size>
			<CX>100</CX>
			<CY>32</CY>
		</Size>
		<TextColor>
			<R>240</R>
			<G>240</G>
			<B>240</B>
		</TextColor>
		<GaugeOffsetX>0</GaugeOffsetX>
		<GaugeOffsetY>15</GaugeOffsetY>
		<FillTint>
			<R>220</R>
			<G>0</G>
			<B>0</B>
		</FillTint>
		<EQType>54</EQType>
		<GaugeDrawTemplate>
			<Fill>A_GaugeFill</Fill>
			<Background>A_GaugeBackground</Background>
			<EndCapLeft>A_GaugeEndCapLeft</EndCapLeft>
			<EndCapRight>A_GaugeEndCapRight</EndCapRight>
		</GaugeDrawTemplate>
	</Gauge>
	<Gauge item="ETW_ManaGauge12">
		<ScreenID>ETW_ManaGauge12</ScreenID>
		<RelativePosition>true</RelativePosition>
		<Location>
			<X>18</X>
			<Y>23</Y>
		</Location>
		<Size>
			<CX>100</CX>
			<CY>8</CY>
		</Size>
		<TextOffsetY>-50</TextOffsetY>
		<GaugeOffsetY>-2</GaugeOffsetY>
		<FillTint>
			<R>0</R>
			<G>128</G>
			<B>255</B>
		</FillTint>
		<EQType>74</EQType>
		<GaugeDrawTemplate>
			<Fill>A_GaugeFill</Fill>
			<EndCapLeft>A_GaugeEndCapLeft</EndCapLeft>
			<EndCapRight>A_GaugeEndCapRight</EndCapRight>
		</GaugeDrawTemplate>
	</Gauge>
	<Gauge item="ETW_STAGauge12">
		<ScreenID>ETW_STAGauge12</ScreenID>
		<RelativePosition>true</RelativePosition>
		<Location>
			<X>18</X>
			<Y>27</Y>
		</Location>
		<Size>
			<CX>100</CX>
			<CY>4</CY>
		</Size>
		<TextOffsetY>-50</TextOffsetY>
		<GaugeOffsetY>-2</GaugeOffsetY>
		<FillTint>
			<R>240</R>
			<G>240</G>
			<B>0</B>
		</FillTint>
		<EQType>94</EQType>
		<GaugeDrawTemplate>
			<Fill>A_GaugeFill</Fill>
			<EndCapLeft>A_GaugeEndCapLeft</EndCapLeft>
			<EndCapRight>A_GaugeEndCapRight</EndCapRight>
		</GaugeDrawTemplate>
	</Gauge>
	<Label item="ETW_HPLabel12">
		<ScreenID>ETW_HPLabel12</ScreenID>
		<RelativePosition>true</RelativePosition>
		<Location>
			<X>52</X>
			<Y>15</Y>
		</Location>
		<Size>
			<CX>32</CX>
			<CY>12</CY>
		</Size>
		<NoWrap>true</NoWrap>
		<EQType>163</EQType>
		<AppendText>%</AppendText>
	</Label>
	<Screen item="ETW_Ext12">
		<ScreenID>ETW_Ext12</ScreenID>
		<RelativePosition>true</RelativePosition>
		<Size>
			<CX>127</CX>
			<CY>33</CY>
		</Size>
		<Style_Border>false</Style_Border>
		<Style_Sizable>false</Style_Sizable>
		<Style_Transparent>true</Style_Transparent>
			<Pieces>ETW_AggroPct12</Pieces>
			<Pieces>ETW_Role12</Pieces>
			<Pieces>ETW_Gauge12</Pieces>
			<Pieces>ETW_ManaGauge12</Pieces>
			<Pieces>ETW_STAGauge12</Pieces>
			<Pieces>ETW_HPLabel12</Pieces>
	</Screen>

<!-- Slot 13 -->
	<Label item="ETW_AggroPct13">
		<ScreenID>ETW_AggroPct13</ScreenID>
		<RelativePosition>true</RelativePosition>
		<Font>1</Font>
		<Location>
			<X>0</X>
			<Y>0</Y>
		</Location>
		<Size>
			<CX>16</CX>
			<CY>10</CY>
		</Size>
		<EQType>327</EQType>
		<NoWrap>true</NoWrap>
	</Label>
	<Button item="ETW_Role13">
		<ScreenID>ETW_Role13</ScreenID>
		<RelativePosition>true</RelativePosition>
		<Location>
			<X>1</X>
			<Y>15</Y>
		</Location>
		<Size>
			<CX>16</CX>
			<CY>17</CY>
		</Size>
		<DecalSize>
			<CX>16</CX>
			<CY>16</CY>
		</DecalSize>
	</Button>
	<Gauge item="ETW_Gauge13">
		<ScreenID>ETW_Gauge13</ScreenID>
		<RelativePosition>true</RelativePosition>
		<Location>
			<X>18</X>
			<Y>-1</Y>
		</Location>
		<Size>
			<CX>100</CX>
			<CY>32</CY>
		</Size>
		<TextColor>
			<R>240</R>
			<G>240</G>
			<B>240</B>
		</TextColor>
		<GaugeOffsetX>0</GaugeOffsetX>
		<GaugeOffsetY>15</GaugeOffsetY>
		<FillTint>
			<R>220</R>
			<G>0</G>
			<B>0</B>
		</FillTint>
		<EQType>55</EQType>
		<GaugeDrawTemplate>
			<Fill>A_GaugeFill</Fill>
			<Background>A_GaugeBackground</Background>
			<EndCapLeft>A_GaugeEndCapLeft</EndCapLeft>
			<EndCapRight>A_GaugeEndCapRight</EndCapRight>
		</GaugeDrawTemplate>
	</Gauge>
	<Gauge item="ETW_ManaGauge13">
		<ScreenID>ETW_ManaGauge13</ScreenID>
		<RelativePosition>true</RelativePosition>
		<Location>
			<X>18</X>
			<Y>23</Y>
		</Location>
		<Size>
			<CX>100</CX>
			<CY>8</CY>
		</Size>
		<TextOffsetY>-50</TextOffsetY>
		<GaugeOffsetY>-2</GaugeOffsetY>
		<FillTint>
			<R>0</R>
			<G>128</G>
			<B>255</B>
		</FillTint>
		<EQType>75</EQType>
		<GaugeDrawTemplate>
			<Fill>A_GaugeFill</Fill>
			<EndCapLeft>A_GaugeEndCapLeft</EndCapLeft>
			<EndCapRight>A_GaugeEndCapRight</EndCapRight>
		</GaugeDrawTemplate>
	</Gauge>
	<Gauge item="ETW_STAGauge13">
		<ScreenID>ETW_STAGauge13</ScreenID>
		<RelativePosition>true</RelativePosition>
		<Location>
			<X>18</X>
			<Y>27</Y>
		</Location>
		<Size>
			<CX>100</CX>
			<CY>4</CY>
		</Size>
		<TextOffsetY>-50</TextOffsetY>
		<GaugeOffsetY>-2</GaugeOffsetY>
		<FillTint>
			<R>240</R>
			<G>240</G>
			<B>0</B>
		</FillTint>
		<EQType>95</EQType>
		<GaugeDrawTemplate>
			<Fill>A_GaugeFill</Fill>
			<EndCapLeft>A_GaugeEndCapLeft</EndCapLeft>
			<EndCapRight>A_GaugeEndCapRight</EndCapRight>
		</GaugeDrawTemplate>
	</Gauge>
	<Label item="ETW_HPLabel13">
		<ScreenID>ETW_HPLabel13</ScreenID>
		<RelativePosition>true</RelativePosition>
		<Location>
			<X>52</X>
			<Y>15</Y>
		</Location>
		<Size>
			<CX>32</CX>
			<CY>12</CY>
		</Size>
		<NoWrap>true</NoWrap>
		<EQType>164</EQType>
		<AppendText>%</AppendText>
	</Label>
	<Screen item="ETW_Ext13">
		<ScreenID>ETW_Ext13</ScreenID>
		<RelativePosition>true</RelativePosition>
		<Size>
			<CX>127</CX>
			<CY>33</CY>
		</Size>
		<Style_Border>false</Style_Border>
		<Style_Sizable>false</Style_Sizable>
		<Style_Transparent>true</Style_Transparent>
			<Pieces>ETW_AggroPct13</Pieces>
			<Pieces>ETW_Role13</Pieces>
			<Pieces>ETW_Gauge13</Pieces>
			<Pieces>ETW_ManaGauge13</Pieces>
			<Pieces>ETW_STAGauge13</Pieces>
			<Pieces>ETW_HPLabel13</Pieces>
	</Screen>

<!-- Slot 14 -->
	<Label item="ETW_AggroPct14">
		<ScreenID>ETW_AggroPct14</ScreenID>
		<RelativePosition>true</RelativePosition>
		<Font>1</Font>
		<Location>
			<X>0</X>
			<Y>0</Y>
		</Location>
		<Size>
			<CX>16</CX>
			<CY>10</CY>
		</Size>
		<EQType>328</EQType>
		<NoWrap>true</NoWrap>
	</Label>
	<Button item="ETW_Role14">
		<ScreenID>ETW_Role14</ScreenID>
		<RelativePosition>true</RelativePosition>
		<Location>
			<X>1</X>
			<Y>15</Y>
		</Location>
		<Size>
			<CX>16</CX>
			<CY>17</CY>
		</Size>
		<DecalSize>
			<CX>16</CX>
			<CY>16</CY>
		</DecalSize>
	</Button>
	<Gauge item="ETW_Gauge14">
		<ScreenID>ETW_Gauge14</ScreenID>
		<RelativePosition>true</RelativePosition>
		<Location>
			<X>18</X>
			<Y>-1</Y>
		</Location>
		<Size>
			<CX>100</CX>
			<CY>32</CY>
		</Size>
		<TextColor>
			<R>240</R>
			<G>240</G>
			<B>240</B>
		</TextColor>
		<GaugeOffsetX>0</GaugeOffsetX>
		<GaugeOffsetY>15</GaugeOffsetY>
		<FillTint>
			<R>220</R>
			<G>0</G>
			<B>0</B>
		</FillTint>
		<EQType>56</EQType>
		<GaugeDrawTemplate>
			<Fill>A_GaugeFill</Fill>
			<Background>A_GaugeBackground</Background>
			<EndCapLeft>A_GaugeEndCapLeft</EndCapLeft>
			<EndCapRight>A_GaugeEndCapRight</EndCapRight>
		</GaugeDrawTemplate>
	</Gauge>
	<Gauge item="ETW_ManaGauge14">
		<ScreenID>ETW_ManaGauge14</ScreenID>
		<RelativePosition>true</RelativePosition>
		<Location>
			<X>18</X>
			<Y>23</Y>
		</Location>
		<Size>
			<CX>100</CX>
			<CY>8</CY>
		</Size>
		<TextOffsetY>-50</TextOffsetY>
		<GaugeOffsetY>-2</GaugeOffsetY>
		<FillTint>
			<R>0</R>
			<G>128</G>
			<B>255</B>
		</FillTint>
		<EQType>76</EQType>
		<GaugeDrawTemplate>
			<Fill>A_GaugeFill</Fill>
			<EndCapLeft>A_GaugeEndCapLeft</EndCapLeft>
			<EndCapRight>A_GaugeEndCapRight</EndCapRight>
		</GaugeDrawTemplate>
	</Gauge>
	<Gauge item="ETW_STAGauge14">
		<ScreenID>ETW_STAGauge14</ScreenID>
		<RelativePosition>true</RelativePosition>
		<Location>
			<X>18</X>
			<Y>27</Y>
		</Location>
		<Size>
			<CX>100</CX>
			<CY>4</CY>
		</Size>
		<TextOffsetY>-50</TextOffsetY>
		<GaugeOffsetY>-2</GaugeOffsetY>
		<FillTint>
			<R>240</R>
			<G>240</G>
			<B>0</B>
		</FillTint>
		<EQType>96</EQType>
		<GaugeDrawTemplate>
			<Fill>A_GaugeFill</Fill>
			<EndCapLeft>A_GaugeEndCapLeft</EndCapLeft>
			<EndCapRight>A_GaugeEndCapRight</EndCapRight>
		</GaugeDrawTemplate>
	</Gauge>
	<Label item="ETW_HPLabel14">
		<ScreenID>ETW_HPLabel14</ScreenID>
		<RelativePosition>true</RelativePosition>
		<Location>
			<X>52</X>
			<Y>15</Y>
		</Location>
		<Size>
			<CX>32</CX>
			<CY>12</CY>
		</Size>
		<NoWrap>true</NoWrap>
		<EQType>165</EQType>
		<AppendText>%</AppendText>
	</Label>
	<Screen item="ETW_Ext14">
		<ScreenID>ETW_Ext14</ScreenID>
		<RelativePosition>true</RelativePosition>
		<Size>
			<CX>127</CX>
			<CY>33</CY>
		</Size>
		<Style_Border>false</Style_Border>
		<Style_Sizable>false</Style_Sizable>
		<Style_Transparent>true</Style_Transparent>
			<Pieces>ETW_AggroPct14</Pieces>
			<Pieces>ETW_Role14</Pieces>
			<Pieces>ETW_Gauge14</Pieces>
			<Pieces>ETW_ManaGauge14</Pieces>
			<Pieces>ETW_STAGauge14</Pieces>
			<Pieces>ETW_HPLabel14</Pieces>
	</Screen>

<!-- Slot 15 -->
	<Label item="ETW_AggroPct15">
		<ScreenID>ETW_AggroPct15</ScreenID>
		<RelativePosition>true</RelativePosition>
		<Font>1</Font>
		<Location>
			<X>0</X>
			<Y>0</Y>
		</Location>
		<Size>
			<CX>16</CX>
			<CY>10</CY>
		</Size>
		<EQType>329</EQType>
		<NoWrap>true</NoWrap>
	</Label>
	<Button item="ETW_Role15">
		<ScreenID>ETW_Role15</ScreenID>
		<RelativePosition>true</RelativePosition>
		<Location>
			<X>1</X>
			<Y>15</Y>
		</Location>
		<Size>
			<CX>16</CX>
			<CY>17</CY>
		</Size>
		<DecalSize>
			<CX>16</CX>
			<CY>16</CY>
		</DecalSize>
	</Button>
	<Gauge item="ETW_Gauge15">
		<ScreenID>ETW_Gauge15</ScreenID>
		<RelativePosition>true</RelativePosition>
		<Location>
			<X>18</X>
			<Y>-1</Y>
		</Location>
		<Size>
			<CX>100</CX>
			<CY>32</CY>
		</Size>
		<TextColor>
			<R>240</R>
			<G>240</G>
			<B>240</B>
		</TextColor>
		<GaugeOffsetX>0</GaugeOffsetX>
		<GaugeOffsetY>15</GaugeOffsetY>
		<FillTint>
			<R>220</R>
			<G>0</G>
			<B>0</B>
		</FillTint>
		<EQType>57</EQType>
		<GaugeDrawTemplate>
			<Fill>A_GaugeFill</Fill>
			<Background>A_GaugeBackground</Background>
			<EndCapLeft>A_GaugeEndCapLeft</EndCapLeft>
			<EndCapRight>A_GaugeEndCapRight</EndCapRight>
		</GaugeDrawTemplate>
	</Gauge>
	<Gauge item="ETW_ManaGauge15">
		<ScreenID>ETW_ManaGauge15</ScreenID>
		<RelativePosition>true</RelativePosition>
		<Location>
			<X>18</X>
			<Y>23</Y>
		</Location>
		<Size>
			<CX>100</CX>
			<CY>8</CY>
		</Size>
		<TextOffsetY>-50</TextOffsetY>
		<GaugeOffsetY>-2</GaugeOffsetY>
		<FillTint>
			<R>0</R>
			<G>128</G>
			<B>255</B>
		</FillTint>
		<EQType>77</EQType>
		<GaugeDrawTemplate>
			<Fill>A_GaugeFill</Fill>
			<EndCapLeft>A_GaugeEndCapLeft</EndCapLeft>
			<EndCapRight>A_GaugeEndCapRight</EndCapRight>
		</GaugeDrawTemplate>
	</Gauge>
	<Gauge item="ETW_STAGauge15">
		<ScreenID>ETW_STAGauge15</ScreenID>
		<RelativePosition>true</RelativePosition>
		<Location>
			<X>18</X>
			<Y>27</Y>
		</Location>
		<Size>
			<CX>100</CX>
			<CY>4</CY>
		</Size>
		<TextOffsetY>-50</TextOffsetY>
		<GaugeOffsetY>-2</GaugeOffsetY>
		<FillTint>
			<R>240</R>
			<G>240</G>
			<B>0</B>
		</FillTint>
		<EQType>97</EQType>
		<GaugeDrawTemplate>
			<Fill>A_GaugeFill</Fill>
			<EndCapLeft>A_GaugeEndCapLeft</EndCapLeft>
			<EndCapRight>A_GaugeEndCapRight</EndCapRight>
		</GaugeDrawTemplate>
	</Gauge>
	<Label item="ETW_HPLabel15">
		<ScreenID>ETW_HPLabel15</ScreenID>
		<RelativePosition>true</RelativePosition>
		<Location>
			<X>52</X>
			<Y>15</Y>
		</Location>
		<Size>
			<CX>32</CX>
			<CY>12</CY>
		</Size>
		<NoWrap>true</NoWrap>
		<EQType>166</EQType>
		<AppendText>%</AppendText>
	</Label>
	<Screen item="ETW_Ext15">
		<ScreenID>ETW_Ext15</ScreenID>
		<RelativePosition>true</RelativePosition>
		<Size>
			<CX>127</CX>
			<CY>33</CY>
		</Size>
		<Style_Border>false</Style_Border>
		<Style_Sizable>false</Style_Sizable>
		<Style_Transparent>true</Style_Transparent>
			<Pieces>ETW_AggroPct15</Pieces>
			<Pieces>ETW_Role15</Pieces>
			<Pieces>ETW_Gauge15</Pieces>
			<Pieces>ETW_ManaGauge15</Pieces>
			<Pieces>ETW_STAGauge15</Pieces>
			<Pieces>ETW_HPLabel15</Pieces>
	</Screen>

<!-- Slot 16 -->
	<Label item="ETW_AggroPct16">
		<ScreenID>ETW_AggroPct16</ScreenID>
		<RelativePosition>true</RelativePosition>
		<Font>1</Font>
		<Location>
			<X>0</X>
			<Y>0</Y>
		</Location>
		<Size>
			<CX>16</CX>
			<CY>10</CY>
		</Size>
		<EQType>330</EQType>
		<NoWrap>true</NoWrap>
	</Label>
	<Button item="ETW_Role16">
		<ScreenID>ETW_Role16</ScreenID>
		<RelativePosition>true</RelativePosition>
		<Location>
			<X>1</X>
			<Y>15</Y>
		</Location>
		<Size>
			<CX>16</CX>
			<CY>17</CY>
		</Size>
		<DecalSize>
			<CX>16</CX>
			<CY>16</CY>
		</DecalSize>
	</Button>
	<Gauge item="ETW_Gauge16">
		<ScreenID>ETW_Gauge16</ScreenID>
		<RelativePosition>true</RelativePosition>
		<Location>
			<X>18</X>
			<Y>-1</Y>
		</Location>
		<Size>
			<CX>100</CX>
			<CY>32</CY>
		</Size>
		<TextColor>
			<R>240</R>
			<G>240</G>
			<B>240</B>
		</TextColor>
		<GaugeOffsetX>0</GaugeOffsetX>
		<GaugeOffsetY>15</GaugeOffsetY>
		<FillTint>
			<R>220</R>
			<G>0</G>
			<B>0</B>
		</FillTint>
		<EQType>58</EQType>
		<GaugeDrawTemplate>
			<Fill>A_GaugeFill</Fill>
			<Background>A_GaugeBackground</Background>
			<EndCapLeft>A_GaugeEndCapLeft</EndCapLeft>
			<EndCapRight>A_GaugeEndCapRight</EndCapRight>
		</GaugeDrawTemplate>
	</Gauge>
	<Gauge item="ETW_ManaGauge16">
		<ScreenID>ETW_ManaGauge16</ScreenID>
		<RelativePosition>true</RelativePosition>
		<Location>
			<X>18</X>
			<Y>23</Y>
		</Location>
		<Size>
			<CX>100</CX>
			<CY>8</CY>
		</Size>
		<TextOffsetY>-50</TextOffsetY>
		<GaugeOffsetY>-2</GaugeOffsetY>
		<FillTint>
			<R>0</R>
			<G>128</G>
			<B>255</B>
		</FillTint>
		<EQType>78</EQType>
		<GaugeDrawTemplate>
			<Fill>A_GaugeFill</Fill>
			<EndCapLeft>A_GaugeEndCapLeft</EndCapLeft>
			<EndCapRight>A_GaugeEndCapRight</EndCapRight>
		</GaugeDrawTemplate>
	</Gauge>
	<Gauge item="ETW_STAGauge16">
		<ScreenID>ETW_STAGauge16</ScreenID>
		<RelativePosition>true</RelativePosition>
		<Location>
			<X>18</X>
			<Y>27</Y>
		</Location>
		<Size>
			<CX>100</CX>
			<CY>4</CY>
		</Size>
		<TextOffsetY>-50</TextOffsetY>
		<GaugeOffsetY>-2</GaugeOffsetY>
		<FillTint>
			<R>240</R>
			<G>240</G>
			<B>0</B>
		</FillTint>
		<EQType>98</EQType>
		<GaugeDrawTemplate>
			<Fill>A_GaugeFill</Fill>
			<EndCapLeft>A_GaugeEndCapLeft</EndCapLeft>
			<EndCapRight>A_GaugeEndCapRight</EndCapRight>
		</GaugeDrawTemplate>
	</Gauge>
	<Label item="ETW_HPLabel16">
		<ScreenID>ETW_HPLabel16</ScreenID>
		<RelativePosition>true</RelativePosition>
		<Location>
			<X>52</X>
			<Y>15</Y>
		</Location>
		<Size>
			<CX>32</CX>
			<CY>12</CY>
		</Size>
		<NoWrap>true</NoWrap>
		<EQType>167</EQType>
		<AppendText>%</AppendText>
	</Label>
	<Screen item="ETW_Ext16">
		<ScreenID>ETW_Ext16</ScreenID>
		<RelativePosition>true</RelativePosition>
		<Size>
			<CX>127</CX>
			<CY>33</CY>
		</Size>
		<Style_Border>false</Style_Border>
		<Style_Sizable>false</Style_Sizable>
		<Style_Transparent>true</Style_Transparent>
			<Pieces>ETW_AggroPct16</Pieces>
			<Pieces>ETW_Role16</Pieces>
			<Pieces>ETW_Gauge16</Pieces>
			<Pieces>ETW_ManaGauge16</Pieces>
			<Pieces>ETW_STAGauge16</Pieces>
			<Pieces>ETW_HPLabel16</Pieces>
	</Screen>

<!-- Slot 17 -->
	<Label item="ETW_AggroPct17">
		<ScreenID>ETW_AggroPct17</ScreenID>
		<RelativePosition>true</RelativePosition>
		<Font>1</Font>
		<Location>
			<X>0</X>
			<Y>0</Y>
		</Location>
		<Size>
			<CX>16</CX>
			<CY>10</CY>
		</Size>
		<EQType>331</EQType>
		<NoWrap>true</NoWrap>
	</Label>
	<Button item="ETW_Role17">
		<ScreenID>ETW_Role17</ScreenID>
		<RelativePosition>true</RelativePosition>
		<Location>
			<X>1</X>
			<Y>15</Y>
		</Location>
		<Size>
			<CX>16</CX>
			<CY>17</CY>
		</Size>
		<DecalSize>
			<CX>16</CX>
			<CY>16</CY>
		</DecalSize>
	</Button>
	<Gauge item="ETW_Gauge17">
		<ScreenID>ETW_Gauge17</ScreenID>
		<RelativePosition>true</RelativePosition>
		<Location>
			<X>18</X>
			<Y>-1</Y>
		</Location>
		<Size>
			<CX>100</CX>
			<CY>32</CY>
		</Size>
		<TextColor>
			<R>240</R>
			<G>240</G>
			<B>240</B>
		</TextColor>
		<GaugeOffsetX>0</GaugeOffsetX>
		<GaugeOffsetY>15</GaugeOffsetY>
		<FillTint>
			<R>220</R>
			<G>0</G>
			<B>0</B>
		</FillTint>
		<EQType>59</EQType>
		<GaugeDrawTemplate>
			<Fill>A_GaugeFill</Fill>
			<Background>A_GaugeBackground</Background>
			<EndCapLeft>A_GaugeEndCapLeft</EndCapLeft>
			<EndCapRight>A_GaugeEndCapRight</EndCapRight>
		</GaugeDrawTemplate>
	</Gauge>
	<Gauge item="ETW_ManaGauge17">
		<ScreenID>ETW_ManaGauge17</ScreenID>
		<RelativePosition>true</RelativePosition>
		<Location>
			<X>18</X>
			<Y>23</Y>
		</Location>
		<Size>
			<CX>100</CX>
			<CY>8</CY>
		</Size>
		<TextOffsetY>-50</TextOffsetY>
		<GaugeOffsetY>-2</GaugeOffsetY>
		<FillTint>
			<R>0</R>
			<G>128</G>
			<B>255</B>
		</FillTint>
		<EQType>79</EQType>
		<GaugeDrawTemplate>
			<Fill>A_GaugeFill</Fill>
			<EndCapLeft>A_GaugeEndCapLeft</EndCapLeft>
			<EndCapRight>A_GaugeEndCapRight</EndCapRight>
		</GaugeDrawTemplate>
	</Gauge>
	<Gauge item="ETW_STAGauge17">
		<ScreenID>ETW_STAGauge17</ScreenID>
		<RelativePosition>true</RelativePosition>
		<Location>
			<X>18</X>
			<Y>27</Y>
		</Location>
		<Size>
			<CX>100</CX>
			<CY>4</CY>
		</Size>
		<TextOffsetY>-50</TextOffsetY>
		<GaugeOffsetY>-2</GaugeOffsetY>
		<FillTint>
			<R>240</R>
			<G>240</G>
			<B>0</B>
		</FillTint>
		<EQType>99</EQType>
		<GaugeDrawTemplate>
			<Fill>A_GaugeFill</Fill>
			<EndCapLeft>A_GaugeEndCapLeft</EndCapLeft>
			<EndCapRight>A_GaugeEndCapRight</EndCapRight>
		</GaugeDrawTemplate>
	</Gauge>
	<Label item="ETW_HPLabel17">
		<ScreenID>ETW_HPLabel17</ScreenID>
		<RelativePosition>true</RelativePosition>
		<Location>
			<X>52</X>
			<Y>15</Y>
		</Location>
		<Size>
			<CX>32</CX>
			<CY>12</CY>
		</Size>
		<NoWrap>true</NoWrap>
		<EQType>168</EQType>
		<AppendText>%</AppendText>
	</Label>
	<Screen item="ETW_Ext17">
		<ScreenID>ETW_Ext17</ScreenID>
		<RelativePosition>true</RelativePosition>
		<Size>
			<CX>127</CX>
			<CY>33</CY>
		</Size>
		<Style_Border>false</Style_Border>
		<Style_Sizable>false</Style_Sizable>
		<Style_Transparent>true</Style_Transparent>
			<Pieces>ETW_AggroPct17</Pieces>
			<Pieces>ETW_Role17</Pieces>
			<Pieces>ETW_Gauge17</Pieces>
			<Pieces>ETW_ManaGauge17</Pieces>
			<Pieces>ETW_STAGauge17</Pieces>
			<Pieces>ETW_HPLabel17</Pieces>
	</Screen>

<!-- Slot 18 -->
	<Label item="ETW_AggroPct18">
		<ScreenID>ETW_AggroPct18</ScreenID>
		<RelativePosition>true</RelativePosition>
		<Font>1</Font>
		<Location>
			<X>0</X>
			<Y>0</Y>
		</Location>
		<Size>
			<CX>16</CX>
			<CY>10</CY>
		</Size>
		<EQType>332</EQType>
		<NoWrap>true</NoWrap>
	</Label>
	<Button item="ETW_Role18">
		<ScreenID>ETW_Role18</ScreenID>
		<RelativePosition>true</RelativePosition>
		<Location>
			<X>1</X>
			<Y>15</Y>
		</Location>
		<Size>
			<CX>16</CX>
			<CY>17</CY>
		</Size>
		<DecalSize>
			<CX>16</CX>
			<CY>16</CY>
		</DecalSize>
	</Button>
	<Gauge item="ETW_Gauge18">
		<ScreenID>ETW_Gauge18</ScreenID>
		<RelativePosition>true</RelativePosition>
		<Location>
			<X>18</X>
			<Y>-1</Y>
		</Location>
		<Size>
			<CX>100</CX>
			<CY>32</CY>
		</Size>
		<TextColor>
			<R>240</R>
			<G>240</G>
			<B>240</B>
		</TextColor>
		<GaugeOffsetX>0</GaugeOffsetX>
		<GaugeOffsetY>15</GaugeOffsetY>
		<FillTint>
			<R>220</R>
			<G>0</G>
			<B>0</B>
		</FillTint>
		<EQType>60</EQType>
		<GaugeDrawTemplate>
			<Fill>A_GaugeFill</Fill>
			<Background>A_GaugeBackground</Background>
			<EndCapLeft>A_GaugeEndCapLeft</EndCapLeft>
			<EndCapRight>A_GaugeEndCapRight</EndCapRight>
		</GaugeDrawTemplate>
	</Gauge>
	<Gauge item="ETW_ManaGauge18">
		<ScreenID>ETW_ManaGauge18</ScreenID>
		<RelativePosition>true</RelativePosition>
		<Location>
			<X>18</X>
			<Y>23</Y>
		</Location>
		<Size>
			<CX>100</CX>
			<CY>8</CY>
		</Size>
		<TextOffsetY>-50</TextOffsetY>
		<GaugeOffsetY>-2</GaugeOffsetY>
		<FillTint>
			<R>0</R>
			<G>128</G>
			<B>255</B>
		</FillTint>
		<EQType>80</EQType>
		<GaugeDrawTemplate>
			<Fill>A_GaugeFill</Fill>
			<EndCapLeft>A_GaugeEndCapLeft</EndCapLeft>
			<EndCapRight>A_GaugeEndCapRight</EndCapRight>
		</GaugeDrawTemplate>
	</Gauge>
	<Gauge item="ETW_STAGauge18">
		<ScreenID>ETW_STAGauge18</ScreenID>
		<RelativePosition>true</RelativePosition>
		<Location>
			<X>18</X>
			<Y>27</Y>
		</Location>
		<Size>
			<CX>100</CX>
			<CY>4</CY>
		</Size>
		<TextOffsetY>-50</TextOffsetY>
		<GaugeOffsetY>-2</GaugeOffsetY>
		<FillTint>
			<R>240</R>
			<G>240</G>
			<B>0</B>
		</FillTint>
		<EQType>100</EQType>
		<GaugeDrawTemplate>
			<Fill>A_GaugeFill</Fill>
			<EndCapLeft>A_GaugeEndCapLeft</EndCapLeft>
			<EndCapRight>A_GaugeEndCapRight</EndCapRight>
		</GaugeDrawTemplate>
	</Gauge>
	<Label item="ETW_HPLabel18">
		<ScreenID>ETW_HPLabel18</ScreenID>
		<RelativePosition>true</RelativePosition>
		<Location>
			<X>52</X>
			<Y>15</Y>
		</Location>
		<Size>
			<CX>32</CX>
			<CY>12</CY>
		</Size>
		<NoWrap>true</NoWrap>
		<EQType>169</EQType>
		<AppendText>%</AppendText>
	</Label>
	<Screen item="ETW_Ext18">
		<ScreenID>ETW_Ext18</ScreenID>
		<RelativePosition>true</RelativePosition>
		<Size>
			<CX>127</CX>
			<CY>33</CY>
		</Size>
		<Style_Border>false</Style_Border>
		<Style_Sizable>false</Style_Sizable>
		<Style_Transparent>true</Style_Transparent>
			<Pieces>ETW_AggroPct18</Pieces>
			<Pieces>ETW_Role18</Pieces>
			<Pieces>ETW_Gauge18</Pieces>
			<Pieces>ETW_ManaGauge18</Pieces>
			<Pieces>ETW_STAGauge18</Pieces>
			<Pieces>ETW_HPLabel18</Pieces>
	</Screen>

<!-- Slot 19 -->
	<Label item="ETW_AggroPct19">
		<ScreenID>ETW_AggroPct19</ScreenID>
		<RelativePosition>true</RelativePosition>
		<Font>1</Font>
		<Location>
			<X>0</X>
			<Y>0</Y>
		</Location>
		<Size>
			<CX>16</CX>
			<CY>10</CY>
		</Size>
		<EQType>333</EQType>
		<NoWrap>true</NoWrap>
	</Label>
	<Button item="ETW_Role19">
		<ScreenID>ETW_Role19</ScreenID>
		<RelativePosition>true</RelativePosition>
		<Location>
			<X>1</X>
			<Y>15</Y>
		</Location>
		<Size>
			<CX>16</CX>
			<CY>17</CY>
		</Size>
		<DecalSize>
			<CX>16</CX>
			<CY>16</CY>
		</DecalSize>
	</Button>
	<Gauge item="ETW_Gauge19">
		<ScreenID>ETW_Gauge19</ScreenID>
		<RelativePosition>true</RelativePosition>
		<Location>
			<X>18</X>
			<Y>-1</Y>
		</Location>
		<Size>
			<CX>100</CX>
			<CY>32</CY>
		</Size>
		<TextColor>
			<R>240</R>
			<G>240</G>
			<B>240</B>
		</TextColor>
		<GaugeOffsetX>0</GaugeOffsetX>
		<GaugeOffsetY>15</GaugeOffsetY>
		<FillTint>
			<R>220</R>
			<G>0</G>
			<B>0</B>
		</FillTint>
		<EQType>61</EQType>
		<GaugeDrawTemplate>
			<Fill>A_GaugeFill</Fill>
			<Background>A_GaugeBackground</Background>
			<EndCapLeft>A_GaugeEndCapLeft</EndCapLeft>
			<EndCapRight>A_GaugeEndCapRight</EndCapRight>
		</GaugeDrawTemplate>
	</Gauge>
	<Gauge item="ETW_ManaGauge19">
		<ScreenID>ETW_ManaGauge19</ScreenID>
		<RelativePosition>true</RelativePosition>
		<Location>
			<X>18</X>
			<Y>23</Y>
		</Location>
		<Size>
			<CX>100</CX>
			<CY>8</CY>
		</Size>
		<TextOffsetY>-50</TextOffsetY>
		<GaugeOffsetY>-2</GaugeOffsetY>
		<FillTint>
			<R>0</R>
			<G>128</G>
			<B>255</B>
		</FillTint>
		<EQType>81</EQType>
		<GaugeDrawTemplate>
			<Fill>A_GaugeFill</Fill>
			<EndCapLeft>A_GaugeEndCapLeft</EndCapLeft>
			<EndCapRight>A_GaugeEndCapRight</EndCapRight>
		</GaugeDrawTemplate>
	</Gauge>
	<Gauge item="ETW_STAGauge19">
		<ScreenID>ETW_STAGauge19</ScreenID>
		<RelativePosition>true</RelativePosition>
		<Location>
			<X>18</X>
			<Y>27</Y>
		</Location>
		<Size>
			<CX>100</CX>
			<CY>4</CY>
		</Size>
		<TextOffsetY>-50</TextOffsetY>
		<GaugeOffsetY>-2</GaugeOffsetY>
		<FillTint>
			<R>240</R>
			<G>240</G>
			<B>0</B>
		</FillTint>
		<EQType>101</EQType>
		<GaugeDrawTemplate>
			<Fill>A_GaugeFill</Fill>
			<EndCapLeft>A_GaugeEndCapLeft</EndCapLeft>
			<EndCapRight>A_GaugeEndCapRight</EndCapRight>
		</GaugeDrawTemplate>
	</Gauge>
	<Label item="ETW_HPLabel19">
		<ScreenID>ETW_HPLabel19</ScreenID>
		<RelativePosition>true</RelativePosition>
		<Location>
			<X>52</X>
			<Y>15</Y>
		</Location>
		<Size>
			<CX>32</CX>
			<CY>12</CY>
		</Size>
		<NoWrap>true</NoWrap>
		<EQType>170</EQType>
		<AppendText>%</AppendText>
	</Label>
	<Screen item="ETW_Ext19">
		<ScreenID>ETW_Ext19</ScreenID>
		<RelativePosition>true</RelativePosition>
		<Size>
			<CX>127</CX>
			<CY>33</CY>
		</Size>
		<Style_Border>false</Style_Border>
		<Style_Sizable>false</Style_Sizable>
		<Style_Transparent>true</Style_Transparent>
			<Pieces>ETW_AggroPct19</Pieces>
			<Pieces>ETW_Role19</Pieces>
			<Pieces>ETW_Gauge19</Pieces>
			<Pieces>ETW_ManaGauge19</Pieces>
			<Pieces>ETW_STAGauge19</Pieces>
			<Pieces>ETW_HPLabel19</Pieces>
	</Screen>

<!-- Slot 20 -->
	<Label item="ETW_AggroPct20">
		<ScreenID>ETW_AggroPct20</ScreenID>
		<RelativePosition>true</RelativePosition>
		<Font>1</Font>
		<Location>
			<X>0</X>
			<Y>0</Y>
		</Location>
		<Size>
			<CX>16</CX>
			<CY>10</CY>
		</Size>
		<EQType>391</EQType>
		<NoWrap>true</NoWrap>
	</Label>
	<Button item="ETW_Role20">
		<ScreenID>ETW_Role20</ScreenID>
		<RelativePosition>true</RelativePosition>
		<Location>
			<X>1</X>
			<Y>15</Y>
		</Location>
		<Size>
			<CX>16</CX>
			<CY>17</CY>
		</Size>
		<DecalSize>
			<CX>16</CX>
			<CY>16</CY>
		</DecalSize>
	</Button>
	<Gauge item="ETW_Gauge20">
		<ScreenID>ETW_Gauge20</ScreenID>
		<RelativePosition>true</RelativePosition>
		<Location>
			<X>18</X>
			<Y>-1</Y>
		</Location>
		<Size>
			<CX>100</CX>
			<CY>32</CY>
		</Size>
		<TextColor>
			<R>240</R>
			<G>240</G>
			<B>240</B>
		</TextColor>
		<GaugeOffsetX>0</GaugeOffsetX>
		<GaugeOffsetY>15</GaugeOffsetY>
		<FillTint>
			<R>220</R>
			<G>0</G>
			<B>0</B>
		</FillTint>
		<EQType>151</EQType>
		<GaugeDrawTemplate>
			<Fill>A_GaugeFill</Fill>
			<Background>A_GaugeBackground</Background>
			<EndCapLeft>A_GaugeEndCapLeft</EndCapLeft>
			<EndCapRight>A_GaugeEndCapRight</EndCapRight>
		</GaugeDrawTemplate>
	</Gauge>
	<Gauge item="ETW_ManaGauge20">
		<ScreenID>ETW_ManaGauge20</ScreenID>
		<RelativePosition>true</RelativePosition>
		<Location>
			<X>18</X>
			<Y>23</Y>
		</Location>
		<Size>
			<CX>100</CX>
			<CY>8</CY>
		</Size>
		<TextOffsetY>-50</TextOffsetY>
		<GaugeOffsetY>-2</GaugeOffsetY>
		<FillTint>
			<R>0</R>
			<G>128</G>
			<B>255</B>
		</FillTint>
		<EQType>161</EQType>
		<GaugeDrawTemplate>
			<Fill>A_GaugeFill</Fill>
			<EndCapLeft>A_GaugeEndCapLeft</EndCapLeft>
			<EndCapRight>A_GaugeEndCapRight</EndCapRight>
		</GaugeDrawTemplate>
	</Gauge>
	<Gauge item="ETW_STAGauge20">
		<ScreenID>ETW_STAGauge20</ScreenID>
		<RelativePosition>true</RelativePosition>
		<Location>
			<X>18</X>
			<Y>27</Y>
		</Location>
		<Size>
			<CX>100</CX>
			<CY>4</CY>
		</Size>
		<TextOffsetY>-50</TextOffsetY>
		<GaugeOffsetY>-2</GaugeOffsetY>
		<FillTint>
			<R>240</R>
			<G>240</G>
			<B>0</B>
		</FillTint>
		<EQType>171</EQType>
		<GaugeDrawTemplate>
			<Fill>A_GaugeFill</Fill>
			<EndCapLeft>A_GaugeEndCapLeft</EndCapLeft>
			<EndCapRight>A_GaugeEndCapRight</EndCapRight>
		</GaugeDrawTemplate>
	</Gauge>
	<Label item="ETW_HPLabel20">
		<ScreenID>ETW_HPLabel20</ScreenID>
		<RelativePosition>true</RelativePosition>
		<Location>
			<X>52</X>
			<Y>15</Y>
		</Location>
		<Size>
			<CX>32</CX>
			<CY>12</CY>
		</Size>
		<NoWrap>true</NoWrap>
		<EQType>361</EQType>
		<AppendText>%</AppendText>
	</Label>
	<Screen item="ETW_Ext20">
		<ScreenID>ETW_Ext20</ScreenID>
		<RelativePosition>true</RelativePosition>
		<Size>
			<CX>127</CX>
			<CY>33</CY>
		</Size>
		<Style_Border>false</Style_Border>
		<Style_Sizable>false</Style_Sizable>
		<Style_Transparent>true</Style_Transparent>
			<Pieces>ETW_AggroPct20</Pieces>
			<Pieces>ETW_Role20</Pieces>
			<Pieces>ETW_Gauge20</Pieces>
			<Pieces>ETW_ManaGauge20</Pieces>
			<Pieces>ETW_STAGauge20</Pieces>
			<Pieces>ETW_HPLabel20</Pieces>
	</Screen>

<!-- Slot 21 -->
	<Label item="ETW_AggroPct21">
		<ScreenID>ETW_AggroPct21</ScreenID>
		<RelativePosition>true</RelativePosition>
		<Font>1</Font>
		<Location>
			<X>0</X>
			<Y>0</Y>
		</Location>
		<Size>
			<CX>16</CX>
			<CY>10</CY>
		</Size>
		<EQType>392</EQType>
		<NoWrap>true</NoWrap>
	</Label>
	<Button item="ETW_Role21">
		<ScreenID>ETW_Role21</ScreenID>
		<RelativePosition>true</RelativePosition>
		<Location>
			<X>1</X>
			<Y>15</Y>
		</Location>
		<Size>
			<CX>16</CX>
			<CY>17</CY>
		</Size>
		<DecalSize>
			<CX>16</CX>
			<CY>16</CY>
		</DecalSize>
	</Button>
	<Gauge item="ETW_Gauge21">
		<ScreenID>ETW_Gauge21</ScreenID>
		<RelativePosition>true</RelativePosition>
		<Location>
			<X>18</X>
			<Y>-1</Y>
		</Location>
		<Size>
			<CX>100</CX>
			<CY>32</CY>
		</Size>
		<TextColor>
			<R>240</R>
			<G>240</G>
			<B>240</B>
		</TextColor>
		<GaugeOffsetX>0</GaugeOffsetX>
		<GaugeOffsetY>15</GaugeOffsetY>
		<FillTint>
			<R>220</R>
			<G>0</G>
			<B>0</B>
		</FillTint>
		<EQType>152</EQType>
		<GaugeDrawTemplate>
			<Fill>A_GaugeFill</Fill>
			<Background>A_GaugeBackground</Background>
			<EndCapLeft>A_GaugeEndCapLeft</EndCapLeft>
			<EndCapRight>A_GaugeEndCapRight</EndCapRight>
		</GaugeDrawTemplate>
	</Gauge>
	<Gauge item="ETW_ManaGauge21">
		<ScreenID>ETW_ManaGauge21</ScreenID>
		<RelativePosition>true</RelativePosition>
		<Location>
			<X>18</X>
			<Y>23</Y>
		</Location>
		<Size>
			<CX>100</CX>
			<CY>8</CY>
		</Size>
		<TextOffsetY>-50</TextOffsetY>
		<GaugeOffsetY>-2</GaugeOffsetY>
		<FillTint>
			<R>0</R>
			<G>128</G>
			<B>255</B>
		</FillTint>
		<EQType>162</EQType>
		<GaugeDrawTemplate>
			<Fill>A_GaugeFill</Fill>
			<EndCapLeft>A_GaugeEndCapLeft</EndCapLeft>
			<EndCapRight>A_GaugeEndCapRight</EndCapRight>
		</GaugeDrawTemplate>
	</Gauge>
	<Gauge item="ETW_STAGauge21">
		<ScreenID>ETW_STAGauge21</ScreenID>
		<RelativePosition>true</RelativePosition>
		<Location>
			<X>18</X>
			<Y>27</Y>
		</Location>
		<Size>
			<CX>100</CX>
			<CY>4</CY>
		</Size>
		<TextOffsetY>-50</TextOffsetY>
		<GaugeOffsetY>-2</GaugeOffsetY>
		<FillTint>
			<R>240</R>
			<G>240</G>
			<B>0</B>
		</FillTint>
		<EQType>172</EQType>
		<GaugeDrawTemplate>
			<Fill>A_GaugeFill</Fill>
			<EndCapLeft>A_GaugeEndCapLeft</EndCapLeft>
			<EndCapRight>A_GaugeEndCapRight</EndCapRight>
		</GaugeDrawTemplate>
	</Gauge>
	<Label item="ETW_HPLabel21">
		<ScreenID>ETW_HPLabel21</ScreenID>
		<RelativePosition>true</RelativePosition>
		<Location>
			<X>52</X>
			<Y>15</Y>
		</Location>
		<Size>
			<CX>32</CX>
			<CY>12</CY>
		</Size>
		<NoWrap>true</NoWrap>
		<EQType>362</EQType>
		<AppendText>%</AppendText>
	</Label>
	<Screen item="ETW_Ext21">
		<ScreenID>ETW_Ext21</ScreenID>
		<RelativePosition>true</RelativePosition>
		<Size>
			<CX>127</CX>
			<CY>33</CY>
		</Size>
		<Style_Border>false</Style_Border>
		<Style_Sizable>false</Style_Sizable>
		<Style_Transparent>true</Style_Transparent>
			<Pieces>ETW_AggroPct21</Pieces>
			<Pieces>ETW_Role21</Pieces>
			<Pieces>ETW_Gauge21</Pieces>
			<Pieces>ETW_ManaGauge21</Pieces>
			<Pieces>ETW_STAGauge21</Pieces>
			<Pieces>ETW_HPLabel21</Pieces>
	</Screen>

<!-- Slot 22 -->
	<Label item="ETW_AggroPct22">
		<ScreenID>ETW_AggroPct22</ScreenID>
		<RelativePosition>true</RelativePosition>
		<Font>1</Font>
		<Location>
			<X>0</X>
			<Y>0</Y>
		</Location>
		<Size>
			<CX>16</CX>
			<CY>10</CY>
		</Size>
		<EQType>393</EQType>
		<NoWrap>true</NoWrap>
	</Label>
	<Button item="ETW_Role22">
		<ScreenID>ETW_Role22</ScreenID>
		<RelativePosition>true</RelativePosition>
		<Location>
			<X>1</X>
			<Y>15</Y>
		</Location>
		<Size>
			<CX>16</CX>
			<CY>17</CY>
		</Size>
		<DecalSize>
			<CX>16</CX>
			<CY>16</CY>
		</DecalSize>
	</Button>
	<Gauge item="ETW_Gauge22">
		<ScreenID>ETW_Gauge22</ScreenID>
		<RelativePosition>true</RelativePosition>
		<Location>
			<X>18</X>
			<Y>-1</Y>
		</Location>
		<Size>
			<CX>100</CX>
			<CY>32</CY>
		</Size>
		<TextColor>
			<R>240</R>
			<G>240</G>
			<B>240</B>
		</TextColor>
		<GaugeOffsetX>0</GaugeOffsetX>
		<GaugeOffsetY>15</GaugeOffsetY>
		<FillTint>
			<R>220</R>
			<G>0</G>
			<B>0</B>
		</FillTint>
		<EQType>153</EQType>
		<GaugeDrawTemplate>
			<Fill>A_GaugeFill</Fill>
			<Background>A_GaugeBackground</Background>
			<EndCapLeft>A_GaugeEndCapLeft</EndCapLeft>
			<EndCapRight>A_GaugeEndCapRight</EndCapRight>
		</GaugeDrawTemplate>
	</Gauge>
	<Gauge item="ETW_ManaGauge22">
		<ScreenID>ETW_ManaGauge22</ScreenID>
		<RelativePosition>true</RelativePosition>
		<Location>
			<X>18</X>
			<Y>23</Y>
		</Location>
		<Size>
			<CX>100</CX>
			<CY>8</CY>
		</Size>
		<TextOffsetY>-50</TextOffsetY>
		<GaugeOffsetY>-2</GaugeOffsetY>
		<FillTint>
			<R>0</R>
			<G>128</G>
			<B>255</B>
		</FillTint>
		<EQType>163</EQType>
		<GaugeDrawTemplate>
			<Fill>A_GaugeFill</Fill>
			<EndCapLeft>A_GaugeEndCapLeft</EndCapLeft>
			<EndCapRight>A_GaugeEndCapRight</EndCapRight>
		</GaugeDrawTemplate>
	</Gauge>
	<Gauge item="ETW_STAGauge22">
		<ScreenID>ETW_STAGauge22</ScreenID>
		<RelativePosition>true</RelativePosition>
		<Location>
			<X>18</X>
			<Y>27</Y>
		</Location>
		<Size>
			<CX>100</CX>
			<CY>4</CY>
		</Size>
		<TextOffsetY>-50</TextOffsetY>
		<GaugeOffsetY>-2</GaugeOffsetY>
		<FillTint>
			<R>240</R>
			<G>240</G>
			<B>0</B>
		</FillTint>
		<EQType>173</EQType>
		<GaugeDrawTemplate>
			<Fill>A_GaugeFill</Fill>
			<EndCapLeft>A_GaugeEndCapLeft</EndCapLeft>
			<EndCapRight>A_GaugeEndCapRight</EndCapRight>
		</GaugeDrawTemplate>
	</Gauge>
	<Label item="ETW_HPLabel22">
		<ScreenID>ETW_HPLabel22</ScreenID>
		<RelativePosition>true</RelativePosition>
		<Location>
			<X>52</X>
			<Y>15</Y>
		</Location>
		<Size>
			<CX>32</CX>
			<CY>12</CY>
		</Size>
		<NoWrap>true</NoWrap>
		<EQType>363</EQType>
		<AppendText>%</AppendText>
	</Label>
	<Screen item="ETW_Ext22">
		<ScreenID>ETW_Ext22</ScreenID>
		<RelativePosition>true</RelativePosition>
		<Size>
			<CX>127</CX>
			<CY>33</CY>
		</Size>
		<Style_Border>false</Style_Border>
		<Style_Sizable>false</Style_Sizable>
		<Style_Transparent>true</Style_Transparent>
			<Pieces>ETW_AggroPct22</Pieces>
			<Pieces>ETW_Role22</Pieces>
			<Pieces>ETW_Gauge22</Pieces>
			<Pieces>ETW_ManaGauge22</Pieces>
			<Pieces>ETW_STAGauge22</Pieces>
			<Pieces>ETW_HPLabel22</Pieces>
	</Screen>

<!-- Extended Target Window -->
	<TileLayoutBox item="ETW_Targets">
		<ScreenID>ETW_Targets</ScreenID>
		<RelativePosition>true</RelativePosition>
		<AutoStretch>true</AutoStretch>
		<TopAnchorOffset>1</TopAnchorOffset>
		<BottomAnchorOffset>1</BottomAnchorOffset>
		<LeftAnchorOffset>1</LeftAnchorOffset>
		<RightAnchorOffset>1</RightAnchorOffset>
		<BottomAnchorToTop>false</BottomAnchorToTop>
		<RightAnchorToLeft>false</RightAnchorToLeft>
		<Spacing>0</Spacing>
		<SecondarySpacing>0</SecondarySpacing>
		<HorizontalFirst>true</HorizontalFirst>
		<AnchorToTop>true</AnchorToTop>
		<AnchorToLeft>true</AnchorToLeft>
		<FirstPieceTemplate>true</FirstPieceTemplate>
		<SnapToChildren>true</SnapToChildren>
			<Pieces>Screen:ETW_Ext0</Pieces>
			<Pieces>Screen:ETW_Ext1</Pieces>
			<Pieces>Screen:ETW_Ext2</Pieces>
			<Pieces>Screen:ETW_Ext3</Pieces>
			<Pieces>Screen:ETW_Ext4</Pieces>
			<Pieces>Screen:ETW_Ext5</Pieces>
			<Pieces>Screen:ETW_Ext6</Pieces>
			<Pieces>Screen:ETW_Ext7</Pieces>
			<Pieces>Screen:ETW_Ext8</Pieces>
			<Pieces>Screen:ETW_Ext9</Pieces>
			<Pieces>Screen:ETW_Ext10</Pieces>
			<Pieces>Screen:ETW_Ext11</Pieces>
			<Pieces>Screen:ETW_Ext12</Pieces>
			<Pieces>Screen:ETW_Ext13</Pieces>
			<Pieces>Screen:ETW_Ext14</Pieces>
			<Pieces>Screen:ETW_Ext15</Pieces>
			<Pieces>Screen:ETW_Ext16</Pieces>
			<Pieces>Screen:ETW_Ext17</Pieces>
			<Pieces>Screen:ETW_Ext18</Pieces>
			<Pieces>Screen:ETW_Ext19</Pieces>
	</TileLayoutBox>
	<Screen item="ETW_Layout_02">
		<Size>
			<CX>0</CX>
			<CY>0</CY>
		</Size>
			<Pieces>Screen:ETW_Ext20</Pieces>
			<Pieces>Screen:ETW_Ext21</Pieces>
			<Pieces>Screen:ETW_Ext22</Pieces>
	</Screen>
	<LayoutStrategy item="ETW_LayoutV">
		<Padding>0</Padding>
		<ResizeVertical>true</ResizeVertical>
		<ResizeHorizontal>true</ResizeHorizontal>
	</LayoutStrategy>
	<Screen item="ExtendedTargetWnd">
		<RelativePosition>false</RelativePosition>
		<Location>
			<X>134</X>
			<Y>134</Y>
		</Location>
		<Size>
			<CX>645</CX>
			<CY>35</CY>
		</Size>
		<DrawTemplate>WDT_RoundedNoTitle</DrawTemplate>
		<Escapable>false</Escapable>
		<Layout>ETW_LayoutV</Layout>
		<Style_ClientMovable>true</Style_ClientMovable>
		<Style_Closebox>false</Style_Closebox>
		<Style_Minimizebox>false</Style_Minimizebox>
		<Style_Sizable>true</Style_Sizable>
		<Style_Titlebar>true</Style_Titlebar>
		<Style_Transparent>false</Style_Transparent>
		<Style_Border>true</Style_Border>
		<TooltipReference>This is the extended target window.</TooltipReference>
			<Pieces>TileLayoutBox:ETW_Targets</Pieces>
			<Pieces>Screen:ETW_Layout_02</Pieces>
	</Screen>
</XML>