<?xml version = "1.0"?>
<!-- Monolithic Parameter File -->
<!-- The composite section must come first and be followed by the schema -->

<!-- defines for gauges set the EQType tag in Gauge definitions to one of these numbers -->
<!-- GAUGETYPE_HP                1 -->
<!-- GAUGETYPE_MANA              2 -->
<!-- GAUGETYPE_STAMINA           3 -->
<!-- GAUGETYPE_EXP               4 -->
<!-- GAUGETYPE_ALTEXP            5 -->
<!-- GAUGETYPE_TARGET            6 -->
<!-- GAUGETYPE_CASTING           7 -->
<!-- GAUGETYPE_BREATH            8 -->
<!-- GAUGETYPE_MEMORIZE          9 -->
<!-- GAUGETYPE_SCRIBE            10 -->
<!-- GAUGETYPE_HP_PARTY1         11 -->
<!-- GAUGETYPE_HP_PARTY2         12 -->
<!-- GAUGETYPE_HP_PARTY3         13 -->
<!-- GAUGETYPE_HP_PARTY4         14 -->
<!-- GAUGETYPE_HP_PARTY5         15 -->

<XML ID = "EQInterfaceDefinitionLanguage">
    <Composite>
        <Include>../default/EQUI.xml</Include>
        <Include>EQUI_btmpkd.xml</Include>
		<Include>EQUI_pudUI.xml</Include>
		<Include>EQUI_lastui.xml</Include>
   </Composite>
    <Schema xmlns = "EverQuestData" xmlns:dt = "EverQuestDataTypes"/>
</XML>
