﻿<?xml version="1.0" encoding="UTF-8"?>
<XML ID="EQInterfaceDefinitionLanguage">
	<Schema xmlns="EverQuestData" xmlns:dt="EverQuestDataTypes" />


<TextureInfo item="EQUI_CombatAbilityWnd_Myxiplx_Gauge.tga">
		<Size>
			<CX>256</CX>
			<CY>64</CY>
		</Size>
	</TextureInfo>
	<Ui2DAnimation item = "Myx_A_CombatAbilityWnd_GaugeBackground">
		<Cycle>true</Cycle>
		<Frames>
			<Texture>EQUI_CombatAbilityWnd_Myxiplx_Gauge.tga</Texture>
			<Location>
				<X>0</X>
				<Y>2</Y>
			</Location>
			<Size>
				<CX>250</CX>
				<CY>10</CY>
			</Size>
			<Hotspot>
				<X>0</X>
				<Y>0</Y>
			</Hotspot>
			<Duration>1000</Duration>
		</Frames>
	</Ui2DAnimation>
  <Ui2DAnimation item = "Myx_A_CombatAbilityWnd_GaugeFill">
		<Cycle>true</Cycle>
		<Frames>
			<Texture>EQUI_CombatAbilityWnd_Myxiplx_Gauge.tga</Texture>
			<Location>
				<X>0</X>
				<Y>32</Y>
			</Location>
			<Size>
				<CX>250</CX>
				<CY>8</CY>
			</Size>
			<Hotspot>
				<X>0</X>
				<Y>0</Y>
			</Hotspot>
			<Duration>1000</Duration>
		</Frames>
	</Ui2DAnimation>

	<Ui2DAnimation item="A_CombatButton1Normal">
		<Cycle>true</Cycle>
		<Frames>
			<Texture>window_pieces06.tga</Texture>
			<Location>
				<X>0</X>
				<Y>0</Y>
			</Location>
			<Size>
				<CX>40</CX>
				<CY>40</CY>
			</Size>
			<Hotspot>
				<X>0</X>
				<Y>0</Y>
			</Hotspot>
			<Duration>1000</Duration>
		</Frames>
	</Ui2DAnimation>
	<Ui2DAnimation item="A_CombatButton1Pressed">
		<Cycle>true</Cycle>
		<Frames>
			<Texture>window_pieces06.tga</Texture>
			<Location>
				<X>80</X>
				<Y>0</Y>
			</Location>
			<Size>
				<CX>40</CX>
				<CY>40</CY>
			</Size>
			<Hotspot>
				<X>0</X>
				<Y>0</Y>
			</Hotspot>
			<Duration>1000</Duration>
		</Frames>
	</Ui2DAnimation>
	<Ui2DAnimation item="A_CombatButton1Flyby">
		<Cycle>true</Cycle>
		<Frames>
			<Texture>window_pieces06.tga</Texture>
			<Location>
				<X>40</X>
				<Y>0</Y>
			</Location>
			<Size>
				<CX>40</CX>
				<CY>40</CY>
			</Size>
			<Hotspot>
				<X>0</X>
				<Y>0</Y>
			</Hotspot>
			<Duration>1000</Duration>
		</Frames>
	</Ui2DAnimation>
	<Ui2DAnimation item="A_CombatButton1PressedFlyby">
		<Cycle>true</Cycle>
		<Frames>
			<Texture>window_pieces06.tga</Texture>
			<Location>
				<X>120</X>
				<Y>0</Y>
			</Location>
			<Size>
				<CX>40</CX>
				<CY>40</CY>
			</Size>
			<Hotspot>
				<X>0</X>
				<Y>0</Y>
			</Hotspot>
			<Duration>1000</Duration>
		</Frames>
	</Ui2DAnimation>
	<Ui2DAnimation item="A_CombatButton1Disabled">
		<Cycle>true</Cycle>
		<Frames>
			<Texture>window_pieces06.tga</Texture>
			<Location>
				<X>160</X>
				<Y>0</Y>
			</Location>
			<Size>
				<CX>40</CX>
				<CY>40</CY>
			</Size>
			<Hotspot>
				<X>0</X>
				<Y>0</Y>
			</Hotspot>
			<Duration>1000</Duration>
		</Frames>
	</Ui2DAnimation>
	<Ui2DAnimation item="A_CombatButton2Normal">
		<Cycle>true</Cycle>
		<Frames>
			<Texture>window_pieces06.tga</Texture>
			<Location>
				<X>0</X>
				<Y>40</Y>
			</Location>
			<Size>
				<CX>40</CX>
				<CY>40</CY>
			</Size>
			<Hotspot>
				<X>0</X>
				<Y>0</Y>
			</Hotspot>
			<Duration>1000</Duration>
		</Frames>
	</Ui2DAnimation>
	<Ui2DAnimation item="A_CombatButton2Pressed">
		<Cycle>true</Cycle>
		<Frames>
			<Texture>window_pieces06.tga</Texture>
			<Location>
				<X>80</X>
				<Y>40</Y>
			</Location>
			<Size>
				<CX>40</CX>
				<CY>40</CY>
			</Size>
			<Hotspot>
				<X>0</X>
				<Y>0</Y>
			</Hotspot>
			<Duration>1000</Duration>
		</Frames>
	</Ui2DAnimation>
	<Ui2DAnimation item="A_CombatButton2Flyby">
		<Cycle>true</Cycle>
		<Frames>
			<Texture>window_pieces06.tga</Texture>
			<Location>
				<X>40</X>
				<Y>40</Y>
			</Location>
			<Size>
				<CX>40</CX>
				<CY>40</CY>
			</Size>
			<Hotspot>
				<X>0</X>
				<Y>0</Y>
			</Hotspot>
			<Duration>1000</Duration>
		</Frames>
	</Ui2DAnimation>
	<Ui2DAnimation item="A_CombatButton2PressedFlyby">
		<Cycle>true</Cycle>
		<Frames>
			<Texture>window_pieces06.tga</Texture>
			<Location>
				<X>120</X>
				<Y>40</Y>
			</Location>
			<Size>
				<CX>40</CX>
				<CY>40</CY>
			</Size>
			<Hotspot>
				<X>0</X>
				<Y>0</Y>
			</Hotspot>
			<Duration>1000</Duration>
		</Frames>
	</Ui2DAnimation>
	<Ui2DAnimation item="A_CombatButton2Disabled">
		<Cycle>true</Cycle>
		<Frames>
			<Texture>window_pieces06.tga</Texture>
			<Location>
				<X>160</X>
				<Y>40</Y>
			</Location>
			<Size>
				<CX>40</CX>
				<CY>40</CY>
			</Size>
			<Hotspot>
				<X>0</X>
				<Y>0</Y>
			</Hotspot>
			<Duration>1000</Duration>
		</Frames>
	</Ui2DAnimation>
	<Ui2DAnimation item="A_CombatButton3Normal">
		<Cycle>true</Cycle>
		<Frames>
			<Texture>window_pieces06.tga</Texture>
			<Location>
				<X>0</X>
				<Y>80</Y>
			</Location>
			<Size>
				<CX>40</CX>
				<CY>40</CY>
			</Size>
			<Hotspot>
				<X>0</X>
				<Y>0</Y>
			</Hotspot>
			<Duration>1000</Duration>
		</Frames>
	</Ui2DAnimation>
	<Ui2DAnimation item="A_CombatButton3Pressed">
		<Cycle>true</Cycle>
		<Frames>
			<Texture>window_pieces06.tga</Texture>
			<Location>
				<X>80</X>
				<Y>80</Y>
			</Location>
			<Size>
				<CX>40</CX>
				<CY>40</CY>
			</Size>
			<Hotspot>
				<X>0</X>
				<Y>0</Y>
			</Hotspot>
			<Duration>1000</Duration>
		</Frames>
	</Ui2DAnimation>
	<Ui2DAnimation item="A_CombatButton3Flyby">
		<Cycle>true</Cycle>
		<Frames>
			<Texture>window_pieces06.tga</Texture>
			<Location>
				<X>40</X>
				<Y>80</Y>
			</Location>
			<Size>
				<CX>40</CX>
				<CY>40</CY>
			</Size>
			<Hotspot>
				<X>0</X>
				<Y>0</Y>
			</Hotspot>
			<Duration>1000</Duration>
		</Frames>
	</Ui2DAnimation>
	<Ui2DAnimation item="A_CombatButton3PressedFlyby">
		<Cycle>true</Cycle>
		<Frames>
			<Texture>window_pieces06.tga</Texture>
			<Location>
				<X>120</X>
				<Y>80</Y>
			</Location>
			<Size>
				<CX>40</CX>
				<CY>40</CY>
			</Size>
			<Hotspot>
				<X>0</X>
				<Y>0</Y>
			</Hotspot>
			<Duration>1000</Duration>
		</Frames>
	</Ui2DAnimation>
	<Ui2DAnimation item="A_CombatButton3Disabled">
		<Cycle>true</Cycle>
		<Frames>
			<Texture>window_pieces06.tga</Texture>
			<Location>
				<X>160</X>
				<Y>80</Y>
			</Location>
			<Size>
				<CX>40</CX>
				<CY>40</CY>
			</Size>
			<Hotspot>
				<X>0</X>
				<Y>0</Y>
			</Hotspot>
			<Duration>1000</Duration>
		</Frames>
	</Ui2DAnimation>
	<Ui2DAnimation item="A_CombatButton4Normal">
		<Cycle>true</Cycle>
		<Frames>
			<Texture>window_pieces06.tga</Texture>
			<Location>
				<X>0</X>
				<Y>120</Y>
			</Location>
			<Size>
				<CX>40</CX>
				<CY>40</CY>
			</Size>
			<Hotspot>
				<X>0</X>
				<Y>0</Y>
			</Hotspot>
			<Duration>1000</Duration>
		</Frames>
	</Ui2DAnimation>
	<Ui2DAnimation item="A_CombatButton4Pressed">
		<Cycle>true</Cycle>
		<Frames>
			<Texture>window_pieces06.tga</Texture>
			<Location>
				<X>80</X>
				<Y>120</Y>
			</Location>
			<Size>
				<CX>40</CX>
				<CY>40</CY>
			</Size>
			<Hotspot>
				<X>0</X>
				<Y>0</Y>
			</Hotspot>
			<Duration>1000</Duration>
		</Frames>
	</Ui2DAnimation>
	<Ui2DAnimation item="A_CombatButton4Flyby">
		<Cycle>true</Cycle>
		<Frames>
			<Texture>window_pieces06.tga</Texture>
			<Location>
				<X>40</X>
				<Y>120</Y>
			</Location>
			<Size>
				<CX>40</CX>
				<CY>40</CY>
			</Size>
			<Hotspot>
				<X>0</X>
				<Y>0</Y>
			</Hotspot>
			<Duration>1000</Duration>
		</Frames>
	</Ui2DAnimation>
	<Ui2DAnimation item="A_CombatButton4PressedFlyby">
		<Cycle>true</Cycle>
		<Frames>
			<Texture>window_pieces06.tga</Texture>
			<Location>
				<X>120</X>
				<Y>120</Y>
			</Location>
			<Size>
				<CX>40</CX>
				<CY>40</CY>
			</Size>
			<Hotspot>
				<X>0</X>
				<Y>0</Y>
			</Hotspot>
			<Duration>1000</Duration>
		</Frames>
	</Ui2DAnimation>
	<Ui2DAnimation item="A_CombatButton4Disabled">
		<Cycle>true</Cycle>
		<Frames>
			<Texture>window_pieces06.tga</Texture>
			<Location>
				<X>160</X>
				<Y>120</Y>
			</Location>
			<Size>
				<CX>40</CX>
				<CY>40</CY>
			</Size>
			<Hotspot>
				<X>0</X>
				<Y>0</Y>
			</Hotspot>
			<Duration>1000</Duration>
		</Frames>
	</Ui2DAnimation>
	<Ui2DAnimation item="A_CombatButton5Normal">
		<Cycle>true</Cycle>
		<Frames>
			<Texture>window_pieces06.tga</Texture>
			<Location>
				<X>0</X>
				<Y>160</Y>
			</Location>
			<Size>
				<CX>40</CX>
				<CY>40</CY>
			</Size>
			<Hotspot>
				<X>0</X>
				<Y>0</Y>
			</Hotspot>
			<Duration>1000</Duration>
		</Frames>
	</Ui2DAnimation>
	<Ui2DAnimation item="A_CombatButton5Pressed">
		<Cycle>true</Cycle>
		<Frames>
			<Texture>window_pieces06.tga</Texture>
			<Location>
				<X>80</X>
				<Y>160</Y>
			</Location>
			<Size>
				<CX>40</CX>
				<CY>40</CY>
			</Size>
			<Hotspot>
				<X>0</X>
				<Y>0</Y>
			</Hotspot>
			<Duration>1000</Duration>
		</Frames>
	</Ui2DAnimation>
	<Ui2DAnimation item="A_CombatButton5Flyby">
		<Cycle>true</Cycle>
		<Frames>
			<Texture>window_pieces06.tga</Texture>
			<Location>
				<X>40</X>
				<Y>160</Y>
			</Location>
			<Size>
				<CX>40</CX>
				<CY>40</CY>
			</Size>
			<Hotspot>
				<X>0</X>
				<Y>0</Y>
			</Hotspot>
			<Duration>1000</Duration>
		</Frames>
	</Ui2DAnimation>
	<Ui2DAnimation item="A_CombatButton5PressedFlyby">
		<Cycle>true</Cycle>
		<Frames>
			<Texture>window_pieces06.tga</Texture>
			<Location>
				<X>120</X>
				<Y>160</Y>
			</Location>
			<Size>
				<CX>40</CX>
				<CY>40</CY>
			</Size>
			<Hotspot>
				<X>0</X>
				<Y>0</Y>
			</Hotspot>
			<Duration>1000</Duration>
		</Frames>
	</Ui2DAnimation>
	<Ui2DAnimation item="A_CombatButton5Disabled">
		<Cycle>true</Cycle>
		<Frames>
			<Texture>window_pieces06.tga</Texture>
			<Location>
				<X>160</X>
				<Y>160</Y>
			</Location>
			<Size>
				<CX>40</CX>
				<CY>40</CY>
			</Size>
			<Hotspot>
				<X>0</X>
				<Y>0</Y>
			</Hotspot>
			<Duration>1000</Duration>
		</Frames>
	</Ui2DAnimation>
	<Ui2DAnimation item="A_CombatButton6Normal">
		<Cycle>true</Cycle>
		<Frames>
			<Texture>window_pieces06.tga</Texture>
			<Location>
				<X>0</X>
				<Y>200</Y>
			</Location>
			<Size>
				<CX>40</CX>
				<CY>40</CY>
			</Size>
			<Hotspot>
				<X>0</X>
				<Y>0</Y>
			</Hotspot>
			<Duration>1000</Duration>
		</Frames>
	</Ui2DAnimation>
	<Ui2DAnimation item="A_CombatButton6Pressed">
		<Cycle>true</Cycle>
		<Frames>
			<Texture>window_pieces06.tga</Texture>
			<Location>
				<X>80</X>
				<Y>200</Y>
			</Location>
			<Size>
				<CX>40</CX>
				<CY>40</CY>
			</Size>
			<Hotspot>
				<X>0</X>
				<Y>0</Y>
			</Hotspot>
			<Duration>1000</Duration>
		</Frames>
	</Ui2DAnimation>
	<Ui2DAnimation item="A_CombatButton6Flyby">
		<Cycle>true</Cycle>
		<Frames>
			<Texture>window_pieces06.tga</Texture>
			<Location>
				<X>40</X>
				<Y>200</Y>
			</Location>
			<Size>
				<CX>40</CX>
				<CY>40</CY>
			</Size>
			<Hotspot>
				<X>0</X>
				<Y>0</Y>
			</Hotspot>
			<Duration>1000</Duration>
		</Frames>
	</Ui2DAnimation>
	<Ui2DAnimation item="A_CombatButton6PressedFlyby">
		<Cycle>true</Cycle>
		<Frames>
			<Texture>window_pieces06.tga</Texture>
			<Location>
				<X>120</X>
				<Y>200</Y>
			</Location>
			<Size>
				<CX>40</CX>
				<CY>40</CY>
			</Size>
			<Hotspot>
				<X>0</X>
				<Y>0</Y>
			</Hotspot>
			<Duration>1000</Duration>
		</Frames>
	</Ui2DAnimation>
	<Ui2DAnimation item="A_CombatButton6Disabled">
		<Cycle>true</Cycle>
		<Frames>
			<Texture>window_pieces06.tga</Texture>
			<Location>
				<X>160</X>
				<Y>200</Y>
			</Location>
			<Size>
				<CX>40</CX>
				<CY>40</CY>
			</Size>
			<Hotspot>
				<X>0</X>
				<Y>0</Y>
			</Hotspot>
			<Duration>1000</Duration>
		</Frames>
	</Ui2DAnimation>
	<Ui2DAnimation item="A_CombatButton7Normal">
		<Cycle>true</Cycle>
		<Frames>
			<Texture>window_pieces07.tga</Texture>
			<Location>
				<X>0</X>
				<Y>0</Y>
			</Location>
			<Size>
				<CX>40</CX>
				<CY>40</CY>
			</Size>
			<Hotspot>
				<X>0</X>
				<Y>0</Y>
			</Hotspot>
			<Duration>1000</Duration>
		</Frames>
	</Ui2DAnimation>
	<Ui2DAnimation item="A_CombatButton7Pressed">
		<Cycle>true</Cycle>
		<Frames>
			<Texture>window_pieces07.tga</Texture>
			<Location>
				<X>80</X>
				<Y>0</Y>
			</Location>
			<Size>
				<CX>40</CX>
				<CY>40</CY>
			</Size>
			<Hotspot>
				<X>0</X>
				<Y>0</Y>
			</Hotspot>
			<Duration>1000</Duration>
		</Frames>
	</Ui2DAnimation>
	<Ui2DAnimation item="A_CombatButton7Flyby">
		<Cycle>true</Cycle>
		<Frames>
			<Texture>window_pieces07.tga</Texture>
			<Location>
				<X>40</X>
				<Y>0</Y>
			</Location>
			<Size>
				<CX>40</CX>
				<CY>40</CY>
			</Size>
			<Hotspot>
				<X>0</X>
				<Y>0</Y>
			</Hotspot>
			<Duration>1000</Duration>
		</Frames>
	</Ui2DAnimation>
	<Ui2DAnimation item="A_CombatButton7PressedFlyby">
		<Cycle>true</Cycle>
		<Frames>
			<Texture>window_pieces07.tga</Texture>
			<Location>
				<X>120</X>
				<Y>0</Y>
			</Location>
			<Size>
				<CX>40</CX>
				<CY>40</CY>
			</Size>
			<Hotspot>
				<X>0</X>
				<Y>0</Y>
			</Hotspot>
			<Duration>1000</Duration>
		</Frames>
	</Ui2DAnimation>
	<Ui2DAnimation item="A_CombatButton7Disabled">
		<Cycle>true</Cycle>
		<Frames>
			<Texture>window_pieces07.tga</Texture>
			<Location>
				<X>160</X>
				<Y>0</Y>
			</Location>
			<Size>
				<CX>40</CX>
				<CY>40</CY>
			</Size>
			<Hotspot>
				<X>0</X>
				<Y>0</Y>
			</Hotspot>
			<Duration>1000</Duration>
		</Frames>
	</Ui2DAnimation>
	<Ui2DAnimation item="A_CombatButton8Normal">
		<Cycle>true</Cycle>
		<Frames>
			<Texture>window_pieces07.tga</Texture>
			<Location>
				<X>0</X>
				<Y>40</Y>
			</Location>
			<Size>
				<CX>40</CX>
				<CY>40</CY>
			</Size>
			<Hotspot>
				<X>0</X>
				<Y>0</Y>
			</Hotspot>
			<Duration>1000</Duration>
		</Frames>
	</Ui2DAnimation>
	<Ui2DAnimation item="A_CombatButton8Pressed">
		<Cycle>true</Cycle>
		<Frames>
			<Texture>window_pieces07.tga</Texture>
			<Location>
				<X>80</X>
				<Y>40</Y>
			</Location>
			<Size>
				<CX>40</CX>
				<CY>40</CY>
			</Size>
			<Hotspot>
				<X>0</X>
				<Y>0</Y>
			</Hotspot>
			<Duration>1000</Duration>
		</Frames>
	</Ui2DAnimation>
	<Ui2DAnimation item="A_CombatButton8Flyby">
		<Cycle>true</Cycle>
		<Frames>
			<Texture>window_pieces07.tga</Texture>
			<Location>
				<X>40</X>
				<Y>40</Y>
			</Location>
			<Size>
				<CX>40</CX>
				<CY>40</CY>
			</Size>
			<Hotspot>
				<X>0</X>
				<Y>0</Y>
			</Hotspot>
			<Duration>1000</Duration>
		</Frames>
	</Ui2DAnimation>
	<Ui2DAnimation item="A_CombatButton8PressedFlyby">
		<Cycle>true</Cycle>
		<Frames>
			<Texture>window_pieces07.tga</Texture>
			<Location>
				<X>120</X>
				<Y>40</Y>
			</Location>
			<Size>
				<CX>40</CX>
				<CY>40</CY>
			</Size>
			<Hotspot>
				<X>0</X>
				<Y>0</Y>
			</Hotspot>
			<Duration>1000</Duration>
		</Frames>
	</Ui2DAnimation>
	<Ui2DAnimation item="A_CombatButton8Disabled">
		<Cycle>true</Cycle>
		<Frames>
			<Texture>window_pieces07.tga</Texture>
			<Location>
				<X>160</X>
				<Y>40</Y>
			</Location>
			<Size>
				<CX>40</CX>
				<CY>40</CY>
			</Size>
			<Hotspot>
				<X>0</X>
				<Y>0</Y>
			</Hotspot>
			<Duration>1000</Duration>
		</Frames>
	</Ui2DAnimation>
	<Button item="CAW_Button1">
		<ScreenID>CAW_Button1</ScreenID>
		<Font>2</Font>
		<RelativePosition>true</RelativePosition>
		<Location>
			<X>5</X>
			<Y>26</Y>
		</Location>
		<Size>
			<CX>48</CX>
			<CY>17</CY>
		</Size>
		<Text>1</Text>
		<TextColor>
			<R>255</R>
			<G>255</G>
			<B>255</B>
		</TextColor>
		<DecalSize>
			<CX>40</CX>
			<CY>40</CY>
		</DecalSize>
		<ButtonDrawTemplate>
			<Normal>A_CombatButton1Normal</Normal>
			<Pressed>A_CombatButton1Pressed</Pressed>
			<Flyby>A_CombatButton1Flyby</Flyby>
			<Disabled>A_CombatButton1Disabled</Disabled>
			<PressedFlyby>A_CombatButton1PressedFlyby</PressedFlyby>
		</ButtonDrawTemplate>
	</Button>
	<Button item="CAW_Button2">
		<ScreenID>CAW_Button2</ScreenID>
		<Font>2</Font>
		<RelativePosition>true</RelativePosition>
		<Location>
			<X>57</X>
			<Y>26</Y>
		</Location>
		<Size>
			<CX>48</CX>
			<CY>17</CY>
		</Size>
		<Text>2</Text>
		<TextColor>
			<R>255</R>
			<G>255</G>
			<B>255</B>
		</TextColor>
		<DecalSize>
			<CX>40</CX>
			<CY>40</CY>
		</DecalSize>
		<ButtonDrawTemplate>
			<Normal>A_CombatButton2Normal</Normal>
			<Pressed>A_CombatButton2Pressed</Pressed>
			<Flyby>A_CombatButton2Flyby</Flyby>
			<Disabled>A_CombatButton2Disabled</Disabled>
			<PressedFlyby>A_CombatButton2PressedFlyby</PressedFlyby>
		</ButtonDrawTemplate>
	</Button>
	<Button item="CAW_Button3">
		<ScreenID>CAW_Button3</ScreenID>
		<Font>2</Font>
		<RelativePosition>true</RelativePosition>
		<Location>
			<X>110</X>
			<Y>26</Y>
		</Location>
		<Size>
			<CX>48</CX>
			<CY>17</CY>
		</Size>
		<Text>3</Text>
		<TextColor>
			<R>255</R>
			<G>255</G>
			<B>255</B>
		</TextColor>
		<DecalSize>
			<CX>40</CX>
			<CY>40</CY>
		</DecalSize>
		<ButtonDrawTemplate>
			<Normal>A_CombatButton3Normal</Normal>
			<Pressed>A_CombatButton3Pressed</Pressed>
			<Flyby>A_CombatButton3Flyby</Flyby>
			<Disabled>A_CombatButton3Disabled</Disabled>
			<PressedFlyby>A_CombatButton3PressedFlyby</PressedFlyby>
		</ButtonDrawTemplate>
	</Button>
	<Button item="CAW_Button4">
		<ScreenID>CAW_Button4</ScreenID>
		<Font>2</Font>
		<RelativePosition>true</RelativePosition>
		<Location>
			<X>162</X>
			<Y>26</Y>
		</Location>
		<Size>
			<CX>48</CX>
			<CY>17</CY>
		</Size>
		<Text>4</Text>
		<TextColor>
			<R>255</R>
			<G>255</G>
			<B>255</B>
		</TextColor>
		<DecalSize>
			<CX>40</CX>
			<CY>40</CY>
		</DecalSize>
		<ButtonDrawTemplate>
			<Normal>A_CombatButton4Normal</Normal>
			<Pressed>A_CombatButton4Pressed</Pressed>
			<Flyby>A_CombatButton4Flyby</Flyby>
			<Disabled>A_CombatButton4Disabled</Disabled>
			<PressedFlyby>A_CombatButton4PressedFlyby</PressedFlyby>
		</ButtonDrawTemplate>
	</Button>
	<Button item="CAW_Button5">
		<ScreenID>CAW_Button5</ScreenID>
		<Font>2</Font>
		<RelativePosition>true</RelativePosition>
		<Location>
			<X>216</X>
			<Y>26</Y>
		</Location>
		<Size>
			<CX>48</CX>
			<CY>17</CY>
		</Size>
		<Text>5</Text>
		<TextColor>
			<R>255</R>
			<G>255</G>
			<B>255</B>
		</TextColor>
		<DecalSize>
			<CX>40</CX>
			<CY>40</CY>
		</DecalSize>
		<ButtonDrawTemplate>
			<Normal>A_CombatButton5Normal</Normal>
			<Pressed>A_CombatButton5Pressed</Pressed>
			<Flyby>A_CombatButton5Flyby</Flyby>
			<Disabled>A_CombatButton5Disabled</Disabled>
			<PressedFlyby>A_CombatButton5PressedFlyby</PressedFlyby>
		</ButtonDrawTemplate>
	</Button>
	<Button item="CAW_Button6">
		<ScreenID>CAW_Button6</ScreenID>
		<Font>2</Font>
		<RelativePosition>true</RelativePosition>
		<Location>
			<X>268</X>
			<Y>26</Y>
		</Location>
		<Size>
			<CX>48</CX>
			<CY>17</CY>
		</Size>
		<Text>6</Text>
		<TextColor>
			<R>255</R>
			<G>255</G>
			<B>255</B>
		</TextColor>
		<DecalSize>
			<CX>40</CX>
			<CY>40</CY>
		</DecalSize>
		<ButtonDrawTemplate>
			<Normal>A_CombatButton6Normal</Normal>
			<Pressed>A_CombatButton6Pressed</Pressed>
			<Flyby>A_CombatButton6Flyby</Flyby>
			<Disabled>A_CombatButton6Disabled</Disabled>
			<PressedFlyby>A_CombatButton6PressedFlyby</PressedFlyby>
		</ButtonDrawTemplate>
	</Button>
	<Button item="CAW_Button7">
		<ScreenID>CAW_Button7</ScreenID>
		<Font>2</Font>
		<RelativePosition>true</RelativePosition>
		<Location>
			<X>321</X>
			<Y>26</Y>
		</Location>
		<Size>
			<CX>48</CX>
			<CY>17</CY>
		</Size>
		<Text>7</Text>
		<TextColor>
			<R>255</R>
			<G>255</G>
			<B>255</B>
		</TextColor>
		<DecalSize>
			<CX>40</CX>
			<CY>40</CY>
		</DecalSize>
		<ButtonDrawTemplate>
			<Normal>A_CombatButton7Normal</Normal>
			<Pressed>A_CombatButton7Pressed</Pressed>
			<Flyby>A_CombatButton7Flyby</Flyby>
			<Disabled>A_CombatButton7Disabled</Disabled>
			<PressedFlyby>A_CombatButton7PressedFlyby</PressedFlyby>
		</ButtonDrawTemplate>
	</Button>
	<Button item="CAW_Button8">
		<ScreenID>CAW_Button8</ScreenID>
		<Font>2</Font>
		<RelativePosition>true</RelativePosition>
		<Location>
			<X>373</X>
			<Y>26</Y>
		</Location>
		<Size>
			<CX>48</CX>
			<CY>17</CY>
		</Size>
		<Text>8</Text>
		<TextColor>
			<R>255</R>
			<G>255</G>
			<B>255</B>
		</TextColor>
		<DecalSize>
			<CX>40</CX>
			<CY>40</CY>
		</DecalSize>
		<ButtonDrawTemplate>
			<Normal>A_CombatButton8Normal</Normal>
			<Pressed>A_CombatButton8Pressed</Pressed>
			<Flyby>A_CombatButton8Flyby</Flyby>
			<Disabled>A_CombatButton8Disabled</Disabled>
			<PressedFlyby>A_CombatButton8PressedFlyby</PressedFlyby>
		</ButtonDrawTemplate>
	</Button>
	<Button item="CAW_CombatEffectButton">
		<ScreenID>CAW_CombatEffectButton</ScreenID>
		<RelativePosition>true</RelativePosition>
		<Location>
			<X>404</X>
			<Y>4</Y>
		</Location>
		<Size>
			<CX>16</CX>
			<CY>16</CY>
		</Size>
		<Style_VScroll>false</Style_VScroll>
		<Style_HScroll>false</Style_HScroll>
		<Style_Transparent>false</Style_Transparent>
		<TooltipReference>Left-click to remove this effect</TooltipReference>
		<Style_Checkbox>false</Style_Checkbox>
		<ButtonDrawTemplate>
			<Normal>BlueIconBackground</Normal>
			<NormalDecal>BuffIcons</NormalDecal>
		</ButtonDrawTemplate>
		<DecalOffset>
			<X>0</X>
			<Y>0</Y>
		</DecalOffset>
		<DecalSize>
			<CX>20</CX>
			<CY>20</CY>
		</DecalSize>
	</Button>
	<Label item="CAW_CombatEffectLabel">
		<ScreenID>CAW_CombatEffectLabel</ScreenID>
		<RelativePosition>true</RelativePosition>
		<Location>
			<X>90</X>
			<Y>4</Y>
		</Location>
		<Size>
			<CX>129</CX>
			<CY>14</CY>
		</Size>
		<Font>2</Font>
		<Text>No Effect</Text>
		<TextColor>
			<R>255</R>
			<G>255</G>
			<B>255</B>
		</TextColor>
		<NoWrap>true</NoWrap>
		<AlignCenter>false</AlignCenter>
		<AlignRight>false</AlignRight>
	</Label>
	<Gauge item="CAW_CombatEffectTimeRemainingGauge">
		<ScreenID>CAW_CombatEffectTimeRemainingGauge</ScreenID>
		<RelativePosition>true</RelativePosition>
		<Location>
			<X>85</X>
			<Y>4</Y>
		</Location>
		<Size>
			<CX>254</CX>
			<CY>18</CY>
		</Size>
		<GaugeOffsetY>0</GaugeOffsetY>
		<GaugeOffsetX>-2</GaugeOffsetX>
		<Style_VScroll>false</Style_VScroll>
		<Style_HScroll>false</Style_HScroll>
		<Style_Transparent>false</Style_Transparent>
		<FillTint>
			<R>254</R>
			<G>0</G>
			<B>0</B>
		</FillTint>
		<LinesFillTint>
			<R>0</R>
			<G>0</G>
			<B>0</B>
		</LinesFillTint>
		<DrawLinesFill>false</DrawLinesFill>
		<EQType>26</EQType>
		<GaugeDrawTemplate>
			<Fill>A_GaugeFill</Fill>
<!--			<Background>A_GaugeBackground</Background>
			<Lines>A_GaugeLines</Lines>
			<LinesFill>A_GaugeLinesFill</LinesFill>
			<EndCapLeft>A_GaugeEndCapLeft</EndCapLeft>
			<EndCapRight>A_GaugeEndCapRight</EndCapRight>
			-->
		</GaugeDrawTemplate>
	</Gauge>
	<Button item="CAW_OpenCombatSkillSelectWnd">
		<ScreenID>CAW_OpenCombatSkillSelectWnd</ScreenID>
		<RelativePosition>true</RelativePosition>
		<Location>
			<X>5</X>
			<Y>4</Y>
		</Location>
		<Size>
			<CX>16</CX>
			<CY>16</CY>
		</Size>
		<Font>2</Font>
		<Text>S</Text>
		<TooltipReference>Open up a window with detailed information on all of your known combat skills.</TooltipReference>
		<TextColor>
			<R>255</R>
			<G>255</G>
			<B>255</B>
		</TextColor>
		<ButtonDrawTemplate>
			<Normal>A_SmallBtnNormal</Normal>
			<Pressed>A_SmallBtnPressed</Pressed>
			<Flyby>A_SmallBtnFlyby</Flyby>
			<Disabled>A_SmallBtnDisabled</Disabled>
			<PressedFlyby>A_SmallBtnPressedFlyby</PressedFlyby>
		</ButtonDrawTemplate>
	</Button>
	<Gauge item="myx_Combat_Endurance_gauge">
		<RelativePosition>true</RelativePosition>
		<Location>
			<X>87</X>
			<Y>5</Y>
		</Location>
		<Size>
			<CX>250</CX>
			<CY>14</CY>
		</Size>
		<GaugeOffsetY>0</GaugeOffsetY>
		<Style_VScroll>false</Style_VScroll>
		<Style_HScroll>false</Style_HScroll>
		<Style_Transparent>false</Style_Transparent>
		<FillTint>
			<R>174</R>
			<G>174</G>
			<B>34</B>
		</FillTint>
		<LinesFillTint>
			<R>0</R>
			<G>0</G>
			<B>0</B>
		</LinesFillTint>
		<DrawLinesFill>false</DrawLinesFill>
		<EQType>3</EQType>
		<GaugeDrawTemplate>
			<!--<Background>A_GaugeBackground</Background>-->
			<Fill>Myx_A_CombatAbilityWnd_GaugeFill</Fill>
					<Background>Myx_A_CombatAbilityWnd_GaugeBackground</Background>
	<!--<Lines>A_GaugeLines</Lines>
			<LinesFill>A_GaugeLinesFill</LinesFill>
			<EndCapLeft>A_GaugeEndCapLeft</EndCapLeft>
			<EndCapRight>A_GaugeEndCapRight</EndCapRight>-->
		</GaugeDrawTemplate>
	</Gauge>
	<Label item="Myx_Combat_Endurance_Percent_Symbol">
		<EQType>21</EQType>
		<Font>3</Font>
		<RelativePosition>true</RelativePosition>
		<Location>
			<X>195</X>
			<Y>4</Y>
		</Location>
		<Size>
			<CX>23</CX>
			<CY>14</CY>
		</Size>
		<Text>0</Text>
		<TextColor>
			<R>255</R>
			<G>255</G>
			<B>255</B>
		</TextColor>
		<NoWrap>true</NoWrap>
		<AlignCenter>false</AlignCenter>
		<AlignRight>true</AlignRight>
		<AlignLeft>false</AlignLeft>
	</Label>
	<Label item="Myx_Combat_Endurance_Percent">
		<Font>3</Font>
		<RelativePosition>true</RelativePosition>
		<Text>%</Text>
		<TextColor>
			<R>255</R>
			<G>255</G>
			<B>255</B>
		</TextColor>
		<Location>
			<X>218</X>
			<Y>4</Y>
		</Location>
		<Size>
			<CX>37</CX>
			<CY>14</CY>
		</Size>
<NoWrap>true</NoWrap>
		<AlignCenter>false</AlignCenter>
		<AlignRight>false</AlignRight>
 </Label>
	<Label item ="Myx_Combat_Endurance_Current">
    <EQType>126</EQType>
    <Font>2</Font>
    <RelativePosition>true</RelativePosition>
    <Location>
      <X>30</X>
      <Y>4</Y>
    </Location>
    <Size>
      <CX>50</CX>
      <CY>14</CY>
    </Size>
    <Text>0</Text>
    <TextColor>
      <R>200</R>
      <G>200</G>
      <B>200</B>
    </TextColor>
    <NoWrap>true</NoWrap>
    <AlignCenter>false</AlignCenter>
    <AlignRight>true</AlignRight>
    <AlignLeft>false</AlignLeft>
  </Label>
  <Label item ="Myx_Combat_Endurance_Max">
    <EQType>127</EQType>
    <Font>2</Font>
    <RelativePosition>true</RelativePosition>
    <Location>
      <X>346</X>
      <Y>4</Y>
    </Location>
    <Size>
      <CX>78</CX>
      <CY>14</CY>
    </Size>
    <Text>0</Text>
    <TextColor>
      <R>200</R>
      <G>200</G>
      <B>200</B>
    </TextColor>
    <NoWrap>true</NoWrap>
    <AlignCenter>false</AlignCenter>
    <AlignRight>false</AlignRight>
    <AlignLeft>true</AlignLeft>
  </Label>


<Screen item="CombatAbilityWnd">
		<ScreenID />
		<Font>2</Font>
		<RelativePosition>false</RelativePosition>
		<Location>
			<X>50</X>
			<Y>50</Y>
		</Location>
		<Size>
			<!--<CX>291</CX>
				<CY>38</CY>-->
		<CX>425</CX>
			<CY>50</CY>
		</Size>
		<Text>Combat Abilities</Text>
		<Style_VScroll>false</Style_VScroll>
		<Style_HScroll>false</Style_HScroll>
		<Style_Transparent>false</Style_Transparent>
		<DrawTemplate>WDT_Inner</DrawTemplate>
		<Style_Titlebar>false</Style_Titlebar>
		<Style_Closebox>false</Style_Closebox>
		<Style_Minimizebox>false</Style_Minimizebox>
		<Style_Border>false</Style_Border>
		<Style_Sizable>false</Style_Sizable>
		
		<Pieces>myx_Combat_Endurance_gauge</Pieces>
		<Pieces>CAW_CombatEffectTimeRemainingGauge</Pieces>
		<Pieces>CAW_CombatEffectButton</Pieces>
		<Pieces>CAW_CombatEffectLabel</Pieces>
		<Pieces>CAW_OpenCombatSkillSelectWnd</Pieces>
		<Pieces>CAW_Button1</Pieces>
		<Pieces>CAW_Button2</Pieces>
		<Pieces>CAW_Button3</Pieces>
		<Pieces>CAW_Button4</Pieces>
		<Pieces>CAW_Button5</Pieces>
		<Pieces>CAW_Button6</Pieces>
		<Pieces>CAW_Button7</Pieces>
		<Pieces>CAW_Button8</Pieces>
		
				<Pieces>Myx_Combat_Endurance_Percent_Symbol</Pieces>
		<Pieces>Myx_Combat_Endurance_Percent</Pieces>
		<Pieces>Myx_Combat_Endurance_Current</Pieces>
		<Pieces>Myx_Combat_Endurance_Max</Pieces>

	</Screen>
</XML>
