<?xml version="1.0" encoding="us-ascii"?>
<XML ID="EQInterfaceDefinitionLanguage">
	<Schema xmlns="EverQuestData" xmlns:dt="EverQuestDataTypes" />
	<Button item="GW_InviteButton">
		<ScreenID>InviteButton</ScreenID>
		<!--<Font>3</Font>-->
		<RelativePosition>true</RelativePosition>
		<Location>
			<X>566</X>
			<Y>5</Y>
		</Location>
		<Size>
			<CX>54</CX>
			<CY>20</CY>
		</Size>
		<Style_VScroll>false</Style_VScroll>
		<Style_HScroll>false</Style_HScroll>
		<Style_Transparent>false</Style_Transparent>
		<TooltipReference>Select a player and click to invite into the group</TooltipReference>
		<Style_Checkbox>false</Style_Checkbox>
		<!--<RadioGroup/>-->
		<Text>Invite</Text>
		<TextColor>
			<R>255</R>
			<G>255</G>
			<B>255</B>
		</TextColor>
		<ButtonDrawTemplate>
			<Normal>A_SmallBtnNormal</Normal>
			<Pressed>A_SmallBtnPressed</Pressed>
			<Flyby>A_SmallBtnFlyby</Flyby>
			<Disabled>A_SmallBtnDisabled</Disabled>
			<PressedFlyby>A_SmallBtnPressedFlyby</PressedFlyby>
		</ButtonDrawTemplate>
		<Text>Invite</Text>
	</Button>
	<Button item="GW_DisbandButton">
		<ScreenID>DisbandButton</ScreenID>
		<!--<Font>3</Font>-->
		<RelativePosition>true</RelativePosition>
		<Location>
			<X>622</X>
			<Y>5</Y>
		</Location>
		<Size>
			<CX>54</CX>
			<CY>20</CY>
		</Size>
		<Style_VScroll>false</Style_VScroll>
		<Style_HScroll>false</Style_HScroll>
		<Style_Transparent>false</Style_Transparent>
		<TooltipReference>Click to disband your target from the group</TooltipReference>
		<Style_Checkbox>false</Style_Checkbox>
		<!--<RadioGroup/>-->
		<ButtonDrawTemplate>
			<Normal>A_SmallBtnNormal</Normal>
			<Pressed>A_SmallBtnPressed</Pressed>
			<Flyby>A_SmallBtnFlyby</Flyby>
			<Disabled>A_SmallBtnDisabled</Disabled>
			<PressedFlyby>A_SmallBtnPressedFlyby</PressedFlyby>
		</ButtonDrawTemplate>
		<Text>Disband</Text>
		<TextColor>
			<R>255</R>
			<G>255</G>
			<B>255</B>
		</TextColor>
	</Button>
	<Button item="GW_FollowButton">
		<ScreenID>FollowButton</ScreenID>
		<!--<Font>3</Font>-->
		<RelativePosition>true</RelativePosition>
		<Location>
			<X>566</X>
			<Y>5</Y>
		</Location>
		<Size>
			<CX>54</CX>
			<CY>20</CY>
		</Size>
		<Style_VScroll>false</Style_VScroll>
		<Style_HScroll>false</Style_HScroll>
		<Style_Transparent>false</Style_Transparent>
		<TooltipReference>Accept an invitation to group</TooltipReference>
		<Style_Checkbox>false</Style_Checkbox>
		<!--<RadioGroup/>-->
		<Text>Follow</Text>
		<TextColor>
			<R>255</R>
			<G>255</G>
			<B>255</B>
		</TextColor>
		<ButtonDrawTemplate>
			<Normal>A_BtnNormal</Normal>
			<Pressed>A_BtnPressed</Pressed>
			<Flyby>A_BtnFlyby</Flyby>
			<Disabled>A_BtnDisabled</Disabled>
			<PressedFlyby>A_BtnPressedFlyby</PressedFlyby>
		</ButtonDrawTemplate>
		<Text>Invite</Text>
	</Button>
	<Button item="GW_DeclineButton">
		<ScreenID>DeclineButton</ScreenID>
		<!--<Font>3</Font>-->
		<RelativePosition>true</RelativePosition>
		<Location>
			<X>622</X>
			<Y>5</Y>
		</Location>
		<Size>
			<CX>54</CX>
			<CY>20</CY>
		</Size>
		<Style_VScroll>false</Style_VScroll>
		<Style_HScroll>false</Style_HScroll>
		<Style_Transparent>false</Style_Transparent>
		<TooltipReference>Refuse an invtitation to group</TooltipReference>
		<Style_Checkbox>false</Style_Checkbox>
		<!--<RadioGroup/>-->
		<ButtonDrawTemplate>
			<Normal>A_SmallBtnNormal</Normal>
			<Pressed>A_SmallBtnPressed</Pressed>
			<Flyby>A_SmallBtnFlyby</Flyby>
			<Disabled>A_SmallBtnDisabled</Disabled>
			<PressedFlyby>A_SmallBtnPressedFlyby</PressedFlyby>
		</ButtonDrawTemplate>
		<Text>Decline</Text>
		<TextColor>
			<R>255</R>
			<G>255</G>
			<B>255</B>
		</TextColor>
	</Button>
	
        <Label item ="GW_F2">
		<Font>.5</Font>
		<RelativePosition>true</RelativePosition>
		<Location> 
			<X>4</X> 
			<Y>-2</Y> 
		</Location>
		<Size> 
			<CX>13</CX> 
			<CY>10</CY> 
		</Size>
		<Text>F2</Text>
		<TextColor> 
                        <R>255</R> 
                        <G>0</G> 
                        <B>0</B> 
                </TextColor>
		<NoWrap>true</NoWrap>
		<AlignCenter>false</AlignCenter>
		<AlignRight>false</AlignRight>
		<AlignLeft>true</AlignLeft>
	</Label>
        
        <Label item ="GW_F3">
		<Font>.5</Font>
		<RelativePosition>true</RelativePosition>
		<Location> 
			<X>116</X> 
			<Y>-2</Y> 
		</Location>
		<Size> 
			<CX>13</CX> 
			<CY>10</CY> 
		</Size>
		<Text>F3</Text>
		<TextColor> 
                        <R>255</R> 
                        <G>0</G> 
                        <B>0</B> 
                </TextColor>
		<NoWrap>true</NoWrap>
		<AlignCenter>false</AlignCenter>
		<AlignRight>false</AlignRight>
		<AlignLeft>true</AlignLeft>
	</Label>
        
        <Label item ="GW_F4">
		<Font>.5</Font>
		<RelativePosition>true</RelativePosition>
		<Location> 
			<X>228</X> 
			<Y>-2</Y> 
		</Location>
		<Size> 
			<CX>13</CX> 
			<CY>10</CY> 
		</Size>
		<Text>F4</Text>
		<TextColor> 
                        <R>255</R> 
                        <G>0</G> 
                        <B>0</B> 
                </TextColor>
		<NoWrap>true</NoWrap>
		<AlignCenter>false</AlignCenter>
		<AlignRight>false</AlignRight>
		<AlignLeft>true</AlignLeft>
	</Label>

        <Label item ="GW_F5">
		<Font>.5</Font>
		<RelativePosition>true</RelativePosition>
		<Location> 
			<X>340</X> 
			<Y>-2</Y> 
		</Location>
		<Size> 
			<CX>13</CX> 
			<CY>10</CY> 
		</Size>
		<Text>F5</Text>
		<TextColor> 
                        <R>255</R> 
                        <G>0</G> 
                        <B>0</B> 
                </TextColor>
		<NoWrap>true</NoWrap>
		<AlignCenter>false</AlignCenter>
		<AlignRight>false</AlignRight>
		<AlignLeft>true</AlignLeft>
	</Label>

        <Label item ="GW_F6">
		<Font>.5</Font>
		<RelativePosition>true</RelativePosition>
		<Location> 
			<X>452</X> 
			<Y>-2</Y> 
		</Location>
		<Size> 
			<CX>13</CX> 
			<CY>10</CY> 
		</Size>
		<Text>F6</Text>
		<TextColor> 
                        <R>255</R> 
                        <G>0</G> 
                        <B>0</B> 
                </TextColor>
		<NoWrap>true</NoWrap>
		<AlignCenter>false</AlignCenter>
		<AlignRight>false</AlignRight>
		<AlignLeft>true</AlignLeft>
	</Label>

        <Gauge item="GW_Gauge1">
		<ScreenID>Gauge1</ScreenID>
		<!--<Font>3</Font>-->
		<TextColor>
			<R>240</R>
			<G>240</G>
			<B>240</B>
		</TextColor>
		<RelativePosition>true</RelativePosition>
		<Location>
			<X>4</X>
			<Y>-3</Y>
		</Location>
		<Size>
			<CX>108</CX>
			<CY>33</CY>
		</Size>
		<TextOffsetX>16</TextOffsetX>
		<Style_VScroll>false</Style_VScroll>
		<Style_HScroll>false</Style_HScroll>
		<Style_Transparent>false</Style_Transparent>
		<!--<TooltipReference/>-->
		<FillTint>
			<R>220</R>
			<G>0</G>
			<B>0</B>
		</FillTint>
		<LinesFillTint>
			<R>220</R>
			<G>220</G>
			<B>0</B>
		</LinesFillTint>
		<DrawLinesFill>false</DrawLinesFill>
		<EQType>11</EQType>
		<GaugeDrawTemplate>
			<Background>A_GaugeBackground</Background>
			<Fill>A_GaugeFill</Fill>
			<Lines>A_GaugeLines</Lines>
			<LinesFill>A_GaugeLinesFill</LinesFill>
			<EndCapLeft>A_GaugeEndCapLeft</EndCapLeft>
			<EndCapRight>A_GaugeEndCapRight</EndCapRight>
		</GaugeDrawTemplate>
	</Gauge>
	<Gauge item="GW_PetGauge1">
		<ScreenID>PetGauge1</ScreenID>
		<!--<Font>3</Font>-->
		<TextColor>
			<R>240</R>
			<G>240</G>
			<B>240</B>
		</TextColor>
		<RelativePosition>true</RelativePosition>
		<Location>
			<X>4</X>
			<Y>9</Y>
		</Location>
		<Size>
			<CX>108</CX>
			<CY>4</CY>
		</Size>
		<TextOffsetY>-50</TextOffsetY>
		<GaugeOffsetY>-2</GaugeOffsetY>
		<Style_VScroll>false</Style_VScroll>
		<Style_HScroll>false</Style_HScroll>
		<Style_Transparent>false</Style_Transparent>
		<!--<TooltipReference/>-->
		<FillTint>
			<R>51</R>
			<G>192</G>
			<B>51</B>
		</FillTint>
		<LinesFillTint>
			<R>220</R>
			<G>220</G>
			<B>0</B>
		</LinesFillTint>
		<DrawLinesFill>false</DrawLinesFill>
		<EQType>17</EQType>
		<GaugeDrawTemplate>
			<Background>A_GaugeBackground</Background>
			<Fill>A_GaugeFill</Fill>
			<!--<Lines>A_GaugeLines</Lines>-->
			<!--<LinesFill>A_GaugeLinesFill</LinesFill>-->
			<!--<EndCapLeft>A_GaugeEndCapLeft</EndCapLeft>-->
			<!--<EndCapRight>A_GaugeEndCapRight</EndCapRight>-->
		</GaugeDrawTemplate>
	</Gauge>
	<Gauge item="GW_ManaGauge1">
		<ScreenID>ManaGauge1</ScreenID>
		<!--<Font>3</Font>-->
		<TextColor> 
                        <R>240</R> 
                        <G>240</G> 
                        <B>240</B> 
                </TextColor>
		<RelativePosition>true</RelativePosition>
		<Location> 
                        <X>4</X> 
                        <Y>26</Y> 
                </Location>
		<Size> 
                        <CX>108</CX> 
                        <CY>4</CY> 
                </Size>
		<TextOffsetX>-50</TextOffsetX>
		<GaugeOffsetY>-2</GaugeOffsetY>
		<Style_VScroll>false</Style_VScroll>
		<Style_HScroll>false</Style_HScroll>
		<Style_Transparent>false</Style_Transparent>
		<!--<TooltipReference/>-->
		<FillTint> 
                        <R>0</R> 
                        <G>0</G> 
                        <B>255</B> 
                </FillTint>
		<LinesFillTint> 
                        <R>200</R> 
                        <G>200</G> 
                        <B>255</B> 
                </LinesFillTint>
		<DrawLinesFill>false</DrawLinesFill>
		<EQType>31</EQType>
		<GaugeDrawTemplate>
			<Background>A_GaugeBackground</Background>
			<Fill>A_GaugeFill</Fill>
			<!--<Lines>A_GaugeLines</Lines>-->
			<!--<LinesFill>A_GaugeLinesFill</LinesFill>-->
			<EndCapLeft>A_GaugeEndCapLeft</EndCapLeft>
			<EndCapRight>A_GaugeEndCapRight</EndCapRight>
		</GaugeDrawTemplate>
	</Gauge>
        <Gauge item="GW_STAGauge1">
		<ScreenID>STAGauge1</ScreenID>
		<!--<Font>3</Font>-->
		<TextColor> 
                        <R>240</R> 
                        <G>240</G> 
                        <B>240</B> 
                </TextColor>
		<RelativePosition>true</RelativePosition>
		<Location> 
                        <X>4</X> 
                        <Y>22</Y> 
                </Location>
		<Size>
                        <CX>108</CX> 
                        <CY>4</CY> 
                </Size>
		<TextOffsetX>-50</TextOffsetX>
		<GaugeOffsetY>-2</GaugeOffsetY>
		<Style_VScroll>false</Style_VScroll>
		<Style_HScroll>false</Style_HScroll>
		<Style_Transparent>false</Style_Transparent>
		<!--<TooltipReference/>-->
		<FillTint> 
                        <R>240</R> 
                        <G>240</G> 
                        <B>0</B> 
                </FillTint>
		<LinesFillTint> 
                        <R>0</R> 
                        <G>220</G> 
                        <B>0</B> 
                </LinesFillTint>
		<DrawLinesFill>false</DrawLinesFill>
		<EQType>36</EQType>
		<GaugeDrawTemplate>
			<Background>A_GaugeBackground</Background>
			<Fill>A_GaugeFill</Fill>
			<!--<Lines>A_GaugeLines</Lines>-->
			<!--<LinesFill>A_GaugeLinesFill</LinesFill>-->
			<EndCapLeft>A_GaugeEndCapLeft</EndCapLeft>
			<EndCapRight>A_GaugeEndCapRight</EndCapRight>
		</GaugeDrawTemplate>
	</Gauge>
        <Button item="GW_GroupRoleTank1">
		<ScreenID>GroupRoleTank1</ScreenID>
		<RelativePosition>true</RelativePosition>
		<Style_Transparent>false</Style_Transparent>
		<Style_Checkbox>false</Style_Checkbox>
		<ButtonDrawTemplate>
			<NormalDecal>A_Tank</NormalDecal>
		</ButtonDrawTemplate>
		<DecalSize>
			<CX>10</CX>
			<CY>10</CY>
		</DecalSize>
		<Location> 
			<X>75</X> 
			<Y>-1</Y> 
		</Location>
		<Size> 
			<CX>10</CX> 
			<CY>10</CY> 
		</Size>
		<AutoStretch>false</AutoStretch>
	</Button>
	<Button item="GW_GroupRoleAssist1">
		<ScreenID>GroupRoleAssist1</ScreenID>
		<RelativePosition>true</RelativePosition>
		<Style_Transparent>false</Style_Transparent>
		<Style_Checkbox>false</Style_Checkbox>
		<ButtonDrawTemplate>
			<NormalDecal>A_Assist</NormalDecal>
		</ButtonDrawTemplate>
		<DecalSize>
			<CX>10</CX>
			<CY>10</CY>
		</DecalSize>
		<Location> 
			<X>85</X> 
			<Y>-1</Y> 
		</Location>
		<Size> 
			<CX>10</CX> 
			<CY>10</CY> 
		</Size>
		<AutoStretch>false</AutoStretch>
	</Button>
	<Button item="GW_GroupRolePuller1">
		<ScreenID>GroupRolePuller1</ScreenID>
		<RelativePosition>true</RelativePosition>
		<Style_Transparent>false</Style_Transparent>
		<Style_Checkbox>false</Style_Checkbox>
		<ButtonDrawTemplate>
			<NormalDecal>A_Puller</NormalDecal>
		</ButtonDrawTemplate>
		<DecalSize>
			<CX>10</CX>
			<CY>10</CY>
		</DecalSize>
		<Location> 
			<X>95</X> 
			<Y>-2</Y> 
		</Location>
		<Size> 
			<CX>10</CX> 
			<CY>10</CY> 
		</Size>
		<AutoStretch>false</AutoStretch>
	</Button>
	<Gauge item="GW_Gauge2">
		<ScreenID>Gauge2</ScreenID>
		<!--<Font>3</Font>-->
		<TextColor>
			<R>240</R>
			<G>240</G>
			<B>240</B>
		</TextColor>
		<RelativePosition>true</RelativePosition>
		<Location>
			<X>116</X>
			<Y>-3</Y>
		</Location>
		<Size>
			<CX>108</CX>
			<CY>33</CY>
		</Size>
		<TextOffsetX>16</TextOffsetX>
		<Style_VScroll>false</Style_VScroll>
		<Style_HScroll>false</Style_HScroll>
		<Style_Transparent>false</Style_Transparent>
		<!--<TooltipReference/>-->
		<FillTint>
			<R>220</R>
			<G>0</G>
			<B>0</B>
		</FillTint>
		<LinesFillTint>
			<R>220</R>
			<G>220</G>
			<B>0</B>
		</LinesFillTint>
		<DrawLinesFill>false</DrawLinesFill>
		<EQType>12</EQType>
		<GaugeDrawTemplate>
			<Background>A_GaugeBackground</Background>
			<Fill>A_GaugeFill</Fill>
			<Lines>A_GaugeLines</Lines>
			<LinesFill>A_GaugeLinesFill</LinesFill>
			<EndCapLeft>A_GaugeEndCapLeft</EndCapLeft>
			<EndCapRight>A_GaugeEndCapRight</EndCapRight>
		</GaugeDrawTemplate>
	</Gauge>
	<Gauge item="GW_PetGauge2">
		<ScreenID>PetGauge2</ScreenID>
		<!--<Font>3</Font>-->
		<TextColor>
			<R>240</R>
			<G>240</G>
			<B>240</B>
		</TextColor>
		<RelativePosition>true</RelativePosition>
		<Location>
			<X>116</X>
			<Y>9</Y>
		</Location>
		<Size>
			<CX>108</CX>
			<CY>4</CY>
		</Size>
		<TextOffsetY>-50</TextOffsetY>
		<GaugeOffsetY>-2</GaugeOffsetY>
		<Style_VScroll>false</Style_VScroll>
		<Style_HScroll>false</Style_HScroll>
		<Style_Transparent>false</Style_Transparent>
		<!--<TooltipReference/>-->
		<FillTint>
			<R>51</R>
			<G>192</G>
			<B>51</B>
		</FillTint>
		<LinesFillTint>
			<R>220</R>
			<G>220</G>
			<B>0</B>
		</LinesFillTint>
		<DrawLinesFill>false</DrawLinesFill>
		<EQType>18</EQType>
		<GaugeDrawTemplate>
			<Background>A_GaugeBackground</Background>
			<Fill>A_GaugeFill</Fill>
			<!--<Lines>A_GaugeLines</Lines>-->
			<!--<LinesFill>A_GaugeLinesFill</LinesFill>-->
			<!--<EndCapLeft>A_GaugeEndCapLeft</EndCapLeft>-->
			<!--<EndCapRight>A_GaugeEndCapRight</EndCapRight>-->
		</GaugeDrawTemplate>
	</Gauge>
	<Gauge item="GW_ManaGauge2">
		<ScreenID>ManaGauge2</ScreenID>
		<!--<Font>3</Font>-->
		<TextColor> 
                        <R>240</R> 
                        <G>240</G> 
                        <B>240</B> 
                </TextColor>
		<RelativePosition>true</RelativePosition>
		<Location> 
                        <X>116</X> 
                        <Y>26</Y> 
                </Location>
		<Size> 
                        <CX>108</CX> 
                        <CY>4</CY> 
                </Size>
		<TextOffsetX>-50</TextOffsetX>
		<GaugeOffsetY>-2</GaugeOffsetY>
		<Style_VScroll>false</Style_VScroll>
		<Style_HScroll>false</Style_HScroll>
		<Style_Transparent>false</Style_Transparent>
		<!--<TooltipReference/>-->
		<FillTint> 
                        <R>0</R> 
                        <G>0</G> 
                        <B>255</B> 
                </FillTint>
		<LinesFillTint> 
                        <R>200</R> 
                        <G>200</G> 
                        <B>255</B> 
                </LinesFillTint>
		<DrawLinesFill>false</DrawLinesFill>
		<EQType>32</EQType>
		<GaugeDrawTemplate>
			<Background>A_GaugeBackground</Background>
			<Fill>A_GaugeFill</Fill>
			<!--<Lines>A_GaugeLines</Lines>-->
			<!--<LinesFill>A_GaugeLinesFill</LinesFill>-->
			<EndCapLeft>A_GaugeEndCapLeft</EndCapLeft>
			<EndCapRight>A_GaugeEndCapRight</EndCapRight>
		</GaugeDrawTemplate>
	</Gauge>
        <Gauge item="GW_STAGauge2">
		<ScreenID>STAGauge2</ScreenID>
		<!--<Font>3</Font>-->
		<TextColor> 
                        <R>240</R> 
                        <G>240</G> 
                        <B>240</B> 
                </TextColor>
		<RelativePosition>true</RelativePosition>
		<Location> 
                        <X>116</X> 
                        <Y>22</Y> 
                </Location>
		<Size> 
                        <CX>108</CX> 
                        <CY>4</CY> 
                </Size>
		<TextOffsetX>-50</TextOffsetX>
		<GaugeOffsetY>-2</GaugeOffsetY>
		<Style_VScroll>false</Style_VScroll>
		<Style_HScroll>false</Style_HScroll>
		<Style_Transparent>false</Style_Transparent>
		<!--<TooltipReference/>-->
		<FillTint> 
                        <R>240</R> 
                        <G>240</G> 
                        <B>0</B> 
                </FillTint>
		<LinesFillTint> 
                        <R>0</R> 
                        <G>220</G> 
                        <B>0</B> 
                </LinesFillTint>
		<DrawLinesFill>false</DrawLinesFill>
		<EQType>37</EQType>
		<GaugeDrawTemplate>
			<Background>A_GaugeBackground</Background>
			<Fill>A_GaugeFill</Fill>
			<!--<Lines>A_GaugeLines</Lines>-->
			<!--<LinesFill>A_GaugeLinesFill</LinesFill>-->
			<EndCapLeft>A_GaugeEndCapLeft</EndCapLeft>
			<EndCapRight>A_GaugeEndCapRight</EndCapRight>
		</GaugeDrawTemplate>
	</Gauge>
        <Button item="GW_GroupRoleTank2">
		<ScreenID>GroupRoleTank2</ScreenID>
		<RelativePosition>true</RelativePosition>
		<Style_Transparent>false</Style_Transparent>
		<Style_Checkbox>false</Style_Checkbox>
		<ButtonDrawTemplate>
			<NormalDecal>A_Tank</NormalDecal>
		</ButtonDrawTemplate>
		<DecalSize>
			<CX>10</CX>
			<CY>10</CY>
		</DecalSize>
		<Location> 
			<X>185</X> 
			<Y>-1</Y> 
		</Location>
		<Size> 
			<CX>10</CX> 
			<CY>10</CY> 
		</Size>
		<AutoStretch>false</AutoStretch>
	</Button>
	<Button item="GW_GroupRoleAssist2">
		<ScreenID>GroupRoleAssist2</ScreenID>
		<RelativePosition>true</RelativePosition>
		<Style_Transparent>false</Style_Transparent>
		<Style_Checkbox>false</Style_Checkbox>
		<ButtonDrawTemplate>
			<NormalDecal>A_Assist</NormalDecal>
		</ButtonDrawTemplate>
		<DecalSize>
			<CX>10</CX>
			<CY>10</CY>
		</DecalSize>
		<Location> 
			<X>195</X> 
			<Y>-1</Y> 
		</Location>
		<Size> 
			<CX>10</CX> 
			<CY>10</CY> 
		</Size>
		<AutoStretch>false</AutoStretch>
	</Button>
	<Button item="GW_GroupRolePuller2">
		<ScreenID>GroupRolePuller2</ScreenID>
		<RelativePosition>true</RelativePosition>
		<Style_Transparent>false</Style_Transparent>
		<Style_Checkbox>false</Style_Checkbox>
		<ButtonDrawTemplate>
			<NormalDecal>A_Puller</NormalDecal>
		</ButtonDrawTemplate>
		<DecalSize>
			<CX>10</CX>
			<CY>10</CY>
		</DecalSize>
		<Location> 
			<X>205</X> 
			<Y>-2</Y> 
		</Location>
		<Size> 
			<CX>10</CX> 
			<CY>10</CY> 
		</Size>
		<AutoStretch>false</AutoStretch>
	</Button>
        <Gauge item="GW_Gauge3">
		<ScreenID>Gauge3</ScreenID>
		<!--<Font>3</Font>-->
		<TextColor>
			<R>240</R>
			<G>240</G>
			<B>240</B>
		</TextColor>
		<RelativePosition>true</RelativePosition>
		<Location>
			<X>228</X>
			<Y>-3</Y>
		</Location>
		<Size>
			<CX>108</CX>
			<CY>33</CY>
		</Size>
		<TextOffsetX>16</TextOffsetX>
		<Style_VScroll>false</Style_VScroll>
		<Style_HScroll>false</Style_HScroll>
		<Style_Transparent>false</Style_Transparent>
		<!--<TooltipReference/>-->
		<FillTint>
			<R>220</R>
			<G>0</G>
			<B>0</B>
		</FillTint>
		<LinesFillTint>
			<R>220</R>
			<G>220</G>
			<B>0</B>
		</LinesFillTint>
		<DrawLinesFill>false</DrawLinesFill>
		<EQType>13</EQType>
		<GaugeDrawTemplate>
			<Background>A_GaugeBackground</Background>
			<Fill>A_GaugeFill</Fill>
			<Lines>A_GaugeLines</Lines>
			<LinesFill>A_GaugeLinesFill</LinesFill>
			<EndCapLeft>A_GaugeEndCapLeft</EndCapLeft>
			<EndCapRight>A_GaugeEndCapRight</EndCapRight>
		</GaugeDrawTemplate>
	</Gauge>
	<Gauge item="GW_PetGauge3">
		<ScreenID>PetGauge3</ScreenID>
		<!--<Font>3</Font>-->
		<TextColor>
			<R>240</R>
			<G>240</G>
			<B>240</B>
		</TextColor>
		<RelativePosition>true</RelativePosition>
		<Location>
			<X>228</X>
			<Y>9</Y>
		</Location>
		<Size>
			<CX>108</CX>
			<CY>4</CY>
		</Size>
		<TextOffsetY>-50</TextOffsetY>
		<GaugeOffsetY>-2</GaugeOffsetY>
		<Style_VScroll>false</Style_VScroll>
		<Style_HScroll>false</Style_HScroll>
		<Style_Transparent>false</Style_Transparent>
		<!--<TooltipReference/>-->
		<FillTint>
			<R>51</R>
			<G>192</G>
			<B>51</B>
		</FillTint>
		<LinesFillTint>
			<R>220</R>
			<G>220</G>
			<B>0</B>
		</LinesFillTint>
		<DrawLinesFill>false</DrawLinesFill>
		<EQType>19</EQType>
		<GaugeDrawTemplate>
			<Background>A_GaugeBackground</Background>
			<Fill>A_GaugeFill</Fill>
			<!--<Lines>A_GaugeLines</Lines>-->
			<!--<LinesFill>A_GaugeLinesFill</LinesFill>-->
			<!--<EndCapLeft>A_GaugeEndCapLeft</EndCapLeft>-->
			<!--<EndCapRight>A_GaugeEndCapRight</EndCapRight>-->
		</GaugeDrawTemplate>
	</Gauge>
	<Gauge item="GW_ManaGauge3">
		<ScreenID>ManaGauge3</ScreenID>
		<!--<Font>3</Font>-->
		<TextColor> 
                        <R>240</R> 
                        <G>240</G> 
                        <B>240</B> 
                </TextColor>
		<RelativePosition>true</RelativePosition>
		<Location> 
                        <X>228</X> 
                        <Y>26</Y> 
                </Location>
		<Size> 
                        <CX>108</CX> 
                        <CY>4</CY> 
                </Size>
		<TextOffsetX>-50</TextOffsetX>
		<GaugeOffsetY>-2</GaugeOffsetY>
		<Style_VScroll>false</Style_VScroll>
		<Style_HScroll>false</Style_HScroll>
		<Style_Transparent>false</Style_Transparent>
		<!--<TooltipReference/>-->
		<FillTint> 
                        <R>0</R> 
                        <G>0</G> 
                        <B>255</B> 
                </FillTint>
		<LinesFillTint> 
                        <R>200</R> 
                        <G>200</G> 
                        <B>255</B> 
                </LinesFillTint>
		<DrawLinesFill>false</DrawLinesFill>
		<EQType>33</EQType>
		<GaugeDrawTemplate>
			<Background>A_GaugeBackground</Background>
			<Fill>A_GaugeFill</Fill>
			<!--<Lines>A_GaugeLines</Lines>-->
			<!--<LinesFill>A_GaugeLinesFill</LinesFill>-->
			<EndCapLeft>A_GaugeEndCapLeft</EndCapLeft>
			<EndCapRight>A_GaugeEndCapRight</EndCapRight>
		</GaugeDrawTemplate>
	</Gauge>
        <Gauge item="GW_STAGauge3">
		<ScreenID>STAGauge3</ScreenID>
		<!--<Font>3</Font>-->
		<TextColor> 
                        <R>240</R> 
                        <G>240</G> 
                        <B>240</B> 
                </TextColor>
		<RelativePosition>true</RelativePosition>
		<Location> 
                        <X>228</X> 
                        <Y>22</Y> 
                </Location>
		<Size> 
                        <CX>108</CX> 
                        <CY>4</CY> 
                </Size>
		<TextOffsetX>-50</TextOffsetX>
		<GaugeOffsetY>-2</GaugeOffsetY>
		<Style_VScroll>false</Style_VScroll>
		<Style_HScroll>false</Style_HScroll>
		<Style_Transparent>false</Style_Transparent>
		<!--<TooltipReference/>-->
		<FillTint> 
                        <R>240</R> 
                        <G>240</G> 
                        <B>0</B> 
                </FillTint>
		<LinesFillTint> 
                        <R>0</R> 
                        <G>220</G> 
                        <B>0</B> 
                </LinesFillTint>
		<DrawLinesFill>false</DrawLinesFill>
		<EQType>38</EQType>
		<GaugeDrawTemplate>
			<Background>A_GaugeBackground</Background>
			<Fill>A_GaugeFill</Fill>
			<!--<Lines>A_GaugeLines</Lines>-->
			<!--<LinesFill>A_GaugeLinesFill</LinesFill>-->
			<EndCapLeft>A_GaugeEndCapLeft</EndCapLeft>
			<EndCapRight>A_GaugeEndCapRight</EndCapRight>
		</GaugeDrawTemplate>
	</Gauge>
        <Button item="GW_GroupRoleTank3">
		<ScreenID>GroupRoleTank3</ScreenID>
		<RelativePosition>true</RelativePosition>
		<Style_Transparent>false</Style_Transparent>
		<Style_Checkbox>false</Style_Checkbox>
		<ButtonDrawTemplate>
			<NormalDecal>A_Tank</NormalDecal>
		</ButtonDrawTemplate>
		<DecalSize>
			<CX>10</CX>
			<CY>10</CY>
		</DecalSize>
		<Location> 
			<X>295</X> 
			<Y>-1</Y> 
		</Location>
		<Size> 
			<CX>10</CX> 
			<CY>10</CY> 
		</Size>
		<AutoStretch>false</AutoStretch>
	</Button>
	<Button item="GW_GroupRoleAssist3">
		<ScreenID>GroupRoleAssist3</ScreenID>
		<RelativePosition>true</RelativePosition>
		<Style_Transparent>false</Style_Transparent>
		<Style_Checkbox>false</Style_Checkbox>
		<ButtonDrawTemplate>
			<NormalDecal>A_Assist</NormalDecal>
		</ButtonDrawTemplate>
		<DecalSize>
			<CX>10</CX>
			<CY>10</CY>
		</DecalSize>
		<Location> 
			<X>305</X> 
			<Y>-2</Y> 
		</Location>
		<Size> 
			<CX>10</CX> 
			<CY>10</CY> 
		</Size>
		<AutoStretch>false</AutoStretch>
	</Button>
	<Button item="GW_GroupRolePuller3">
		<ScreenID>GroupRolePuller3</ScreenID>
		<RelativePosition>true</RelativePosition>
		<Style_Transparent>false</Style_Transparent>
		<Style_Checkbox>false</Style_Checkbox>
		<ButtonDrawTemplate>
			<NormalDecal>A_Puller</NormalDecal>
		</ButtonDrawTemplate>
		<DecalSize>
			<CX>10</CX>
			<CY>10</CY>
		</DecalSize>
		<Location> 
			<X>315</X> 
			<Y>-3</Y> 
		</Location>
		<Size> 
			<CX>10</CX> 
			<CY>10</CY> 
		</Size>
		<AutoStretch>false</AutoStretch>
	</Button>
        <Gauge item="GW_Gauge4">
		<ScreenID>Gauge4</ScreenID>
		<!--<Font>3</Font>-->
		<TextColor>
			<R>240</R>
			<G>240</G>
			<B>240</B>
		</TextColor>
		<RelativePosition>true</RelativePosition>
		<Location>
			<X>340</X>
			<Y>-3</Y>
		</Location>
		<Size>
			<CX>108</CX>
			<CY>33</CY>
		</Size>
		<TextOffsetX>16</TextOffsetX>
		<Style_VScroll>false</Style_VScroll>
		<Style_HScroll>false</Style_HScroll>
		<Style_Transparent>false</Style_Transparent>
		<!--<TooltipReference/>-->
		<FillTint>
			<R>220</R>
			<G>0</G>
			<B>0</B>
		</FillTint>
		<LinesFillTint>
			<R>220</R>
			<G>220</G>
			<B>0</B>
		</LinesFillTint>
		<DrawLinesFill>false</DrawLinesFill>
		<EQType>14</EQType>
		<GaugeDrawTemplate>
			<Background>A_GaugeBackground</Background>
			<Fill>A_GaugeFill</Fill>
			<Lines>A_GaugeLines</Lines>
			<LinesFill>A_GaugeLinesFill</LinesFill>
			<EndCapLeft>A_GaugeEndCapLeft</EndCapLeft>
			<EndCapRight>A_GaugeEndCapRight</EndCapRight>
		</GaugeDrawTemplate>
	</Gauge>
	<Gauge item="GW_PetGauge4">
		<ScreenID>PetGauge4</ScreenID>
		<!--<Font>3</Font>-->
		<TextColor>
			<R>240</R>
			<G>240</G>
			<B>240</B>
		</TextColor>
		<RelativePosition>true</RelativePosition>
		<Location>
			<X>340</X>
			<Y>9</Y>
		</Location>
		<Size>
			<CX>108</CX>
			<CY>4</CY>
		</Size>
		<TextOffsetY>-50</TextOffsetY>
		<GaugeOffsetY>-2</GaugeOffsetY>
		<Style_VScroll>false</Style_VScroll>
		<Style_HScroll>false</Style_HScroll>
		<Style_Transparent>false</Style_Transparent>
		<!--<TooltipReference/>-->
		<FillTint>
			<R>51</R>
			<G>192</G>
			<B>51</B>
		</FillTint>
		<LinesFillTint>
			<R>220</R>
			<G>220</G>
			<B>0</B>
		</LinesFillTint>
		<DrawLinesFill>false</DrawLinesFill>
		<EQType>20</EQType>
		<GaugeDrawTemplate>
			<Background>A_GaugeBackground</Background>
			<Fill>A_GaugeFill</Fill>
			<!--<Lines>A_GaugeLines</Lines>-->
			<!--<LinesFill>A_GaugeLinesFill</LinesFill>-->
			<!--<EndCapLeft>A_GaugeEndCapLeft</EndCapLeft>-->
			<!--<EndCapRight>A_GaugeEndCapRight</EndCapRight>-->
		</GaugeDrawTemplate>
	</Gauge>
	<Gauge item="GW_ManaGauge4">
		<ScreenID>ManaGauge4</ScreenID>
		<!--<Font>3</Font>-->
		<TextColor> 
                        <R>240</R> 
                        <G>240</G> 
                        <B>240</B> 
                </TextColor>
		<RelativePosition>true</RelativePosition>
		<Location> 
                        <X>340</X> 
                        <Y>26</Y> 
                </Location>
		<Size> 
                        <CX>108</CX> 
                        <CY>4</CY> 
                </Size>
		<TextOffsetX>-50</TextOffsetX>
		<GaugeOffsetY>-2</GaugeOffsetY>
		<Style_VScroll>false</Style_VScroll>
		<Style_HScroll>false</Style_HScroll>
		<Style_Transparent>false</Style_Transparent>
		<!--<TooltipReference/>-->
		<FillTint> 
                        <R>0</R> 
                        <G>0</G> 
                        <B>255</B> 
                </FillTint>
		<LinesFillTint> 
                        <R>200</R> 
                        <G>200</G> 
                        <B>255</B> 
                </LinesFillTint>
		<DrawLinesFill>false</DrawLinesFill>
		<EQType>34</EQType>
		<GaugeDrawTemplate>
			<Background>A_GaugeBackground</Background>
			<Fill>A_GaugeFill</Fill>
			<!--<Lines>A_GaugeLines</Lines>-->
			<!--<LinesFill>A_GaugeLinesFill</LinesFill>-->
			<EndCapLeft>A_GaugeEndCapLeft</EndCapLeft>
			<EndCapRight>A_GaugeEndCapRight</EndCapRight>
		</GaugeDrawTemplate>
	</Gauge>
        <Gauge item="GW_STAGauge4">
		<ScreenID>STAGauge4</ScreenID>
		<!--<Font>3</Font>-->
		<TextColor> 
                        <R>240</R> 
                        <G>240</G> 
                        <B>240</B> 
                </TextColor>
		<RelativePosition>true</RelativePosition>
		<Location> 
                        <X>340</X> 
                        <Y>22</Y> 
                </Location>
		<Size> 
                        <CX>108</CX> 
                        <CY>4</CY> 
                </Size>
		<TextOffsetX>-50</TextOffsetX>
		<GaugeOffsetY>-2</GaugeOffsetY>
		<Style_VScroll>false</Style_VScroll>
		<Style_HScroll>false</Style_HScroll>
		<Style_Transparent>false</Style_Transparent>
		<!--<TooltipReference/>-->
		<FillTint> 
                        <R>240</R> 
                        <G>240</G> 
                        <B>0</B> 
                </FillTint>
		<LinesFillTint> 
                        <R>0</R> 
                        <G>220</G> 
                        <B>0</B> 
                </LinesFillTint>
		<DrawLinesFill>false</DrawLinesFill>
		<EQType>39</EQType>
		<GaugeDrawTemplate>
			<Background>A_GaugeBackground</Background>
			<Fill>A_GaugeFill</Fill>
			<!--<Lines>A_GaugeLines</Lines>-->
			<!--<LinesFill>A_GaugeLinesFill</LinesFill>-->
			<EndCapLeft>A_GaugeEndCapLeft</EndCapLeft>
			<EndCapRight>A_GaugeEndCapRight</EndCapRight>
		</GaugeDrawTemplate>
	</Gauge>
        <Button item="GW_GroupRoleTank4">
		<ScreenID>GroupRoleTank4</ScreenID>
		<RelativePosition>true</RelativePosition>
		<Style_Transparent>false</Style_Transparent>
		<Style_Checkbox>false</Style_Checkbox>
		<ButtonDrawTemplate>
			<NormalDecal>A_Tank</NormalDecal>
		</ButtonDrawTemplate>
		<DecalSize>
			<CX>10</CX>
			<CY>10</CY>
		</DecalSize>
		<Location> 
			<X>405</X> 
			<Y>-1</Y> 
		</Location>
		<Size> 
			<CX>10</CX> 
			<CY>10</CY> 
		</Size>
		<AutoStretch>false</AutoStretch>
	</Button>
	<Button item="GW_GroupRoleAssist4">
		<ScreenID>GroupRoleAssist4</ScreenID>
		<RelativePosition>true</RelativePosition>
		<Style_Transparent>false</Style_Transparent>
		<Style_Checkbox>false</Style_Checkbox>
		<ButtonDrawTemplate>
			<NormalDecal>A_Assist</NormalDecal>
		</ButtonDrawTemplate>
		<DecalSize>
			<CX>10</CX>
			<CY>10</CY>
		</DecalSize>
		<Location> 
			<X>415</X> 
			<Y>-2</Y> 
		</Location>
		<Size> 
			<CX>10</CX> 
			<CY>10</CY> 
		</Size>
		<AutoStretch>false</AutoStretch>
	</Button>
	<Button item="GW_GroupRolePuller4">
		<ScreenID>GroupRolePuller4</ScreenID>
		<RelativePosition>true</RelativePosition>
		<Style_Transparent>false</Style_Transparent>
		<Style_Checkbox>false</Style_Checkbox>
		<ButtonDrawTemplate>
			<NormalDecal>A_Puller</NormalDecal>
		</ButtonDrawTemplate>
		<DecalSize>
			<CX>10</CX>
			<CY>10</CY>
		</DecalSize>
		<Location> 
			<X>425</X> 
			<Y>-3</Y> 
		</Location>
		<Size> 
			<CX>10</CX> 
			<CY>10</CY> 
		</Size>
		<AutoStretch>false</AutoStretch>
	</Button>
        <Gauge item="GW_Gauge5">
		<ScreenID>Gauge5</ScreenID>
		<!--<Font>3</Font>-->
		<TextColor>
			<R>240</R>
			<G>240</G>
			<B>240</B>
		</TextColor>
		<RelativePosition>true</RelativePosition>
		<Location>
			<X>452</X>
			<Y>-3</Y>
		</Location>
		<Size>
			<CX>108</CX>
			<CY>33</CY>
		</Size>
		<TextOffsetX>16</TextOffsetX>
		<Style_VScroll>false</Style_VScroll>
		<Style_HScroll>false</Style_HScroll>
		<Style_Transparent>false</Style_Transparent>
		<!--<TooltipReference/>-->
		<FillTint>
			<R>220</R>
			<G>0</G>
			<B>0</B>
		</FillTint>
		<LinesFillTint>
			<R>220</R>
			<G>220</G>
			<B>0</B>
		</LinesFillTint>
		<DrawLinesFill>false</DrawLinesFill>
		<EQType>15</EQType>
		<GaugeDrawTemplate>
			<Background>A_GaugeBackground</Background>
			<Fill>A_GaugeFill</Fill>
			<Lines>A_GaugeLines</Lines>
			<LinesFill>A_GaugeLinesFill</LinesFill>
			<EndCapLeft>A_GaugeEndCapLeft</EndCapLeft>
			<EndCapRight>A_GaugeEndCapRight</EndCapRight>
		</GaugeDrawTemplate>
	</Gauge>
	<Gauge item="GW_PetGauge5">
		<ScreenID>PetGauge5</ScreenID>
		<!--<Font>3</Font>-->
		<TextColor>
			<R>240</R>
			<G>240</G>
			<B>240</B>
		</TextColor>
		<RelativePosition>true</RelativePosition>
		<Location>
			<X>452</X>
			<Y>9</Y>
		</Location>
		<Size>
			<CX>108</CX>
			<CY>4</CY>
		</Size>
		<TextOffsetY>-50</TextOffsetY>
		<GaugeOffsetY>-2</GaugeOffsetY>
		<Style_VScroll>false</Style_VScroll>
		<Style_HScroll>false</Style_HScroll>
		<Style_Transparent>false</Style_Transparent>
		<!--<TooltipReference/>-->
		<FillTint>
			<R>51</R>
			<G>192</G>
			<B>51</B>
		</FillTint>
		<LinesFillTint>
			<R>220</R>
			<G>220</G>
			<B>0</B>
		</LinesFillTint>
		<DrawLinesFill>false</DrawLinesFill>
		<EQType>21</EQType>
		<GaugeDrawTemplate>
			<Background>A_GaugeBackground</Background>
			<Fill>A_GaugeFill</Fill>
			<!--<Lines>A_GaugeLines</Lines>-->
			<!--<LinesFill>A_GaugeLinesFill</LinesFill>-->
			<!--<EndCapLeft>A_GaugeEndCapLeft</EndCapLeft>-->
			<!--<EndCapRight>A_GaugeEndCapRight</EndCapRight>-->
		</GaugeDrawTemplate>
	</Gauge>
	<Gauge item="GW_ManaGauge5">
		<ScreenID>ManaGauge5</ScreenID>
		<!--<Font>3</Font>-->
		<TextColor> 
                        <R>240</R> 
                        <G>240</G> 
                        <B>240</B> 
                </TextColor>
		<RelativePosition>true</RelativePosition>
		<Location> 
                        <X>452</X> 
                        <Y>26</Y> 
                </Location>
		<Size> 
                        <CX>108</CX> 
                        <CY>4</CY> 
                </Size>
		<TextOffsetX>-50</TextOffsetX>
		<GaugeOffsetY>-2</GaugeOffsetY>
		<Style_VScroll>false</Style_VScroll>
		<Style_HScroll>false</Style_HScroll>
		<Style_Transparent>false</Style_Transparent>
		<!--<TooltipReference/>-->
		<FillTint> 
                        <R>0</R> 
                        <G>0</G> 
                        <B>255</B> 
                </FillTint>
		<LinesFillTint> 
                        <R>200</R> 
                        <G>200</G> 
                        <B>255</B> 
                </LinesFillTint>
		<DrawLinesFill>false</DrawLinesFill>
		<EQType>35</EQType>
		<GaugeDrawTemplate>
			<Background>A_GaugeBackground</Background>
			<Fill>A_GaugeFill</Fill>
			<!--<Lines>A_GaugeLines</Lines>-->
			<!--<LinesFill>A_GaugeLinesFill</LinesFill>-->
			<EndCapLeft>A_GaugeEndCapLeft</EndCapLeft>
			<EndCapRight>A_GaugeEndCapRight</EndCapRight>
		</GaugeDrawTemplate>
	</Gauge>
        <Gauge item="GW_STAGauge5">
		<ScreenID>STAGauge5</ScreenID>
		<!--<Font>3</Font>-->
		<TextColor> 
                        <R>240</R> 
                        <G>240</G> 
                        <B>240</B> 
                </TextColor>
		<RelativePosition>true</RelativePosition>
		<Location> 
                        <X>452</X> 
                        <Y>22</Y> 
                </Location>
		<Size> 
                        <CX>108</CX> 
                        <CY>4</CY> 
                </Size>
		<TextOffsetX>-50</TextOffsetX>
		<GaugeOffsetY>-2</GaugeOffsetY>
		<Style_VScroll>false</Style_VScroll>
		<Style_HScroll>false</Style_HScroll>
		<Style_Transparent>false</Style_Transparent>
		<!--<TooltipReference/>-->
		<FillTint> 
                        <R>240</R> 
                        <G>240</G> 
                        <B>0</B> 
                </FillTint>
		<LinesFillTint> 
                        <R>0</R> 
                        <G>220</G> 
                        <B>0</B> 
                </LinesFillTint>
		<DrawLinesFill>false</DrawLinesFill>
		<EQType>40</EQType>
		<GaugeDrawTemplate>
			<Background>A_GaugeBackground</Background>
			<Fill>A_GaugeFill</Fill>
			<!--<Lines>A_GaugeLines</Lines>-->
			<!--<LinesFill>A_GaugeLinesFill</LinesFill>-->
			<EndCapLeft>A_GaugeEndCapLeft</EndCapLeft>
			<EndCapRight>A_GaugeEndCapRight</EndCapRight>
		</GaugeDrawTemplate>
	</Gauge>
        <Button item="GW_GroupRoleTank5">
		<ScreenID>GroupRoleTank5</ScreenID>
		<RelativePosition>true</RelativePosition>
		<Style_Transparent>false</Style_Transparent>
		<Style_Checkbox>false</Style_Checkbox>
		<ButtonDrawTemplate>
			<NormalDecal>A_Tank</NormalDecal>
		</ButtonDrawTemplate>
		<DecalSize>
			<CX>10</CX>
			<CY>10</CY>
		</DecalSize>
		<Location> 
			<X>515</X> 
			<Y>-1</Y> 
		</Location>
		<Size> 
			<CX>10</CX> 
			<CY>10</CY> 
		</Size>
		<AutoStretch>false</AutoStretch>
	</Button>
	<Button item="GW_GroupRoleAssist5">
		<ScreenID>GroupRoleAssist5</ScreenID>
		<RelativePosition>true</RelativePosition>
		<Style_Transparent>false</Style_Transparent>
		<Style_Checkbox>false</Style_Checkbox>
		<ButtonDrawTemplate>
			<NormalDecal>A_Assist</NormalDecal>
		</ButtonDrawTemplate>
		<DecalSize>
			<CX>10</CX>
			<CY>10</CY>
		</DecalSize>
		<Location> 
			<X>525</X> 
			<Y>-2</Y> 
		</Location>
		<Size> 
			<CX>10</CX> 
			<CY>10</CY> 
		</Size>
		<AutoStretch>false</AutoStretch>
	</Button>
	<Button item="GW_GroupRolePuller5">
		<ScreenID>GroupRolePuller5</ScreenID>
		<RelativePosition>true</RelativePosition>
		<Style_Transparent>false</Style_Transparent>
		<Style_Checkbox>false</Style_Checkbox>
		<ButtonDrawTemplate>
			<NormalDecal>A_Puller</NormalDecal>
		</ButtonDrawTemplate>
		<DecalSize>
			<CX>10</CX>
			<CY>10</CY>
		</DecalSize>
		<Location> 
			<X>535</X> 
			<Y>-3</Y> 
		</Location>
		<Size> 
			<CX>10</CX> 
			<CY>10</CY> 
		</Size>
		<AutoStretch>false</AutoStretch>
	</Button>
        <Label item="GW_HPLabel1">
		<ScreenID>HPLabel1</ScreenID>
		<EQType>35</EQType>
		<RelativePosition>true</RelativePosition>
		<Location>
			<X>10</X>
			<Y>17</Y>
		</Location>
		<Size>
			<CX>60</CX>
			<CY>12</CY>
		</Size>
		<Text>Playername123456</Text>
		<TextColor>
			<R>255</R>
			<G>255</G>
			<B>255</B>
		</TextColor>
		<NoWrap>true</NoWrap>
		<AlignCenter>false</AlignCenter>
		<AlignRight>true</AlignRight>
		<Font>1</Font>
	</Label>
	<Label item="GW_HPPercLabel1">
		<ScreenID>HPPercLabel1</ScreenID>
		<RelativePosition>true</RelativePosition>
		<Location>
			<X>68</X>
			<Y>17</Y>
		</Location>
		<Size>
			<CX>16</CX>
			<CY>12</CY>
		</Size>
		<Text>%</Text>
		<TextColor>
			<R>255</R>
			<G>255</G>
			<B>255</B>
		</TextColor>
		<NoWrap>true</NoWrap>
		<AlignCenter>false</AlignCenter>
		<AlignRight>false</AlignRight>
		<Font>1</Font>
	</Label>
	<Label item="GW_HPLabel2">
		<ScreenID>HPLabel2</ScreenID>
		<EQType>36</EQType>
		<RelativePosition>true</RelativePosition>
		<Location>
			<X>122</X>
			<Y>17</Y>
		</Location>
		<Size>
			<CX>60</CX>
			<CY>12</CY>
		</Size>
		<Text>Playername123456</Text>
		<TextColor>
			<R>255</R>
			<G>255</G>
			<B>255</B>
		</TextColor>
		<NoWrap>true</NoWrap>
		<AlignCenter>false</AlignCenter>
		<AlignRight>true</AlignRight>
		<Font>1</Font>
	</Label>
	<Label item="GW_HPPercLabel2">
		<ScreenID>HPPercLabel2</ScreenID>
		<RelativePosition>true</RelativePosition>
		<Location>
			<X>180</X>
			<Y>17</Y>
		</Location>
		<Size>
			<CX>16</CX>
			<CY>12</CY>
		</Size>
		<Text>%</Text>
		<TextColor>
			<R>255</R>
			<G>255</G>
			<B>255</B>
		</TextColor>
		<NoWrap>true</NoWrap>
		<AlignCenter>false</AlignCenter>
		<AlignRight>false</AlignRight>
		<Font>1</Font>
	</Label>
	<Label item="GW_HPLabel3">
		<ScreenID>HPLabel3</ScreenID>
		<EQType>37</EQType>
		<RelativePosition>true</RelativePosition>
		<Location>
			<X>234</X>
			<Y>17</Y>
		</Location>
		<Size>
			<CX>60</CX>
			<CY>12</CY>
		</Size>
		<Text>Playername123456</Text>
		<TextColor>
			<R>255</R>
			<G>255</G>
			<B>255</B>
		</TextColor>
		<NoWrap>true</NoWrap>
		<AlignCenter>false</AlignCenter>
		<AlignRight>true</AlignRight>
		<Font>1</Font>
	</Label>
	<Label item="GW_HPPercLabel3">
		<ScreenID>HPPercLabel3</ScreenID>
		<RelativePosition>true</RelativePosition>
		<Location>
			<X>292</X>
			<Y>17</Y>
		</Location>
		<Size>
			<CX>16</CX>
			<CY>12</CY>
		</Size>
		<Text>%</Text>
		<TextColor>
			<R>255</R>
			<G>255</G>
			<B>255</B>
		</TextColor>
		<NoWrap>true</NoWrap>
		<AlignCenter>false</AlignCenter>
		<AlignRight>false</AlignRight>
		<Font>1</Font>
	</Label>
	<Label item="GW_HPLabel4">
		<ScreenID>HPLabel4</ScreenID>
		<EQType>38</EQType>
		<RelativePosition>true</RelativePosition>
		<Location>
			<X>346</X>
			<Y>17</Y>
		</Location>
		<Size>
			<CX>60</CX>
			<CY>12</CY>
		</Size>
		<Text>Playername123456</Text>
		<TextColor>
			<R>255</R>
			<G>255</G>
			<B>255</B>
		</TextColor>
		<NoWrap>true</NoWrap>
		<AlignCenter>false</AlignCenter>
		<AlignRight>true</AlignRight>
		<Font>1</Font>
	</Label>
	<Label item="GW_HPPercLabel4">
		<ScreenID>HPPercLabel4</ScreenID>
		<RelativePosition>true</RelativePosition>
		<Location>
			<X>404</X>
			<Y>17</Y>
		</Location>
		<Size>
			<CX>16</CX>
			<CY>12</CY>
		</Size>
		<Text>%</Text>
		<TextColor>
			<R>255</R>
			<G>255</G>
			<B>255</B>
		</TextColor>
		<NoWrap>true</NoWrap>
		<AlignCenter>false</AlignCenter>
		<AlignRight>false</AlignRight>
		<Font>1</Font>
	</Label>
	<Label item="GW_HPLabel5">
		<ScreenID>HPLabel5</ScreenID>
		<EQType>39</EQType>
		<RelativePosition>true</RelativePosition>
		<Location>
			<X>458</X>
			<Y>17</Y>
		</Location>
		<Size>
			<CX>60</CX>
			<CY>12</CY>
		</Size>
		<Text>Playername123456</Text>
		<TextColor>
			<R>255</R>
			<G>255</G>
			<B>255</B>
		</TextColor>
		<NoWrap>true</NoWrap>
		<AlignCenter>false</AlignCenter>
		<AlignRight>true</AlignRight>
		<Font>1</Font>
	</Label>
	<Label item="GW_HPPercLabel5">
		<ScreenID>HPPercLabel5</ScreenID>
		<RelativePosition>true</RelativePosition>
		<Location>
			<X>516</X>
			<Y>17</Y>
		</Location>
		<Size>
			<CX>16</CX>
			<CY>12</CY>
		</Size>
		<Text>%</Text>
		<TextColor>
			<R>255</R>
			<G>255</G>
			<B>255</B>
		</TextColor>
		<NoWrap>true</NoWrap>
		<AlignCenter>false</AlignCenter>
		<AlignRight>false</AlignRight>
		<Font>1</Font>
	</Label>

	<Button item = "GW_LFGButton">
		<ScreenID>LFGButton</ScreenID>
		<RelativePosition>true</RelativePosition>
		<Location>
			<X>566</X>
			<Y>2</Y>
		</Location>
		<Size>
			<CX>1</CX>
			<CY>1</CY>
		</Size>
		<Style_Checkbox>false</Style_Checkbox>
		<ButtonDrawTemplate>
		</ButtonDrawTemplate>
	</Button>



	<Screen item="GroupWindow">
		<ScreenID />
		<RelativePosition>false</RelativePosition>
		<Location>
			<X>516</X>
			<Y>78</Y>
		</Location>
		<Size>
			<CX>690</CX>
			<CY>40</CY>
		</Size>
		<Text></Text>
		<Style_VScroll>false</Style_VScroll>
		<Style_HScroll>false</Style_HScroll>
		<Style_Transparent>false</Style_Transparent>
		<TooltipReference>This is the party window.</TooltipReference>
		<Style_Titlebar>false</Style_Titlebar>
		<Style_Closebox>false</Style_Closebox>
		<Style_Minimizebox>false</Style_Minimizebox>
		<Style_Border>true</Style_Border>
		<Style_Sizable>false</Style_Sizable>
		<DrawTemplate>WDT_RoundedNoTitle</DrawTemplate>

		<Pieces>GW_InviteButton</Pieces>
		<Pieces>GW_DisbandButton</Pieces>
		<Pieces>GW_FollowButton</Pieces>
		<Pieces>GW_DeclineButton</Pieces>

		<Pieces>GW_F2</Pieces>
	        <Pieces>GW_F3</Pieces>
                <Pieces>GW_F4</Pieces>
                <Pieces>GW_F5</Pieces>
                <Pieces>GW_F6</Pieces>

                <Pieces>GW_Gauge1</Pieces>
		<Pieces>GW_Gauge2</Pieces>
		<Pieces>GW_Gauge3</Pieces>
		<Pieces>GW_Gauge4</Pieces>
		<Pieces>GW_Gauge5</Pieces>

		<Pieces>GW_PetGauge1</Pieces>
		<Pieces>GW_PetGauge2</Pieces>
		<Pieces>GW_PetGauge3</Pieces>
		<Pieces>GW_PetGauge4</Pieces>
		<Pieces>GW_PetGauge5</Pieces>

		<Pieces>GW_ManaGauge1</Pieces>
                <Pieces>GW_ManaGauge2</Pieces>
                <Pieces>GW_ManaGauge3</Pieces>
                <Pieces>GW_ManaGauge4</Pieces>
                <Pieces>GW_ManaGauge5</Pieces>

                <Pieces>GW_STAGauge1</Pieces>
                <Pieces>GW_STAGauge2</Pieces>
                <Pieces>GW_STAGauge3</Pieces>
                <Pieces>GW_STAGauge4</Pieces>
                <Pieces>GW_STAGauge5</Pieces>

                <Pieces>GW_GroupRoleTank1</Pieces>
		<Pieces>GW_GroupRoleAssist1</Pieces>
		<Pieces>GW_GroupRolePuller1</Pieces>
                <Pieces>GW_GroupRoleTank2</Pieces>
		<Pieces>GW_GroupRoleAssist2</Pieces>
		<Pieces>GW_GroupRolePuller2</Pieces>
                <Pieces>GW_GroupRoleTank3</Pieces>
		<Pieces>GW_GroupRoleAssist3</Pieces>
		<Pieces>GW_GroupRolePuller3</Pieces>
                <Pieces>GW_GroupRoleTank4</Pieces>
		<Pieces>GW_GroupRoleAssist4</Pieces>
		<Pieces>GW_GroupRolePuller4</Pieces>
                <Pieces>GW_GroupRoleTank5</Pieces>
		<Pieces>GW_GroupRoleAssist5</Pieces>
		<Pieces>GW_GroupRolePuller5</Pieces>

                <Pieces>GW_HPLabel1</Pieces>
		<Pieces>GW_HPPercLabel1</Pieces>
		<Pieces>GW_HPLabel2</Pieces>
		<Pieces>GW_HPPercLabel2</Pieces>
		<Pieces>GW_HPLabel3</Pieces>
		<Pieces>GW_HPPercLabel3</Pieces>
		<Pieces>GW_HPLabel4</Pieces>
		<Pieces>GW_HPPercLabel4</Pieces>
		<Pieces>GW_HPLabel5</Pieces>
		<Pieces>GW_HPPercLabel5</Pieces>

		<Pieces>GW_LFGButton</Pieces>
	</Screen>
</XML>
