<?xml version="1.0" encoding="us-ascii"?>
<XML ID="EQInterfaceDefinitionLanguage">
  <Schema xmlns="EverQuestData" xmlns:dt="EverQuestDataTypes" />
  <Label item="Clairvoyance_Number">
    <ScreenID>Claivoyance_Number</ScreenID>
    <Font>3</Font>
    <Text>999</Text>
    <TextColor>
      <R>250</R>
      <G>140</G>
      <B>255</B>
    </TextColor>
    <Size>
      <CX>100</CX>
      <CY>20</CY>
    </Size>
    <AlignCenter>true</AlignCenter>
    <Location>
      <X>200</X>
      <Y>375</Y>
    </Location>
    <EQType>227</EQType>
  </Label>
  <Label item="HealAmount_Number">
    <ScreenID>HealAmount_Number</ScreenID>
    <Font>3</Font>
    <Text>999</Text>
    <TextColor>
      <R>250</R>
      <G>140</G>
      <B>255</B>
    </TextColor>
    <Size>
      <CX>100</CX>
      <CY>20</CY>
    </Size>
    <AlignCenter>true</AlignCenter>
    <Location>
      <X>100</X>
      <Y>375</Y>
    </Location>
    <EQType>225</EQType>
  </Label>
  <Label item="SpellDamage_Number">
    <ScreenID>SpellDamage_Number</ScreenID>
    <Font>3</Font>
    <Text>999</Text>
    <TextColor>
      <R>250</R>
      <G>140</G>
      <B>255</B>
    </TextColor>
    <Size>
      <CX>100</CX>
      <CY>20</CY>
    </Size>
    <AlignCenter>true</AlignCenter>
    <Location>
      <X>0</X>
      <Y>375</Y>
    </Location>
    <EQType>226</EQType>
  </Label>
  <Label item="Clairvoyance_Label">
    <ScreenID>Clairvoyance_Label</ScreenID>
    <Font>3</Font>
    <Text>Clairvoyance</Text>
    <TextColor>
      <R>255</R>
      <G>255</G>
      <B>255</B>
    </TextColor>
    <Size>
      <CX>100</CX>
      <CY>20</CY>
    </Size>
    <AlignCenter>true</AlignCenter>
    <Location>
      <X>200</X>
      <Y>360</Y>
    </Location>
  </Label>
  <Label item="Heal_Label">
    <ScreenID>Heal_Label</ScreenID>
    <Font>3</Font>
    <Text>Heal Amount</Text>
    <TextColor>
      <R>255</R>
      <G>255</G>
      <B>255</B>
    </TextColor>
    <Size>
      <CX>100</CX>
      <CY>20</CY>
    </Size>
    <AlignCenter>true</AlignCenter>
    <Location>
      <X>100</X>
      <Y>360</Y>
    </Location>
  </Label>
  <Label item="SpellDamage_Label">
    <ScreenID>SpellDamage_Label</ScreenID>
    <Font>3</Font>
    <Text>Spell Damage</Text>
    <TextColor>
      <R>255</R>
      <G>255</G>
      <B>255</B>
    </TextColor>
    <Size>
      <CX>100</CX>
      <CY>100</CY>
    </Size>
    <AlignCenter>true</AlignCenter>
    <Location>
      <X>0</X>
      <Y>360</Y>
    </Location>
  </Label>
  <Label item="SpellModHeader">
    <ScreenID>SpellModHeader</ScreenID>
    <Font>1</Font>
    <Text>SPELL MODS</Text>
    <TextColor>
      <R>255</R>
      <G>255</G>
      <B>255</B>
    </TextColor>
    <Size>
      <CX>100</CX>
      <CY>20</CY>
    </Size>
    <AlignCenter>true</AlignCenter>
    <Location>
      <X>0</X>
      <Y>345</Y>
    </Location>
  </Label>
  <Label item="DS_Label">
    <ScreenID>DS_Label</ScreenID>
    <Font>3</Font>
    <Text>Damage Shield</Text>
    <TextColor>
      <R>255</R>
      <G>255</G>
      <B>255</B>
    </TextColor>
    <Size>
      <CX>100</CX>
      <CY>20</CY>
    </Size>
    <AlignCenter>False</AlignCenter>
    <Location>
      <X>150</X>
      <Y>285</Y>
    </Location>
  </Label>
  <Label item="Attack_Number">
    <ScreenID>Attack_Number</ScreenID>
    <Font>3</Font>
    <Text>999</Text>
    <TextColor>
      <R>255</R>
      <G>255</G>
      <B>255</B>
    </TextColor>
    <Size>
      <CX>50</CX>
      <CY>20</CY>
    </Size>
    <AlignCenter>false</AlignCenter>
	<AlignRight>true</AlignRight>
    <Location>
      <X>78</X>
      <Y>225</Y>
    </Location>
    <EQType>23</EQType>
  </Label>
  <Label item="Haste_Number">
    <ScreenID>Haste_Number</ScreenID>
    <Font>3</Font>
    <Text>999</Text>
    <TextColor>
      <R>255</R>
      <G>255</G>
      <B>255</B>
    </TextColor>
    <Size>
      <CX>25</CX>
      <CY>20</CY>
    </Size>
    <AlignCenter>true</AlignCenter>
    <Location>
      <X>108</X>
      <Y>255</Y>
    </Location>
    <EQType>211</EQType>
  </Label>
  <Label item="Accuracy_Number">
    <ScreenID>Accuracy_Number</ScreenID>
    <Font>3</Font>
    <Text>999</Text>
    <TextColor>
      <R>255</R>
      <G>255</G>
      <B>255</B>
    </TextColor>
    <Size>
      <CX>25</CX>
      <CY>20</CY>
    </Size>
    <AlignCenter>true</AlignCenter>
    <Location>
      <X>108</X>
      <Y>240</Y>
    </Location>
    <EQType>222</EQType>
  </Label>
  <Label item="CE_Number">
    <ScreenID>CE_Number</ScreenID>
    <Font>3</Font>
    <Text>999</Text>
    <TextColor>
      <R>255</R>
      <G>255</G>
      <B>255</B>
    </TextColor>
    <Size>
      <CX>25</CX>
      <CY>20</CY>
    </Size>
    <AlignCenter>true</AlignCenter>
    <Location>
      <X>108</X>
      <Y>285</Y>
    </Location>
    <EQType>216</EQType>
  </Label>
  <Label item="Strikethrough_Number">
    <ScreenID>Strikethrough_Number</ScreenID>
    <Font>3</Font>
    <Text>999</Text>
    <TextColor>
      <R>255</R>
      <G>255</G>
      <B>255</B>
    </TextColor>
    <Size>
      <CX>25</CX>
      <CY>20</CY>
    </Size>
    <AlignCenter>true</AlignCenter>
    <Location>
      <X>108</X>
      <Y>270</Y>
    </Location>
    <EQType>224</EQType>
  </Label>
  <Label item="Avoidance_Number">
    <ScreenID>Avoidance_Number</ScreenID>
    <Font>3</Font>
    <Text>999</Text>
    <TextColor>
      <R>255</R>
      <G>255</G>
      <B>255</B>
    </TextColor>
    <Size>
      <CX>25</CX>
      <CY>20</CY>
    </Size>
    <AlignCenter>true</AlignCenter>
    <Location>
      <X>250</X>
      <Y>225</Y>
    </Location>
    <EQType>221</EQType>
  </Label>
  <Label item="Shielding_Number">
    <ScreenID>Shielding_Number</ScreenID>
    <Font>3</Font>
    <Text>999</Text>
    <TextColor>
      <R>255</R>
      <G>255</G>
      <B>255</B>
    </TextColor>
    <Size>
      <CX>25</CX>
      <CY>20</CY>
    </Size>
    <AlignCenter>true</AlignCenter>
    <Location>
      <X>250</X>
      <Y>270</Y>
    </Location>
    <EQType>217</EQType>
  </Label>
  <Label item="SpellShield_Number">
    <ScreenID>Spellshield_Number</ScreenID>
    <Font>3</Font>
    <Text>999</Text>
    <TextColor>
      <R>255</R>
      <G>255</G>
      <B>255</B>
    </TextColor>
    <Size>
      <CX>25</CX>
      <CY>20</CY>
    </Size>
    <AlignCenter>true</AlignCenter>
    <Location>
      <X>250</X>
      <Y>255</Y>
    </Location>
    <EQType>215</EQType>
  </Label>
  <Label item="DS_Number">
    <ScreenID>DS_Number</ScreenID>
    <Font>3</Font>
    <Text>999</Text>
    <TextColor>
      <R>255</R>
      <G>255</G>
      <B>255</B>
    </TextColor>
    <Size>
      <CX>25</CX>
      <CY>20</CY>
    </Size>
    <AlignCenter>true</AlignCenter>
    <Location>
      <X>250</X>
      <Y>285</Y>
    </Location>
    <EQType>218</EQType>
  </Label>
  <Label item="DoT_Number">
    <ScreenID>DoT_Number</ScreenID>
    <Font>3</Font>
    <Text>999</Text>
    <TextColor>
      <R>255</R>
      <G>255</G>
      <B>255</B>
    </TextColor>
    <Size>
      <CX>25</CX>
      <CY>20</CY>
    </Size>
    <AlignCenter>true</AlignCenter>
    <Location>
      <X>250</X>
      <Y>300</Y>
    </Location>
    <EQType>219</EQType>
  </Label>
  <Label item="DSMit_Number">
    <ScreenID>DSMit_Number</ScreenID>
    <Font>3</Font>
    <Text>999</Text>
    <TextColor>
      <R>255</R>
      <G>255</G>
      <B>255</B>
    </TextColor>
    <Size>
      <CX>25</CX>
      <CY>20</CY>
    </Size>
    <AlignCenter>true</AlignCenter>
    <Location>
      <X>250</X>
      <Y>315</Y>
    </Location>
    <EQType>220</EQType>
  </Label>
  <Label item="StunRes_Number">
    <ScreenID>StunRes_Number</ScreenID>
    <Font>3</Font>
    <Text>999</Text>
    <TextColor>
      <R>255</R>
      <G>255</G>
      <B>255</B>
    </TextColor>
    <Size>
      <CX>25</CX>
      <CY>20</CY>
    </Size>
    <AlignCenter>true</AlignCenter>
    <Location>
      <X>250</X>
      <Y>240</Y>
    </Location>
    <EQType>223</EQType>
  </Label>
  <Label item="MAG_Divider">
    <ScreenID>MAG_Divider</ScreenID>
    <Font>3</Font>
    <Text>/</Text>
    <TextColor>
      <R>255</R>
      <G>255</G>
      <B>255</B>
    </TextColor>
    <Size>
      <CX>10</CX>
      <CY>20</CY>
    </Size>
    <AlignCenter>true</AlignCenter>
    <Location>
      <X>242</X>
      <Y>100</Y>
    </Location>
  </Label>
  <Label item="FRE_Divider">
    <ScreenID>FRE_Divider</ScreenID>
    <Font>3</Font>
    <Text>/</Text>
    <TextColor>
      <R>255</R>
      <G>255</G>
      <B>255</B>
    </TextColor>
    <Size>
      <CX>10</CX>
      <CY>20</CY>
    </Size>
    <AlignCenter>true</AlignCenter>
    <Location>
      <X>242</X>
      <Y>115</Y>
    </Location>
  </Label>
  <Label item="CLD_Divider">
    <ScreenID>CLD_Divider</ScreenID>
    <Font>3</Font>
    <Text>/</Text>
    <TextColor>
      <R>255</R>
      <G>255</G>
      <B>255</B>
    </TextColor>
    <Size>
      <CX>10</CX>
      <CY>20</CY>
    </Size>
    <AlignCenter>true</AlignCenter>
    <Location>
      <X>242</X>
      <Y>130</Y>
    </Location>
  </Label>
  <Label item="PSN_Divider">
    <ScreenID>PSN_Divider</ScreenID>
    <Font>3</Font>
    <Text>/</Text>
    <TextColor>
      <R>255</R>
      <G>255</G>
      <B>255</B>
    </TextColor>
    <Size>
      <CX>10</CX>
      <CY>20</CY>
    </Size>
    <AlignCenter>true</AlignCenter>
    <Location>
      <X>242</X>
      <Y>145</Y>
    </Location>
  </Label>
  <Label item="DIS_Divider">
    <ScreenID>DIS_Divider</ScreenID>
    <Font>3</Font>
    <Text>/</Text>
    <TextColor>
      <R>255</R>
      <G>255</G>
      <B>255</B>
    </TextColor>
    <Size>
      <CX>10</CX>
      <CY>20</CY>
    </Size>
    <AlignCenter>true</AlignCenter>
    <Location>
      <X>242</X>
      <Y>160</Y>
    </Location>
  </Label>
  <Label item="COR_Divider">
    <ScreenID>COR_Divider</ScreenID>
    <Font>3</Font>
    <Text>/</Text>
    <TextColor>
      <R>255</R>
      <G>255</G>
      <B>255</B>
    </TextColor>
    <Size>
      <CX>10</CX>
      <CY>20</CY>
    </Size>
    <AlignCenter>true</AlignCenter>
    <Location>
      <X>242</X>
      <Y>175</Y>
    </Location>
  </Label>
  <Label item="MAG_Current">
    <ScreenID>MAG_Current</ScreenID>
    <Font>3</Font>
    <Text>999</Text>
    <TextColor>
      <R>255</R>
      <G>255</G>
      <B>255</B>
    </TextColor>
    <Size>
      <CX>25</CX>
      <CY>20</CY>
    </Size>
    <AlignCenter>True</AlignCenter>
    <Location>
      <X>223</X>
      <Y>100</Y>
    </Location>
    <AlignRight>False</AlignRight>
    <EQType>249</EQType>
  </Label>
  <Label item="FRE_Current">
    <ScreenID>FRE_Current</ScreenID>
    <Font>3</Font>
    <Text>999</Text>
    <TextColor>
      <R>255</R>
      <G>255</G>
      <B>255</B>
    </TextColor>
    <Size>
      <CX>25</CX>
      <CY>20</CY>
    </Size>
    <AlignCenter>True</AlignCenter>
    <Location>
      <X>223</X>
      <Y>115</Y>
    </Location>
    <AlignRight>False</AlignRight>
    <EQType>247</EQType>
  </Label>
  <Label item="CLD_Current">
    <ScreenID>CLD_Current</ScreenID>
    <Font>3</Font>
    <Text>999</Text>
    <TextColor>
      <R>255</R>
      <G>255</G>
      <B>255</B>
    </TextColor>
    <Size>
      <CX>25</CX>
      <CY>20</CY>
    </Size>
    <AlignCenter>True</AlignCenter>
    <Location>
      <X>223</X>
      <Y>130</Y>
    </Location>
    <AlignRight>False</AlignRight>
    <EQType>248</EQType>
  </Label>
  <Label item="PSN_Current">
    <ScreenID>PSN_Current</ScreenID>
    <Font>3</Font>
    <Text>999</Text>
    <TextColor>
      <R>255</R>
      <G>255</G>
      <B>255</B>
    </TextColor>
    <Size>
      <CX>25</CX>
      <CY>20</CY>
    </Size>
    <AlignCenter>True</AlignCenter>
    <Location>
      <X>223</X>
      <Y>145</Y>
    </Location>
    <AlignRight>False</AlignRight>
    <EQType>245</EQType>
  </Label>
  <Label item="DIS_Current">
    <ScreenID>DIS_Current</ScreenID>
    <Font>3</Font>
    <Text>999</Text>
    <TextColor>
      <R>255</R>
      <G>255</G>
      <B>255</B>
    </TextColor>
    <Size>
      <CX>25</CX>
      <CY>20</CY>
    </Size>
    <AlignCenter>True</AlignCenter>
    <Location>
      <X>223</X>
      <Y>160</Y>
    </Location>
    <AlignRight>False</AlignRight>
    <EQType>246</EQType>
  </Label>
  <Label item="COR_Current">
    <ScreenID>COR_Current</ScreenID>
    <Font>3</Font>
    <Text>999</Text>
    <TextColor>
      <R>255</R>
      <G>255</G>
      <B>255</B>
    </TextColor>
    <Size>
      <CX>25</CX>
      <CY>20</CY>
    </Size>
    <AlignCenter>True</AlignCenter>
    <Location>
      <X>223</X>
      <Y>175</Y>
    </Location>
    <AlignRight>False</AlignRight>
    <EQType>250</EQType>
  </Label>
  <Label item="MAG_Cap">
    <ScreenID>MAG_Cap</ScreenID>
    <Font>3</Font>
    <Text>999</Text>
    <TextColor>
      <R>255</R>
      <G>255</G>
      <B>255</B>
    </TextColor>
    <Size>
      <CX>25</CX>
      <CY>20</CY>
    </Size>
    <AlignCenter>True</AlignCenter>
    <Location>
      <X>250</X>
      <Y>100</Y>
    </Location>
    <AlignRight>False</AlignRight>
    <EQType>275</EQType>
  </Label>
  <Label item="FRE_Cap">
    <ScreenID>FRE_Cap</ScreenID>
    <Font>3</Font>
    <Text>999</Text>
    <TextColor>
      <R>255</R>
      <G>255</G>
      <B>255</B>
    </TextColor>
    <Size>
      <CX>25</CX>
      <CY>20</CY>
    </Size>
    <AlignCenter>True</AlignCenter>
    <Location>
      <X>250</X>
      <Y>115</Y>
    </Location>
    <AlignRight>False</AlignRight>
    <EQType>273</EQType>
  </Label>
  <Label item="CLD_Cap">
    <ScreenID>CLD_Cap</ScreenID>
    <Font>3</Font>
    <Text>999</Text>
    <TextColor>
      <R>255</R>
      <G>255</G>
      <B>255</B>
    </TextColor>
    <Size>
      <CX>25</CX>
      <CY>20</CY>
    </Size>
    <AlignCenter>True</AlignCenter>
    <Location>
      <X>250</X>
      <Y>130</Y>
    </Location>
    <AlignRight>False</AlignRight>
    <EQType>274</EQType>
  </Label>
  <Label item="PSN_Cap">
    <ScreenID>PSN_Cap</ScreenID>
    <Font>3</Font>
    <Text>999</Text>
    <TextColor>
      <R>255</R>
      <G>255</G>
      <B>255</B>
    </TextColor>
    <Size>
      <CX>25</CX>
      <CY>20</CY>
    </Size>
    <AlignCenter>True</AlignCenter>
    <Location>
      <X>250</X>
      <Y>145</Y>
    </Location>
    <AlignRight>False</AlignRight>
    <EQType>271</EQType>
  </Label>
  <Label item="DIS_Cap">
    <ScreenID>DIS_Cap</ScreenID>
    <Font>3</Font>
    <Text>999</Text>
    <TextColor>
      <R>255</R>
      <G>255</G>
      <B>255</B>
    </TextColor>
    <Size>
      <CX>25</CX>
      <CY>20</CY>
    </Size>
    <AlignCenter>True</AlignCenter>
    <Location>
      <X>250</X>
      <Y>160</Y>
    </Location>
    <AlignRight>False</AlignRight>
    <EQType>272</EQType>
  </Label>
  <Label item="COR_Cap">
    <ScreenID>COR_Cap</ScreenID>
    <Font>3</Font>
    <Text>999</Text>
    <TextColor>
      <R>255</R>
      <G>255</G>
      <B>255</B>
    </TextColor>
    <Size>
      <CX>25</CX>
      <CY>20</CY>
    </Size>
    <AlignCenter>True</AlignCenter>
    <Location>
      <X>250</X>
      <Y>175</Y>
    </Location>
    <AlignRight>False</AlignRight>
    <EQType>276</EQType>
  </Label>
  <Label item="DSMit_Label">
    <ScreenID>DSMit_Label</ScreenID>
    <Font>3</Font>
    <Text>DS Mitigation</Text>
    <TextColor>
      <R>255</R>
      <G>255</G>
      <B>255</B>
    </TextColor>
    <Size>
      <CX>100</CX>
      <CY>20</CY>
    </Size>
    <AlignCenter>False</AlignCenter>
    <Location>
      <X>150</X>
      <Y>315</Y>
    </Location>
  </Label>
  <Label item="DoTShield_Label">
    <ScreenID>DoTShield_Label</ScreenID>
    <Font>3</Font>
    <Text>DoT Shield</Text>
    <TextColor>
      <R>255</R>
      <G>255</G>
      <B>255</B>
    </TextColor>
    <Size>
      <CX>100</CX>
      <CY>20</CY>
    </Size>
    <AlignCenter>False</AlignCenter>
    <Location>
      <X>150</X>
      <Y>300</Y>
    </Location>
  </Label>
  <Label item="MeleeShield_Label">
    <ScreenID>MeleeShield_Label</ScreenID>
    <Font>3</Font>
    <Text>Melee Shield</Text>
    <TextColor>
      <R>255</R>
      <G>255</G>
      <B>255</B>
    </TextColor>
    <Size>
      <CX>100</CX>
      <CY>20</CY>
    </Size>
    <AlignCenter>False</AlignCenter>
    <Location>
      <X>150</X>
      <Y>270</Y>
    </Location>
  </Label>
  <Label item="SpellShield_Label">
    <ScreenID>SpellShield_Label</ScreenID>
    <Font>3</Font>
    <Text>Spell Shield</Text>
    <TextColor>
      <R>255</R>
      <G>255</G>
      <B>255</B>
    </TextColor>
    <Size>
      <CX>100</CX>
      <CY>20</CY>
    </Size>
    <AlignCenter>False</AlignCenter>
    <Location>
      <X>150</X>
      <Y>255</Y>
    </Location>
  </Label>
  <Label item="CE_Label">
    <ScreenID>CE_Label</ScreenID>
    <Font>3</Font>
    <Text>Combat Effects</Text>
    <TextColor>
      <R>255</R>
      <G>255</G>
      <B>255</B>
    </TextColor>
    <Size>
      <CX>100</CX>
      <CY>20</CY>
    </Size>
    <AlignCenter>False</AlignCenter>
    <Location>
      <X>15</X>
      <Y>285</Y>
    </Location>
  </Label>
  <Label item="Strikethrough_Label">
    <ScreenID>Strikethrough_Label</ScreenID>
    <Font>3</Font>
    <Text>Strikethrough</Text>
    <TextColor>
      <R>255</R>
      <G>255</G>
      <B>255</B>
    </TextColor>
    <Size>
      <CX>100</CX>
      <CY>20</CY>
    </Size>
    <AlignCenter>False</AlignCenter>
    <Location>
      <X>15</X>
      <Y>270</Y>
    </Location>
  </Label>
  <Label item="Stun_Label">
    <ScreenID>Stun_Label</ScreenID>
    <Font>3</Font>
    <Text>Stun Resist</Text>
    <TextColor>
      <R>255</R>
      <G>255</G>
      <B>255</B>
    </TextColor>
    <Size>
      <CX>100</CX>
      <CY>20</CY>
    </Size>
    <AlignCenter>False</AlignCenter>
    <Location>
      <X>150</X>
      <Y>240</Y>
    </Location>
  </Label>
  <Label item="Avoidance_Label">
    <ScreenID>Avoidance_Label</ScreenID>
    <Font>3</Font>
    <Text>Avoidance</Text>
    <TextColor>
      <R>255</R>
      <G>255</G>
      <B>255</B>
    </TextColor>
    <Size>
      <CX>100</CX>
      <CY>20</CY>
    </Size>
    <AlignCenter>False</AlignCenter>
    <Location>
      <X>150</X>
      <Y>225</Y>
    </Location>
  </Label>
  <Label item="Haste_Label">
    <ScreenID>Haste_Label</ScreenID>
    <Font>3</Font>
    <Text>Haste</Text>
    <TextColor>
      <R>255</R>
      <G>255</G>
      <B>255</B>
    </TextColor>
    <Size>
      <CX>100</CX>
      <CY>20</CY>
    </Size>
    <AlignCenter>False</AlignCenter>
    <Location>
      <X>15</X>
      <Y>255</Y>
    </Location>
  </Label>
  <Label item="Accuracy_Label">
    <ScreenID>Accuracy_Label</ScreenID>
    <Font>3</Font>
    <Text>Accuracy</Text>
    <TextColor>
      <R>255</R>
      <G>255</G>
      <B>255</B>
    </TextColor>
    <Size>
      <CX>100</CX>
      <CY>20</CY>
    </Size>
    <AlignCenter>False</AlignCenter>
    <Location>
      <X>15</X>
      <Y>240</Y>
    </Location>
  </Label>
  <Label item="Attack_Label">
    <ScreenID>Attack_Label</ScreenID>
    <Font>3</Font>
    <Text>Attack</Text>
    <TextColor>
      <R>255</R>
      <G>255</G>
      <B>255</B>
    </TextColor>
    <Size>
      <CX>100</CX>
      <CY>20</CY>
    </Size>
    <AlignCenter>False</AlignCenter>
    <Location>
      <X>15</X>
      <Y>225</Y>
    </Location>
    <AutoStretch>False</AutoStretch>
  </Label>
  <Label item="OffenseHeader">
    <ScreenID>OffenseHeader</ScreenID>
    <Font>1</Font>
    <Text>OFFENSE</Text>
    <TextColor>
      <R>255</R>
      <G>255</G>
      <B>255</B>
    </TextColor>
    <Size>
      <CX>100</CX>
      <CY>20</CY>
    </Size>
    <AlignCenter>true</AlignCenter>
    <Location>
      <X>0</X>
      <Y>205</Y>
    </Location>
  </Label>
  <Label item="COR_Label">
    <ScreenID>COR_Label</ScreenID>
    <Font>3</Font>
    <Text>COR Res.</Text>
    <TextColor>
      <R>255</R>
      <G>255</G>
      <B>255</B>
    </TextColor>
    <Size>
      <CX>60</CX>
      <CY>20</CY>
    </Size>
    <AlignCenter>False</AlignCenter>
    <Location>
      <X>150</X>
      <Y>175</Y>
    </Location>
    <AlignRight>True</AlignRight>
  </Label>
  <Label item="DIS_Label">
    <ScreenID>DIS_Label</ScreenID>
    <Font>3</Font>
    <Text>DIS Res.</Text>
    <TextColor>
      <R>255</R>
      <G>255</G>
      <B>255</B>
    </TextColor>
    <Size>
      <CX>60</CX>
      <CY>20</CY>
    </Size>
    <AlignCenter>False</AlignCenter>
    <Location>
      <X>150</X>
      <Y>160</Y>
    </Location>
    <AlignRight>True</AlignRight>
  </Label>
  <Label item="PSN_Label">
    <ScreenID>PSN_Label</ScreenID>
    <Font>3</Font>
    <Text>PSN Res.</Text>
    <TextColor>
      <R>255</R>
      <G>255</G>
      <B>255</B>
    </TextColor>
    <Size>
      <CX>60</CX>
      <CY>20</CY>
    </Size>
    <AlignCenter>False</AlignCenter>
    <Location>
      <X>150</X>
      <Y>145</Y>
    </Location>
    <AlignRight>True</AlignRight>
  </Label>
  <Label item="CLD_Label">
    <ScreenID>CLD_Label</ScreenID>
    <Font>3</Font>
    <Text>CLD Res.</Text>
    <TextColor>
      <R>255</R>
      <G>255</G>
      <B>255</B>
    </TextColor>
    <Size>
      <CX>60</CX>
      <CY>20</CY>
    </Size>
    <AlignCenter>False</AlignCenter>
    <Location>
      <X>150</X>
      <Y>130</Y>
    </Location>
    <AlignRight>True</AlignRight>
  </Label>
  <Label item="FRE_Label">
    <ScreenID>FRE_Label</ScreenID>
    <Font>3</Font>
    <Text>FRE Res.</Text>
    <TextColor>
      <R>255</R>
      <G>255</G>
      <B>255</B>
    </TextColor>
    <Size>
      <CX>60</CX>
      <CY>20</CY>
    </Size>
    <AlignCenter>False</AlignCenter>
    <Location>
      <X>150</X>
      <Y>115</Y>
    </Location>
    <AlignRight>True</AlignRight>
  </Label>
  <Label item="MAG_Label">
    <ScreenID>MAG_Label</ScreenID>
    <Font>3</Font>
    <Text>MAG Res.</Text>
    <TextColor>
      <R>255</R>
      <G>255</G>
      <B>255</B>
    </TextColor>
    <Size>
      <CX>60</CX>
      <CY>20</CY>
    </Size>
    <AlignCenter>False</AlignCenter>
    <Location>
      <X>150</X>
      <Y>100</Y>
    </Location>
    <AlignRight>True</AlignRight>
  </Label>
  <Label item="DefensesHeader">
    <ScreenID>DefensesHeader</ScreenID>
    <Font>1</Font>
    <Text>DEFENSE</Text>
    <TextColor>
      <R>255</R>
      <G>255</G>
      <B>255</B>
    </TextColor>
    <Size>
      <CX>100</CX>
      <CY>20</CY>
    </Size>
    <AlignCenter>true</AlignCenter>
    <Location>
      <X>200</X>
      <Y>65</Y>
    </Location>
  </Label>
  <Label item="AC_Number">
    <ScreenID>AC_Number</ScreenID>
    <Font>3</Font>
    <Text>999</Text>
    <TextColor>
      <R>255</R>
      <G>255</G>
      <B>255</B>
    </TextColor>
    <Size>
      <CX>50</CX>
      <CY>20</CY>
    </Size>
    <AlignCenter>false</AlignCenter>
	<AlignRight>True</AlignRight>
    <Location>
      <X>243</X>
      <Y>85</Y>
    </Location>
    <AlignRight>False</AlignRight>
	<EQType>22</EQType>
  </Label>
  <Label item="AC_Label">
    <ScreenID>AC_Label</ScreenID>
    <Font>3</Font>
    <Text>AC</Text>
    <TextColor>
      <R>40</R>
      <G>250</G>
      <B>150</B>
    </TextColor>
    <Size>
      <CX>50</CX>
      <CY>20</CY>
    </Size>
    <AlignCenter>true</AlignCenter>
    <Location>
      <X>175</X>
      <Y>85</Y>
    </Location>
  </Label>
  <Label item="CoreStatsHeader">
    <ScreenID>CoreStatsHeader</ScreenID>
    <Font>1</Font>
    <Text>CORE STATS</Text>
    <TextColor>
      <R>255</R>
      <G>255</G>
      <B>255</B>
    </TextColor>
    <Size>
      <CX>100</CX>
      <CY>20</CY>
    </Size>
    <AlignCenter>true</AlignCenter>
    <Location>
      <X>0</X>
      <Y>65</Y>
    </Location>
  </Label>
  <Label item="STR_Label">
    <ScreenID>STR_Label</ScreenID>
    <Font>3</Font>
    <Text>STR</Text>
    <TextColor>
      <R>245</R>
      <G>205</G>
      <B>50</B>
    </TextColor>
    <Size>
      <CX>50</CX>
      <CY>20</CY>
    </Size>
    <AlignCenter>true</AlignCenter>
    <Location>
      <X>0</X>
      <Y>85</Y>
    </Location>
  </Label>
  <Label item="STR_Current">
    <ScreenID>STR_Current</ScreenID>
    <Font>3</Font>
    <Text>999</Text>
    <TextColor>
      <R>255</R>
      <G>255</G>
      <B>255</B>
    </TextColor>
    <Size>
      <CX>25</CX>
      <CY>20</CY>
    </Size>
    <AlignCenter>true</AlignCenter>
    <Location>
      <X>50</X>
      <Y>85</Y>
    </Location>
    <EQType>238</EQType>
  </Label>
  <Label item="STR_Divider">
    <ScreenID>STR_Divider</ScreenID>
    <Font>3</Font>
    <Text>/</Text>
    <TextColor>
      <R>255</R>
      <G>255</G>
      <B>255</B>
    </TextColor>
    <Size>
      <CX>10</CX>
      <CY>20</CY>
    </Size>
    <AlignCenter>true</AlignCenter>
    <Location>
      <X>72</X>
      <Y>85</Y>
    </Location>
  </Label>
  <Label item="STR_Cap">
    <ScreenID>STR_Cap</ScreenID>
    <Font>3</Font>
    <Text>999</Text>
    <TextColor>
      <R>255</R>
      <G>255</G>
      <B>255</B>
    </TextColor>
    <Size>
      <CX>25</CX>
      <CY>20</CY>
    </Size>
    <AlignCenter>true</AlignCenter>
    <Location>
      <X>78</X>
      <Y>85</Y>
    </Location>
    <EQType>264</EQType>
  </Label>
  <Label item="STR_Plus">
    <ScreenID>STR_Plus</ScreenID>
    <Font>3</Font>
    <Text>+</Text>
    <TextColor>
      <R>210</R>
      <G>150</G>
      <B>255</B>
    </TextColor>
    <Size>
      <CX>10</CX>
      <CY>20</CY>
    </Size>
    <AlignCenter>true</AlignCenter>
    <Location>
      <X>100</X>
      <Y>85</Y>
    </Location>
  </Label>
  <Label item="STR_HeroicNum">
    <ScreenID>STR_HeroicNum</ScreenID>
    <Font>3</Font>
    <Text>999</Text>
    <TextColor>
      <R>250</R>
      <G>140</G>
      <B>255</B>
    </TextColor>
    <Size>
      <CX>25</CX>
      <CY>20</CY>
    </Size>
    <AlignCenter>false</AlignCenter>
	<AlignRight>true</AlignRight>
    <Location>
      <X>108</X>
      <Y>85</Y>
    </Location>
    <EQType>251</EQType>
  </Label>
  <Label item="STA_Label">
    <ScreenID>STA_Label</ScreenID>
    <Font>3</Font>
    <Text>STA</Text>
    <TextColor>
      <R>245</R>
      <G>205</G>
      <B>50</B>
    </TextColor>
    <Size>
      <CX>50</CX>
      <CY>20</CY>
    </Size>
    <AlignCenter>true</AlignCenter>
    <Location>
      <X>0</X>
      <Y>100</Y>
    </Location>
  </Label>
  <Label item="STA_Current">
    <ScreenID>STA_Current</ScreenID>
    <Font>3</Font>
    <Text>999</Text>
    <TextColor>
      <R>255</R>
      <G>255</G>
      <B>255</B>
    </TextColor>
    <Size>
      <CX>25</CX>
      <CY>20</CY>
    </Size>
    <AlignCenter>true</AlignCenter>
    <Location>
      <X>50</X>
      <Y>100</Y>
    </Location>
    <EQType>239</EQType>
  </Label>
  <Label item="STA_Divider">
    <ScreenID>STA_Divider</ScreenID>
    <Font>3</Font>
    <Text>/</Text>
    <TextColor>
      <R>255</R>
      <G>255</G>
      <B>255</B>
    </TextColor>
    <Size>
      <CX>10</CX>
      <CY>20</CY>
    </Size>
    <AlignCenter>true</AlignCenter>
    <Location>
      <X>72</X>
      <Y>100</Y>
    </Location>
  </Label>
  <Label item="STA_Cap">
    <ScreenID>STA_Cap</ScreenID>
    <Font>3</Font>
    <Text>999</Text>
    <TextColor>
      <R>255</R>
      <G>255</G>
      <B>255</B>
    </TextColor>
    <Size>
      <CX>25</CX>
      <CY>20</CY>
    </Size>
    <AlignCenter>true</AlignCenter>
    <Location>
      <X>78</X>
      <Y>100</Y>
    </Location>
    <EQType>265</EQType>
  </Label>
  <Label item="STA_Plus">
    <ScreenID>STA_Plus</ScreenID>
    <Font>3</Font>
    <Text>+</Text>
    <TextColor>
      <R>210</R>
      <G>150</G>
      <B>255</B>
    </TextColor>
    <Size>
      <CX>10</CX>
      <CY>20</CY>
    </Size>
    <AlignCenter>true</AlignCenter>
    <Location>
      <X>100</X>
      <Y>100</Y>
    </Location>
  </Label>
  <Label item="STA_HeroicNum">
    <ScreenID>STA_HeroicNum</ScreenID>
    <Font>3</Font>
    <Text>999</Text>
    <TextColor>
      <R>250</R>
      <G>140</G>
      <B>255</B>
    </TextColor>
    <Size>
      <CX>25</CX>
      <CY>20</CY>
    </Size>
    <AlignCenter>false</AlignCenter>
	<AlignRight>true</AlignRight>
    <Location>
      <X>108</X>
      <Y>100</Y>
    </Location>
    <EQType>252</EQType>
  </Label>
  <Label item="DEX_Label">
    <ScreenID>DEX_Label</ScreenID>
    <Font>3</Font>
    <Text>DEX</Text>
    <TextColor>
      <R>245</R>
      <G>205</G>
      <B>50</B>
    </TextColor>
    <Size>
      <CX>50</CX>
      <CY>20</CY>
    </Size>
    <AlignCenter>true</AlignCenter>
    <Location>
      <X>0</X>
      <Y>115</Y>
    </Location>
  </Label>
  <Label item="DEX_Current">
    <ScreenID>DEX_Current</ScreenID>
    <Font>3</Font>
    <Text>999</Text>
    <TextColor>
      <R>255</R>
      <G>255</G>
      <B>255</B>
    </TextColor>
    <Size>
      <CX>25</CX>
      <CY>20</CY>
    </Size>
    <AlignCenter>true</AlignCenter>
    <Location>
      <X>50</X>
      <Y>115</Y>
    </Location>
    <EQType>240</EQType>
  </Label>
  <Label item="DEX_Divider">
    <ScreenID>DEX_Divider</ScreenID>
    <Font>3</Font>
    <Text>/</Text>
    <TextColor>
      <R>255</R>
      <G>255</G>
      <B>255</B>
    </TextColor>
    <Size>
      <CX>10</CX>
      <CY>20</CY>
    </Size>
    <AlignCenter>true</AlignCenter>
    <Location>
      <X>72</X>
      <Y>115</Y>
    </Location>
  </Label>
  <Label item="DEX_Cap">
    <ScreenID>DEX_Cap</ScreenID>
    <Font>3</Font>
    <Text>999</Text>
    <TextColor>
      <R>255</R>
      <G>255</G>
      <B>255</B>
    </TextColor>
    <Size>
      <CX>25</CX>
      <CY>20</CY>
    </Size>
    <AlignCenter>true</AlignCenter>
    <Location>
      <X>78</X>
      <Y>115</Y>
    </Location>
    <EQType>266</EQType>
  </Label>
  <Label item="DEX_Plus">
    <ScreenID>DEX_Plus</ScreenID>
    <Font>3</Font>
    <Text>+</Text>
    <TextColor>
      <R>210</R>
      <G>150</G>
      <B>255</B>
    </TextColor>
    <Size>
      <CX>10</CX>
      <CY>20</CY>
    </Size>
    <AlignCenter>true</AlignCenter>
    <Location>
      <X>100</X>
      <Y>115</Y>
    </Location>
  </Label>
  <Label item="DEX_HeroicNum">
    <ScreenID>DEX_HeroicNum</ScreenID>
    <Font>3</Font>
    <Text>999</Text>
    <TextColor>
      <R>250</R>
      <G>140</G>
      <B>255</B>
    </TextColor>
    <Size>
      <CX>25</CX>
      <CY>20</CY>
    </Size>
    <AlignCenter>false</AlignCenter>
	<AlignRight>true</AlignRight>
    <Location>
      <X>108</X>
      <Y>115</Y>
    </Location>
    <EQType>253</EQType>
  </Label>
  <Label item="AGI_Label">
    <ScreenID>AGI_Label</ScreenID>
    <Font>3</Font>
    <Text>AGI</Text>
    <TextColor>
      <R>245</R>
      <G>205</G>
      <B>50</B>
    </TextColor>
    <Size>
      <CX>50</CX>
      <CY>20</CY>
    </Size>
    <AlignCenter>true</AlignCenter>
    <Location>
      <X>0</X>
      <Y>130</Y>
    </Location>
  </Label>
  <Label item="AGI_Current">
    <ScreenID>AGI_Current</ScreenID>
    <Font>3</Font>
    <Text>999</Text>
    <TextColor>
      <R>255</R>
      <G>255</G>
      <B>255</B>
    </TextColor>
    <Size>
      <CX>25</CX>
      <CY>20</CY>
    </Size>
    <AlignCenter>true</AlignCenter>
    <Location>
      <X>50</X>
      <Y>130</Y>
    </Location>
    <EQType>241</EQType>
  </Label>
  <Label item="AGI_Divider">
    <ScreenID>AGI_Divider</ScreenID>
    <Font>3</Font>
    <Text>/</Text>
    <TextColor>
      <R>255</R>
      <G>255</G>
      <B>255</B>
    </TextColor>
    <Size>
      <CX>10</CX>
      <CY>20</CY>
    </Size>
    <AlignCenter>true</AlignCenter>
    <Location>
      <X>72</X>
      <Y>130</Y>
    </Location>
  </Label>
  <Label item="AGI_Cap">
    <ScreenID>AGI_Cap</ScreenID>
    <Font>3</Font>
    <Text>999</Text>
    <TextColor>
      <R>255</R>
      <G>255</G>
      <B>255</B>
    </TextColor>
    <Size>
      <CX>25</CX>
      <CY>20</CY>
    </Size>
    <AlignCenter>true</AlignCenter>
    <Location>
      <X>78</X>
      <Y>130</Y>
    </Location>
    <EQType>267</EQType>
  </Label>
  <Label item="AGI_Plus">
    <ScreenID>AGI_Plus</ScreenID>
    <Font>3</Font>
    <Text>+</Text>
    <TextColor>
      <R>210</R>
      <G>150</G>
      <B>255</B>
    </TextColor>
    <Size>
      <CX>10</CX>
      <CY>20</CY>
    </Size>
    <AlignCenter>true</AlignCenter>
    <Location>
      <X>100</X>
      <Y>130</Y>
    </Location>
  </Label>
  <Label item="AGI_HeroicNum">
    <ScreenID>AGI_HeroicNum</ScreenID>
    <Font>3</Font>
    <Text>999</Text>
    <TextColor>
      <R>250</R>
      <G>140</G>
      <B>255</B>
    </TextColor>
    <Size>
      <CX>25</CX>
      <CY>20</CY>
    </Size>
    <AlignCenter>false</AlignCenter>
	<AlignRight>true</AlignRight>
    <Location>
      <X>108</X>
      <Y>130</Y>
    </Location>
    <EQType>254</EQType>
  </Label>
  <Label item="WIS_Label">
    <ScreenID>WIS_Label</ScreenID>
    <Font>3</Font>
    <Text>WIS</Text>
    <TextColor>
      <R>245</R>
      <G>205</G>
      <B>50</B>
    </TextColor>
    <Size>
      <CX>50</CX>
      <CY>20</CY>
    </Size>
    <AlignCenter>true</AlignCenter>
    <Location>
      <X>0</X>
      <Y>145</Y>
    </Location>
  </Label>
  <Label item="WIS_Current">
    <ScreenID>WIS_Current</ScreenID>
    <Font>3</Font>
    <Text>999</Text>
    <TextColor>
      <R>255</R>
      <G>255</G>
      <B>255</B>
    </TextColor>
    <Size>
      <CX>25</CX>
      <CY>20</CY>
    </Size>
    <AlignCenter>true</AlignCenter>
    <Location>
      <X>50</X>
      <Y>145</Y>
    </Location>
    <EQType>242</EQType>
  </Label>
  <Label item="WIS_Divider">
    <ScreenID>WIS_Divider</ScreenID>
    <Font>3</Font>
    <Text>/</Text>
    <TextColor>
      <R>255</R>
      <G>255</G>
      <B>255</B>
    </TextColor>
    <Size>
      <CX>10</CX>
      <CY>20</CY>
    </Size>
    <AlignCenter>true</AlignCenter>
    <Location>
      <X>72</X>
      <Y>145</Y>
    </Location>
  </Label>
  <Label item="WIS_Cap">
    <ScreenID>WIS_Cap</ScreenID>
    <Font>3</Font>
    <Text>999</Text>
    <TextColor>
      <R>255</R>
      <G>255</G>
      <B>255</B>
    </TextColor>
    <Size>
      <CX>25</CX>
      <CY>20</CY>
    </Size>
    <AlignCenter>true</AlignCenter>
    <Location>
      <X>78</X>
      <Y>145</Y>
    </Location>
    <EQType>268</EQType>
  </Label>
  <Label item="WIS_Plus">
    <ScreenID>WIS_Plus</ScreenID>
    <Font>3</Font>
    <Text>+</Text>
    <TextColor>
      <R>210</R>
      <G>150</G>
      <B>255</B>
    </TextColor>
    <Size>
      <CX>10</CX>
      <CY>20</CY>
    </Size>
    <AlignCenter>true</AlignCenter>
    <Location>
      <X>100</X>
      <Y>145</Y>
    </Location>
  </Label>
  <Label item="WIS_HeroicNum">
    <ScreenID>WIS_HeroicNum</ScreenID>
    <Font>3</Font>
    <Text>999</Text>
    <TextColor>
      <R>250</R>
      <G>140</G>
      <B>255</B>
    </TextColor>
    <Size>
      <CX>25</CX>
      <CY>20</CY>
    </Size>
    <AlignCenter>false</AlignCenter>
	<AlignRight>true</AlignRight>
    <Location>
      <X>108</X>
      <Y>145</Y>
    </Location>
    <EQType>255</EQType>
  </Label>
  <Label item="INT_Label">
    <ScreenID>INT_Label</ScreenID>
    <Font>3</Font>
    <Text>INT</Text>
    <TextColor>
      <R>245</R>
      <G>205</G>
      <B>50</B>
    </TextColor>
    <Size>
      <CX>50</CX>
      <CY>20</CY>
    </Size>
    <AlignCenter>true</AlignCenter>
    <Location>
      <X>0</X>
      <Y>160</Y>
    </Location>
  </Label>
  <Label item="INT_Current">
    <ScreenID>INT_Current</ScreenID>
    <Font>3</Font>
    <Text>999</Text>
    <TextColor>
      <R>255</R>
      <G>255</G>
      <B>255</B>
    </TextColor>
    <Size>
      <CX>25</CX>
      <CY>20</CY>
    </Size>
    <AlignCenter>true</AlignCenter>
    <Location>
      <X>50</X>
      <Y>160</Y>
    </Location>
    <EQType>243</EQType>
  </Label>
  <Label item="INT_Divider">
    <ScreenID>INT_Divider</ScreenID>
    <Font>3</Font>
    <Text>/</Text>
    <TextColor>
      <R>255</R>
      <G>255</G>
      <B>255</B>
    </TextColor>
    <Size>
      <CX>10</CX>
      <CY>20</CY>
    </Size>
    <AlignCenter>true</AlignCenter>
    <Location>
      <X>72</X>
      <Y>160</Y>
    </Location>
  </Label>
  <Label item="INT_Cap">
    <ScreenID>INT_Cap</ScreenID>
    <Font>3</Font>
    <Text>999</Text>
    <TextColor>
      <R>255</R>
      <G>255</G>
      <B>255</B>
    </TextColor>
    <Size>
      <CX>25</CX>
      <CY>20</CY>
    </Size>
    <AlignCenter>true</AlignCenter>
    <Location>
      <X>78</X>
      <Y>160</Y>
    </Location>
    <EQType>269</EQType>
  </Label>
  <Label item="INT_Plus">
    <ScreenID>INT_Plus</ScreenID>
    <Font>3</Font>
    <Text>+</Text>
    <TextColor>
      <R>210</R>
      <G>150</G>
      <B>255</B>
    </TextColor>
    <Size>
      <CX>10</CX>
      <CY>20</CY>
    </Size>
    <AlignCenter>true</AlignCenter>
    <Location>
      <X>100</X>
      <Y>160</Y>
    </Location>
  </Label>
  <Label item="INT_HeroicNum">
    <ScreenID>INT_HeroicNum</ScreenID>
    <Font>3</Font>
    <Text>999</Text>
    <TextColor>
      <R>250</R>
      <G>140</G>
      <B>255</B>
    </TextColor>
    <Size>
      <CX>25</CX>
      <CY>20</CY>
    </Size>
    <AlignCenter>false</AlignCenter>
	<AlignRight>true</AlignRight>
    <Location>
      <X>108</X>
      <Y>160</Y>
    </Location>
    <EQType>256</EQType>
  </Label>
  <Label item="CHA_Label">
    <ScreenID>CHA_Label</ScreenID>
    <Font>3</Font>
    <Text>CHA</Text>
    <TextColor>
      <R>245</R>
      <G>205</G>
      <B>50</B>
    </TextColor>
    <Size>
      <CX>50</CX>
      <CY>20</CY>
    </Size>
    <AlignCenter>true</AlignCenter>
    <Location>
      <X>0</X>
      <Y>175</Y>
    </Location>
  </Label>
  <Label item="CHA_Current">
    <ScreenID>CHA_Current</ScreenID>
    <Font>3</Font>
    <Text>999</Text>
    <TextColor>
      <R>255</R>
      <G>255</G>
      <B>255</B>
    </TextColor>
    <Size>
      <CX>25</CX>
      <CY>20</CY>
    </Size>
    <AlignCenter>true</AlignCenter>
    <Location>
      <X>50</X>
      <Y>175</Y>
    </Location>
    <EQType>244</EQType>
  </Label>
  <Label item="CHA_Divider">
    <ScreenID>CHA_Divider</ScreenID>
    <Font>3</Font>
    <Text>/</Text>
    <TextColor>
      <R>255</R>
      <G>255</G>
      <B>255</B>
    </TextColor>
    <Size>
      <CX>10</CX>
      <CY>20</CY>
    </Size>
    <AlignCenter>true</AlignCenter>
    <Location>
      <X>72</X>
      <Y>175</Y>
    </Location>
  </Label>
  <Label item="CHA_Cap">
    <ScreenID>CHA_Cap</ScreenID>
    <Font>3</Font>
    <Text>999</Text>
    <TextColor>
      <R>255</R>
      <G>255</G>
      <B>255</B>
    </TextColor>
    <Size>
      <CX>25</CX>
      <CY>20</CY>
    </Size>
    <AlignCenter>true</AlignCenter>
    <Location>
      <X>78</X>
      <Y>175</Y>
    </Location>
    <EQType>270</EQType>
  </Label>
  <Label item="CHA_Plus">
    <ScreenID>CHA_Plus</ScreenID>
    <Font>3</Font>
    <Text>+</Text>
    <TextColor>
      <R>210</R>
      <G>150</G>
      <B>255</B>
    </TextColor>
    <Size>
      <CX>10</CX>
      <CY>20</CY>
    </Size>
    <AlignCenter>true</AlignCenter>
    <Location>
      <X>100</X>
      <Y>175</Y>
    </Location>
  </Label>
  <Label item="CHA_HeroicNum">
    <ScreenID>CHA_HeroicNum</ScreenID>
    <Font>3</Font>
    <Text>999</Text>
    <TextColor>
      <R>250</R>
      <G>140</G>
      <B>255</B>
    </TextColor>
    <Size>
      <CX>25</CX>
      <CY>20</CY>
    </Size>
    <AlignCenter>false</AlignCenter>
	<AlignRight>true</AlignRight>
    <Location>
      <X>108</X>
      <Y>175</Y>
    </Location>
    <EQType>257</EQType>
  </Label>
  <Label item="FT_Max">
    <ScreenID>FT_Max</ScreenID>
    <Font>3</Font>
    <Text>9999</Text>
    <TextColor>
      <R>210</R>
      <G>150</G>
      <B>40</B>
    </TextColor>
    <Size>
      <CX>100</CX>
      <CY>20</CY>
    </Size>
    <AlignCenter>true</AlignCenter>
    <Location>
      <X>200</X>
      <Y>25</Y>
    </Location>
    <EQType>127</EQType>
  </Label>
  <Label item="FT_Regen">
    <ScreenID>FT_Regen</ScreenID>
    <Font>3</Font>
    <Text>9999</Text>
    <TextColor>
      <R>210</R>
      <G>150</G>
      <B>40</B>
      <Alpha>150</Alpha>
    </TextColor>
    <Size>
      <CX>100</CX>
      <CY>20</CY>
    </Size>
    <AlignCenter>true</AlignCenter>
    <Location>
      <X>200</X>
      <Y>40</Y>
    </Location>
    <EQType>214</EQType>
  </Label>
  <Label item="MP_Max">
    <ScreenID>MP_Max</ScreenID>
    <Font>3</Font>
    <Text>9999</Text>
    <TextColor>
      <R>0</R>
      <G>190</G>
      <B>250</B>
    </TextColor>
    <Size>
      <CX>100</CX>
      <CY>20</CY>
    </Size>
    <AlignCenter>true</AlignCenter>
    <Location>
      <X>100</X>
      <Y>25</Y>
    </Location>
    <EQType>125</EQType>
  </Label>
  <Label item="MP_Regen">
    <ScreenID>MP_Regen</ScreenID>
    <Font>3</Font>
    <Text>9999</Text>
    <TextColor>
      <R>0</R>
      <G>190</G>
      <B>250</B>
      <Alpha>150</Alpha>
    </TextColor>
    <Size>
      <CX>100</CX>
      <CY>20</CY>
    </Size>
    <AlignCenter>true</AlignCenter>
    <Location>
      <X>100</X>
      <Y>40</Y>
    </Location>
    <EQType>213</EQType>
  </Label>
  <Label item="HP_Max">
    <ScreenID>HP_Max</ScreenID>
    <Font>3</Font>
    <Text>9999</Text>
    <TextColor>
      <R>255</R>
      <G>100</G>
      <B>70</B>
    </TextColor>
    <Size>
      <CX>100</CX>
      <CY>20</CY>
    </Size>
    <AlignCenter>true</AlignCenter>
    <Location>
      <X>0</X>
      <Y>25</Y>
    </Location>
    <EQType>18</EQType>
  </Label>
  <Label item="HP_Regen">
    <ScreenID>HP_Regen</ScreenID>
    <Font>3</Font>
    <Text>9999</Text>
    <TextColor>
      <R>255</R>
      <G>100</G>
      <B>70</B>
      <Alpha>150</Alpha>
    </TextColor>
    <Size>
      <CX>100</CX>
      <CY>20</CY>
    </Size>
    <AlignCenter>true</AlignCenter>
    <Location>
      <X>0</X>
      <Y>40</Y>
    </Location>
    <EQType>212</EQType>
  </Label>
  <Label item="FT_Label">
    <ScreenID>FT_Label</ScreenID>
    <Font>3</Font>
    <Text>Max Fatigue</Text>
    <TextColor>
      <R>255</R>
      <G>255</G>
      <B>255</B>
    </TextColor>
    <Size>
      <CX>100</CX>
      <CY>20</CY>
    </Size>
    <AlignCenter>true</AlignCenter>
    <Location>
      <X>200</X>
      <Y>10</Y>
    </Location>
  </Label>
  <Label item="MP_Label">
    <ScreenID>MP_Label</ScreenID>
    <Font>3</Font>
    <Text>Max Mana</Text>
    <TextColor>
      <R>255</R>
      <G>255</G>
      <B>255</B>
    </TextColor>
    <Size>
      <CX>100</CX>
      <CY>20</CY>
    </Size>
    <AlignCenter>true</AlignCenter>
    <Location>
      <X>100</X>
      <Y>10</Y>
    </Location>
  </Label>
  <Label item="HP_Label">
    <ScreenID>HP_Label</ScreenID>
    <Font>3</Font>
    <Text>Max Health</Text>
    <TextColor>
      <R>255</R>
      <G>255</G>
      <B>255</B>
    </TextColor>
    <Size>
      <CX>100</CX>
      <CY>20</CY>
    </Size>
    <AlignCenter>true</AlignCenter>
    <Location>
      <X>0</X>
      <Y>10</Y>
    </Location>
  </Label>
  <Screen item="MusicPlayerWnd">
    <ScreenID />
    <RelativePosition>false</RelativePosition>
    <Location>
      <X>150</X>
      <Y>75</Y>
    </Location>
    <Size>
      <CX>300</CX>
      <CY>410</CY>
    </Size>
    <Text>Advanced Player Stats</Text>
    <Style_VScroll>false</Style_VScroll>
    <Style_HScroll>false</Style_HScroll>
    <Style_Transparent>false</Style_Transparent>
    <TooltipReference>Advanced Player Stats</TooltipReference>
    <DrawTemplate>WDT_StandardSolid</DrawTemplate>
    <Style_Titlebar>true</Style_Titlebar>
    <Style_Closebox>true</Style_Closebox>
    <Style_Minimizebox>true</Style_Minimizebox>
    <Style_Border>true</Style_Border>
    <Style_Sizable>false</Style_Sizable>
    <Escapable>false</Escapable>
    <Pieces>HP_Label</Pieces>
    <Pieces>MP_Label</Pieces>
    <Pieces>FT_Label</Pieces>
    <Pieces>HP_Max</Pieces>
    <Pieces>MP_Max</Pieces>
    <Pieces>FT_Max</Pieces>
    <Pieces>CoreStatsHeader</Pieces>
    <Pieces>STR_Label</Pieces>
    <Pieces>STR_Current</Pieces>
    <Pieces>STR_Divider</Pieces>
    <Pieces>STR_Cap</Pieces>
    <Pieces>STR_Plus</Pieces>
    <Pieces>STR_HeroicNum</Pieces>
    <Pieces>STA_Label</Pieces>
    <Pieces>STA_Current</Pieces>
    <Pieces>STA_Divider</Pieces>
    <Pieces>STA_Cap</Pieces>
    <Pieces>STA_Plus</Pieces>
    <Pieces>STA_HeroicNum</Pieces>
    <Pieces>DEX_Label</Pieces>
    <Pieces>DEX_Current</Pieces>
    <Pieces>DEX_Divider</Pieces>
    <Pieces>DEX_Cap</Pieces>
    <Pieces>DEX_Plus</Pieces>
    <Pieces>DEX_HeroicNum</Pieces>
    <Pieces>AGI_Label</Pieces>
    <Pieces>AGI_Current</Pieces>
    <Pieces>AGI_Divider</Pieces>
    <Pieces>AGI_Cap</Pieces>
    <Pieces>AGI_Plus</Pieces>
    <Pieces>AGI_HeroicNum</Pieces>
    <Pieces>WIS_Label</Pieces>
    <Pieces>WIS_Current</Pieces>
    <Pieces>WIS_Divider</Pieces>
    <Pieces>WIS_Cap</Pieces>
    <Pieces>WIS_Plus</Pieces>
    <Pieces>WIS_HeroicNum</Pieces>
    <Pieces>INT_Label</Pieces>
    <Pieces>INT_Current</Pieces>
    <Pieces>INT_Divider</Pieces>
    <Pieces>INT_Cap</Pieces>
    <Pieces>INT_Plus</Pieces>
    <Pieces>INT_HeroicNum</Pieces>
    <Pieces>CHA_Label</Pieces>
    <Pieces>CHA_Current</Pieces>
    <Pieces>CHA_Divider</Pieces>
    <Pieces>CHA_Cap</Pieces>
    <Pieces>CHA_Plus</Pieces>
    <Pieces>CHA_HeroicNum</Pieces>
    <Pieces>DefensesHeader</Pieces>
    <Pieces>AC_Label</Pieces>
    <Pieces>AC_Number</Pieces>
    <Pieces>MAG_Label</Pieces>
    <Pieces>FRE_Label</Pieces>
    <Pieces>CLD_Label</Pieces>
    <Pieces>PSN_Label</Pieces>
    <Pieces>DIS_Label</Pieces>
    <Pieces>COR_Label</Pieces>
    <Pieces>OffenseHeader</Pieces>
    <Pieces>Attack_Label</Pieces>
    <Pieces>Accuracy_Label</Pieces>
    <Pieces>Haste_Label</Pieces>
    <Pieces>Avoidance_Label</Pieces>
    <Pieces>Stun_Label</Pieces>
    <Pieces>Strikethrough_Label</Pieces>
    <Pieces>CE_Label</Pieces>
    <Pieces>SpellShield_Label</Pieces>
    <Pieces>MeleeShield_Label</Pieces>
    <Pieces>DoTShield_Label</Pieces>
    <Pieces>DSMit_Label</Pieces>
    <Pieces>MAG_Cap</Pieces>
    <Pieces>FRE_Cap</Pieces>
    <Pieces>CLD_Cap</Pieces>
    <Pieces>PSN_Cap</Pieces>
    <Pieces>DIS_Cap</Pieces>
    <Pieces>COR_Cap</Pieces>
    <Pieces>MAG_Divider</Pieces>
    <Pieces>FRE_Divider</Pieces>
    <Pieces>CLD_Divider</Pieces>
    <Pieces>PSN_Divider</Pieces>
    <Pieces>DIS_Divider</Pieces>
    <Pieces>COR_Divider</Pieces>
    <Pieces>MAG_Current</Pieces>
    <Pieces>FRE_Current</Pieces>
    <Pieces>CLD_Current</Pieces>
    <Pieces>PSN_Current</Pieces>
    <Pieces>DIS_Current</Pieces>
    <Pieces>COR_Current</Pieces>
    <Pieces>HP_Regen</Pieces>
    <Pieces>MP_Regen</Pieces>
    <Pieces>FT_Regen</Pieces>
    <Pieces>Attack_Number</Pieces>
    <Pieces>Accuracy_Number</Pieces>
    <Pieces>Haste_Number</Pieces>
    <Pieces>Strikethrough_Number</Pieces>
    <Pieces>CE_Number</Pieces>
    <Pieces>Avoidance_Number</Pieces>
    <Pieces>StunRes_Number</Pieces>
    <Pieces>SpellShield_Number</Pieces>
    <Pieces>Shielding_Number</Pieces>
    <Pieces>DS_Label</Pieces>
    <Pieces>DS_Number</Pieces>
    <Pieces>DoT_Number</Pieces>
    <Pieces>DSMit_Number</Pieces>
    <Pieces>SpellModHeader</Pieces>
    <Pieces>SpellDamage_Label</Pieces>
    <Pieces>Heal_Label</Pieces>
    <Pieces>Clairvoyance_Label</Pieces>
    <Pieces>SpellDamage_Number</Pieces>
    <Pieces>HealAmount_Number</Pieces>
    <Pieces>Clairvoyance_Number</Pieces>
  </Screen>
</XML>