<?xml version="1.0" encoding="us-ascii"?>
<XML ID="EQInterfaceDefinitionLanguage">
  <Schema xmlns="EverQuestData" xmlns:dt="EverQuestDataTypes" />
  <!-- Textures -->
  <TextureInfo item="btmpkd_bars.tga">
    <Size>
      <CX>256</CX>
      <CY>256</CY>
    </Size>
  </TextureInfo>
  <TextureInfo item="btmpkd_trans.tga">
    <Size>
      <CX>256</CX>
      <CY>256</CY>
    </Size>
  </TextureInfo>
  <TextureInfo item="btmpkd_semitrans.tga">
    <Size>
      <CX>256</CX>
      <CY>256</CY>
    </Size>
  </TextureInfo>
  <TextureInfo item="btmpkd_solid.tga">
    <Size>
      <CX>256</CX>
      <CY>256</CY>
    </Size>
  </TextureInfo>
  <TextureInfo item="spellbookarrow.tga">
    <Size>
      <CX>256</CX>
      <CY>256</CY>
    </Size>
  </TextureInfo>
  <TextureInfo item="spellbookarrowhover.tga">
    <Size>
      <CX>256</CX>
      <CY>256</CY>
    </Size>
  </TextureInfo>
  <TextureInfo item="compass.tga">
    <Size>
      <CX>256</CX>
      <CY>64</CY>
    </Size>
  </TextureInfo>

  <!-- Generic Button -->
  <ButtonDrawTemplate item="BDT_btmpkd">
    <Normal>btmpkdBtn</Normal>
    <Pressed>btmpkdBtnPressed</Pressed>
    <Flyby>btmpkdBtn</Flyby>
    <Disabled>btmpkdBtn</Disabled>
    <PressedFlyby>btmpkdBtn</PressedFlyby>
  </ButtonDrawTemplate>

  <Ui2DAnimation item="btmpkdBtn">
    <Cycle>true</Cycle>
    <Frames>
      <Texture>window_pieces01.tga</Texture>
      <Location>
        <X>241</X>
        <Y>240</Y>
      </Location>
      <Size>
        <CX>3</CX>
        <CY>3</CY>
      </Size>
      <Hotspot>
        <X>0</X>
        <Y>0</Y>
      </Hotspot>
      <Duration>1000</Duration>
    </Frames>
  </Ui2DAnimation>

    <Ui2DAnimation item="btmpkdBtnPressed">
    <Cycle>true</Cycle>
    <Frames>
      <Texture>window_pieces03.tga</Texture>
      <Location>
        <X>246</X>
        <Y>240</Y>
      </Location>
      <Size>
        <CX>3</CX>
        <CY>3</CY>
      </Size>
      <Hotspot>
        <X>0</X>
        <Y>0</Y>
      </Hotspot>
      <Duration>1000</Duration>
    </Frames>
  </Ui2DAnimation>

  <!-- Black Pixel -->
  <Ui2DAnimation item="BlackPixel">
    <Cycle>true</Cycle>
    <Frames>
      <Texture>btmpkd_bars.tga</Texture>
      <Location>
        <X>0</X>
        <Y>0</Y>
      </Location>
      <Size>
        <CX>1</CX>
        <CY>1</CY>
      </Size>
      <Hotspot>
        <X>0</X>
        <Y>0</Y>
      </Hotspot>
      <Duration>1000</Duration>
    </Frames>
  </Ui2DAnimation>
  
  <!-- Hotbar Boxes -->
  <Ui2DAnimation item="A_btmpkdBox">
    <Cycle>true</Cycle>
    <Frames>
      <Texture>btmpkd_bars.tga</Texture>
      <Location>
        <X>224</X>
        <Y>0</Y>
      </Location>
      <Size>
        <CX>32</CX>
        <CY>32</CY>
      </Size>
      <Hotspot>
        <X>0</X>
        <Y>0</Y>
      </Hotspot>
      <Duration>1000</Duration>
    </Frames>
  </Ui2DAnimation>
  
  <!-- Borders -->
  <Ui2DAnimation item="A_btmpkdFrame">
    <Cycle>true</Cycle>
    <Frames>
      <Texture>btmpkd_bars.tga</Texture>
      <Location>
        <X>204</X>
        <Y>30</Y>
      </Location>
      <Size>
        <CX>1</CX>
        <CY>1</CY>
      </Size>
      <Hotspot>
        <X>0</X>
        <Y>0</Y>
      </Hotspot>
      <Duration>1000</Duration>
    </Frames>
  </Ui2DAnimation>

  <Ui2DAnimation item="btmpkd_BorderlessFrame">
    <Cycle>true</Cycle>
    <Frames>
      <Texture>btmpkd_bars.tga</Texture>
      <Location>
        <X>223</X>
        <Y>0</Y>
      </Location>
      <Size>
        <CX>1</CX>
        <CY>1</CY>
      </Size>
      <Hotspot>
        <X>0</X>
        <Y>0</Y>
      </Hotspot>
      <Duration>1000</Duration>
    </Frames>
  </Ui2DAnimation>
  
  <!-- Arrows -->
  <!-- Need to add animation to these -->
  <Ui2DAnimation item="btmpkdUpArrow">
    <Cycle>true</Cycle>
    <Frames>
      <Texture>btmpkd_bars.tga</Texture>
      <Location>
        <X>202</X>
        <Y>18</Y>
      </Location>
      <Size>
        <CX>9</CX>
        <CY>8</CY>
      </Size>
      <Hotspot>
        <X>0</X>
        <Y>0</Y>
      </Hotspot>
      <Duration>1000</Duration>
    </Frames>
  </Ui2DAnimation>
  <Ui2DAnimation item="btmpkdDownArrow">
    <Cycle>true</Cycle>
    <Frames>
      <Texture>btmpkd_bars.tga</Texture>
      <Location>
        <X>213</X>
        <Y>18</Y>
      </Location>
      <Size>
        <CX>9</CX>
        <CY>8</CY>
      </Size>
      <Hotspot>
        <X>0</X>
        <Y>0</Y>
      </Hotspot>
      <Duration>1000</Duration>
    </Frames>
  </Ui2DAnimation>
  <Ui2DAnimation item="btmpkdRightArrow">
    <Cycle>true</Cycle>
    <Frames>
      <Texture>btmpkd_bars.tga</Texture>
      <Location>
        <X>214</X>
        <Y>29</Y>
      </Location>
      <Size>
        <CX>8</CX>
        <CY>9</CY>
      </Size>
      <Hotspot>
        <X>0</X>
        <Y>0</Y>
      </Hotspot>
      <Duration>1000</Duration>
    </Frames>
  </Ui2DAnimation>
  <Ui2DAnimation item="btmpkdLeftArrow">
    <Cycle>true</Cycle>
    <Frames>
      <Texture>btmpkd_bars.tga</Texture>
      <Location>
        <X>214</X>
        <Y>40</Y>
      </Location>
      <Size>
        <CX>8</CX>
        <CY>9</CY>
      </Size>
      <Hotspot>
        <X>0</X>
        <Y>0</Y>
      </Hotspot>
      <Duration>1000</Duration>
    </Frames>
  </Ui2DAnimation>
  
  <Ui2DAnimation item="btmpkdBookBtnV">
    <Cycle>true</Cycle>
    <Frames>
      <Texture>window_pieces01.tga</Texture>
      <Location>
        <X>181</X>
        <Y>61</Y>
      </Location>
      <Size>
        <CX>22</CX>
        <CY>12</CY>
      </Size>
      <Hotspot>
        <X>0</X>
        <Y>0</Y>
      </Hotspot>
      <Duration>1000</Duration>
    </Frames>
  </Ui2DAnimation>
  <Ui2DAnimation item="btmpkdBookBtnH">
    <Cycle>true</Cycle>
    <Frames>
      <Texture>window_pieces01.tga</Texture>
      <Location>
        <X>181</X>
        <Y>73</Y>
      </Location>
      <Size>
        <CX>12</CX>
        <CY>22</CY>
      </Size>
      <Hotspot>
        <X>0</X>
        <Y>0</Y>
      </Hotspot>
      <Duration>1000</Duration>
    </Frames>
  </Ui2DAnimation>
  <Ui2DAnimation item="btmpkdBookBtnPressedV">
    <Cycle>true</Cycle>
    <Frames>
      <Texture>window_pieces01.tga</Texture>
      <Location>
        <X>203</X>
        <Y>61</Y>
      </Location>
      <Size>
        <CX>22</CX>
        <CY>12</CY>
      </Size>
      <Hotspot>
        <X>0</X>
        <Y>0</Y>
      </Hotspot>
      <Duration>1000</Duration>
    </Frames>
  </Ui2DAnimation>
  <Ui2DAnimation item="btmpkdBookBtnPressedH">
    <Cycle>true</Cycle>
    <Frames>
      <Texture>window_pieces01.tga</Texture>
      <Location>
        <X>193</X>
        <Y>73</Y>
      </Location>
      <Size>
        <CX>12</CX>
        <CY>22</CY>
      </Size>
      <Hotspot>
        <X>0</X>
        <Y>0</Y>
      </Hotspot>
      <Duration>1000</Duration>
    </Frames>
  </Ui2DAnimation>
  <ButtonDrawTemplate item="BDT_BookBtnV">
    <Normal>btmpkdBookBtnV</Normal>
    <Pressed>btmpkdBookBtnPressedV</Pressed>
    <Flyby>btmpkdBookBtnV</Flyby>
    <Disabled>btmpkdBookBtnV</Disabled>
    <PressedFlyby>btmpkdBookBtnPressedV</PressedFlyby>
  </ButtonDrawTemplate>
  <ButtonDrawTemplate item="BDT_BookBtnH">
    <Normal>btmpkdBookBtnH</Normal>
    <Pressed>btmpkdBookBtnPressedH</Pressed>
    <Flyby>btmpkdBookBtnH</Flyby>
    <Disabled>btmpkdBookBtnH</Disabled>
    <PressedFlyby>btmpkdBookBtnPressedH</PressedFlyby>
  </ButtonDrawTemplate>
  <Ui2DAnimation item="btmpkdSpellBookPageTurn">
    <Cycle>true</Cycle>
    <Frames>
      <Texture>spellbookarrow.tga</Texture>
      <Location>
        <X>0</X>
        <Y>0</Y>
      </Location>
      <Size>
        <CX>12</CX>
        <CY>512</CY>
      </Size>
      <Hotspot>
        <X>0</X>
        <Y>0</Y>
      </Hotspot>
      <Duration>1000</Duration>
    </Frames>
  </Ui2DAnimation>
  <Ui2DAnimation item="btmpkdSpellBookPageTurnHover">
    <Cycle>true</Cycle>
    <Frames>
      <Texture>spellbookarrowhover.tga</Texture>
      <Location>
        <X>0</X>
        <Y>0</Y>
      </Location>
      <Size>
        <CX>12</CX>
        <CY>512</CY>
      </Size>
      <Hotspot>
        <X>0</X>
        <Y>0</Y>
      </Hotspot>
      <Duration>1000</Duration>
    </Frames>
  </Ui2DAnimation>
  
  <!-- Main Window Title Bars -->
 <!--  <Ui2DAnimation item="SolidTitle">
    <Cycle>true</Cycle>
    <Frames>
      <Texture>btmpkd_bars.tga</Texture>
      <Location>
        <X>45</X>
        <Y>192</Y>
      </Location>
      <Size>
        <CX>4</CX>
        <CY>11</CY>
      </Size>
      <Hotspot>
        <X>0</X>
        <Y>0</Y>
      </Hotspot>
      <Duration>1000</Duration>
    </Frames>
  </Ui2DAnimation>

  <Ui2DAnimation item="GripTitle">
    <Cycle>true</Cycle>
    <Frames>
      <Texture>btmpkd_bars.tga</Texture>
      <Location>
        <X>219</X>
        <Y>0</Y>
      </Location>
      <Size>
        <CX>4</CX>
        <CY>11</CY>
      </Size>
      <Hotspot>
        <X>0</X>
        <Y>0</Y>
      </Hotspot>
      <Duration>1000</Duration>
    </Frames>
  </Ui2DAnimation>
   -->
  <!-- Minimap Button Animations -->
  <!-- Mini Buttons -->
  <Ui2DAnimation item="A_BtnMMRNormal">
    <Cycle>true</Cycle>
    <Frames>
      <Texture>btmpkd_bars.tga</Texture>
      <Location>
        <X>24</X>
        <Y>243</Y>
      </Location>
      <Size>
        <CX>12</CX>
        <CY>12</CY>
      </Size>
      <Hotspot>
        <X>0</X>
        <Y>0</Y>
      </Hotspot>
      <Duration>1000</Duration>
    </Frames>
  </Ui2DAnimation>
  <Ui2DAnimation item="A_BtnMMRPressed">
    <Cycle>true</Cycle>
    <Frames>
      <Texture>btmpkd_bars.tga</Texture>
      <Location>
        <X>24</X>
        <Y>230</Y>
      </Location>
      <Size>
        <CX>12</CX>
        <CY>12</CY>
      </Size>
      <Hotspot>
        <X>0</X>
        <Y>0</Y>
      </Hotspot>
      <Duration>1000</Duration>
    </Frames>
  </Ui2DAnimation>
  <Ui2DAnimation item="A_BtnMMRFlyby">
    <Cycle>true</Cycle>
    <Frames>
      <Texture>btmpkd_bars.tga</Texture>
      <Location>
        <X>24</X>
        <Y>230</Y>
      </Location>
      <Size>
        <CX>12</CX>
        <CY>12</CY>
      </Size>
      <Hotspot>
        <X>0</X>
        <Y>0</Y>
      </Hotspot>
      <Duration>1000</Duration>
    </Frames>
  </Ui2DAnimation>
  <Ui2DAnimation item="A_BtnMMRPressedFlyby">
    <Cycle>true</Cycle>
    <Frames>
      <Texture>btmpkd_bars.tga</Texture>
      <Location>
        <X>24</X>
        <Y>230</Y>
      </Location>
      <Size>
        <CX>12</CX>
        <CY>12</CY>
      </Size>
      <Hotspot>
        <X>0</X>
        <Y>0</Y>
      </Hotspot>
      <Duration>1000</Duration>
    </Frames>
  </Ui2DAnimation>
  <Ui2DAnimation item="A_BtnMMRDisabled">
    <Cycle>true</Cycle>
    <Frames>
      <Texture>window_pieces03.tga</Texture>
      <Location>
        <X>0</X>
        <Y>96</Y>
      </Location>
      <Size>
        <CX>100</CX>
        <CY>24</CY>
      </Size>
      <Hotspot>
        <X>0</X>
        <Y>0</Y>
      </Hotspot>
      <Duration>1000</Duration>
    </Frames>
  </Ui2DAnimation>
  <Ui2DAnimation item="A_BtnMMHNormal">
    <Cycle>true</Cycle>
    <Frames>
      <Texture>btmpkd_bars.tga</Texture>
      <Location>
        <X>11</X>
        <Y>243</Y>
      </Location>
      <Size>
        <CX>12</CX>
        <CY>12</CY>
      </Size>
      <Hotspot>
        <X>0</X>
        <Y>0</Y>
      </Hotspot>
      <Duration>1000</Duration>
    </Frames>
  </Ui2DAnimation>
  <Ui2DAnimation item="A_BtnMMHPressed">
    <Cycle>true</Cycle>
    <Frames>
      <Texture>btmpkd_bars.tga</Texture>
      <Location>
        <X>11</X>
        <Y>230</Y>
      </Location>
      <Size>
        <CX>12</CX>
        <CY>12</CY>
      </Size>
      <Hotspot>
        <X>0</X>
        <Y>0</Y>
      </Hotspot>
      <Duration>1000</Duration>
    </Frames>
  </Ui2DAnimation>
  <Ui2DAnimation item="A_BtnMMHFlyby">
    <Cycle>true</Cycle>
    <Frames>
      <Texture>btmpkd_bars.tga</Texture>
      <Location>
        <X>11</X>
        <Y>230</Y>
      </Location>
      <Size>
        <CX>12</CX>
        <CY>12</CY>
      </Size>
      <Hotspot>
        <X>0</X>
        <Y>0</Y>
      </Hotspot>
      <Duration>1000</Duration>
    </Frames>
  </Ui2DAnimation>
  <Ui2DAnimation item="A_BtnMMHPressedFlyby">
    <Cycle>true</Cycle>
    <Frames>
      <Texture>btmpkd_bars.tga</Texture>
      <Location>
        <X>11</X>
        <Y>230</Y>
      </Location>
      <Size>
        <CX>12</CX>
        <CY>12</CY>
      </Size>
      <Hotspot>
        <X>0</X>
        <Y>0</Y>
      </Hotspot>
      <Duration>1000</Duration>
    </Frames>
  </Ui2DAnimation>
  <Ui2DAnimation item="A_BtnMMHDisabled">
    <Cycle>true</Cycle>
    <Frames>
      <Texture>window_pieces03.tga</Texture>
      <Location>
        <X>0</X>
        <Y>96</Y>
      </Location>
      <Size>
        <CX>100</CX>
        <CY>24</CY>
      </Size>
      <Hotspot>
        <X>0</X>
        <Y>0</Y>
      </Hotspot>
      <Duration>1000</Duration>
    </Frames>
  </Ui2DAnimation>

  <!-- Selector Window Buttons-->
  <Ui2DAnimation item="SEL_BtnNormal">
    <Cycle>true</Cycle>
    <Frames>
      <Texture>btmpkd_bars.tga</Texture>
      <Location>
        <X>182</X>
        <Y>90</Y>
      </Location>
      <Size>
        <CX>20</CX>
        <CY>20</CY>
      </Size>
      <Hotspot>
        <X>0</X>
        <Y>0</Y>
      </Hotspot>
      <Duration>1000</Duration>
    </Frames>
  </Ui2DAnimation>
  <Ui2DAnimation item="SEL_BtnHover">
    <Cycle>true</Cycle>
    <Frames>
      <Texture>btmpkd_bars.tga</Texture>
      <Location>
        <X>182</X>
        <Y>111</Y>
      </Location>
      <Size>
        <CX>20</CX>
        <CY>20</CY>
      </Size>
      <Hotspot>
        <X>0</X>
        <Y>0</Y>
      </Hotspot>
      <Duration>1000</Duration>
    </Frames>
  </Ui2DAnimation>
  <Ui2DAnimation item="SEL_AABtnNormal">
    <Cycle>true</Cycle>
    <Frames>
      <Texture>btmpkd_bars.tga</Texture>
      <Location>
        <X>203</X>
        <Y>111</Y>
      </Location>
      <Size>
        <CX>20</CX>
        <CY>20</CY>
      </Size>
      <Hotspot>
        <X>0</X>
        <Y>0</Y>
      </Hotspot>
      <Duration>1000</Duration>
    </Frames>
  </Ui2DAnimation>
  <Ui2DAnimation item="SEL_AABtnHover">
    <Cycle>true</Cycle>
    <Frames>
      <Texture>btmpkd_bars.tga</Texture>
      <Location>
        <X>203</X>
        <Y>90</Y>
      </Location>
      <Size>
        <CX>20</CX>
        <CY>20</CY>
      </Size>
      <Hotspot>
        <X>0</X>
        <Y>0</Y>
      </Hotspot>
      <Duration>1000</Duration>
    </Frames>
  </Ui2DAnimation>
  
  <!-- Custom Mini Gauge -->
  <!-- Main Gauge -->
  <Ui2DAnimation item="btmpkd_GaugeBackground">
    <Cycle>true</Cycle>
    <Frames>
      <Texture>btmpkd_bars.tga</Texture>
      <Location>
        <X>1</X>
        <Y>0</Y>
      </Location>
      <Size>
        <CX>198</CX>
        <CY>20</CY>
      </Size>
      <Hotspot>
        <X>0</X>
        <Y>0</Y>
      </Hotspot>
      <Duration>1000</Duration>
    </Frames>
  </Ui2DAnimation>
  <Ui2DAnimation item="btmpkd_GaugeFill">
    <Cycle>true</Cycle>
    <Frames>
      <Texture>btmpkd_bars.tga</Texture>
      <Location>
        <X>1</X>
        <Y>20</Y>
      </Location>
      <Size>
        <CX>198</CX>
        <CY>20</CY>
      </Size>
      <Hotspot>
        <X>0</X>
        <Y>0</Y>
      </Hotspot>
      <Duration>1000</Duration>
    </Frames>
  </Ui2DAnimation>
  <Ui2DAnimation item="btmpkd_GaugeEndCapLeft">
    <Cycle>true</Cycle>
    <Frames>
      <Texture>btmpkd_bars.tga</Texture>
      <Location>
        <X>0</X>
        <Y>0</Y>
      </Location>
      <Size>
        <CX>1</CX>
        <CY>20</CY>
      </Size>
      <Hotspot>
        <X>0</X>
        <Y>0</Y>
      </Hotspot>
      <Duration>1000</Duration>
    </Frames>
  </Ui2DAnimation>
  <Ui2DAnimation item="btmpkd_GaugeEndCapRight">
    <Cycle>true</Cycle>
    <Frames>
      <Texture>btmpkd_bars.tga</Texture>
      <Location>
        <X>199</X>
        <Y>0</Y>
      </Location>
      <Size>
        <CX>1</CX>
        <CY>20</CY>
      </Size>
      <Hotspot>
        <X>0</X>
        <Y>0</Y>
      </Hotspot>
      <Duration>1000</Duration>
    </Frames>
  </Ui2DAnimation>
  
  <!-- Small Gauge -->
  <Ui2DAnimation item="btmpkd_GaugeBackgroundSmall">
    <Cycle>true</Cycle>
    <Frames>
      <Texture>btmpkd_bars.tga</Texture>
      <Location>
        <X>1</X>
        <Y>40</Y>
      </Location>
      <Size>
        <CX>198</CX>
        <CY>7</CY>
      </Size>
      <Hotspot>
        <X>0</X>
        <Y>0</Y>
      </Hotspot>
      <Duration>1000</Duration>
    </Frames>
  </Ui2DAnimation>
  <Ui2DAnimation item="btmpkd_GaugeFillSmall">
    <Cycle>true</Cycle>
    <Frames>
      <Texture>btmpkd_bars.tga</Texture>
      <Location>
        <X>1</X>
        <Y>47</Y>
      </Location>
      <Size>
        <CX>198</CX>
        <CY>7</CY>
      </Size>
      <Hotspot>
        <X>0</X>
        <Y>0</Y>
      </Hotspot>
      <Duration>1000</Duration>
    </Frames>
  </Ui2DAnimation>
  <Ui2DAnimation item="btmpkd_GaugeEndCapLeftSmall">
    <Cycle>true</Cycle>
    <Frames>
      <Texture>btmpkd_bars.tga</Texture>
      <Location>
        <X>0</X>
        <Y>40</Y>
      </Location>
      <Size>
        <CX>1</CX>
        <CY>7</CY>
      </Size>
      <Hotspot>
        <X>0</X>
        <Y>0</Y>
      </Hotspot>
      <Duration>1000</Duration>
    </Frames>
  </Ui2DAnimation>
  <Ui2DAnimation item="btmpkd_GaugeEndCapRightSmall">
    <Cycle>true</Cycle>
    <Frames>
      <Texture>btmpkd_bars.tga</Texture>
      <Location>
        <X>199</X>
        <Y>40</Y>
      </Location>
      <Size>
        <CX>1</CX>
        <CY>7</CY>
      </Size>
      <Hotspot>
        <X>0</X>
        <Y>0</Y>
      </Hotspot>
      <Duration>1000</Duration>
    </Frames>
  </Ui2DAnimation>
  
  <!-- Mini Gauge -->
  <Ui2DAnimation item="A_MiniGaugeBackground">
    <Cycle>true</Cycle>
    <Frames>
      <Texture>btmpkd_bars.tga</Texture>
      <Location>
        <X>1</X>
        <Y>54</Y>
      </Location>
      <Size>
        <CX>106</CX>
        <CY>11</CY>
      </Size>
      <Hotspot>
        <X>0</X>
        <Y>0</Y>
      </Hotspot>
      <Duration>1000</Duration>
    </Frames>
  </Ui2DAnimation>
  <Ui2DAnimation item="A_MiniGaugeFill">
    <Cycle>true</Cycle>
    <Frames>
      <Texture>btmpkd_bars.tga</Texture>
      <Location>
        <X>110</X>
        <Y>54</Y>
      </Location>
      <Size>
        <CX>106</CX>
        <CY>11</CY>
      </Size>
      <Hotspot>
        <X>0</X>
        <Y>0</Y>
      </Hotspot>
      <Duration>1000</Duration>
    </Frames>
  </Ui2DAnimation>
  <Ui2DAnimation item="A_MiniGaugeEndCapLeft">
    <Cycle>true</Cycle>
    <Frames>
      <Texture>btmpkd_bars.tga</Texture>
      <Location>
        <X>0</X>
        <Y>54</Y>
      </Location>
      <Size>
        <CX>1</CX>
        <CY>11</CY>
      </Size>
      <Hotspot>
        <X>0</X>
        <Y>0</Y>
      </Hotspot>
      <Duration>1000</Duration>
    </Frames>
  </Ui2DAnimation>
  <Ui2DAnimation item="A_MiniGaugeEndCapRight">
    <Cycle>true</Cycle>
    <Frames>
      <Texture>btmpkd_bars.tga</Texture>
      <Location>
        <X>0</X>
        <Y>54</Y>
      </Location>
      <Size>
        <CX>1</CX>
        <CY>11</CY>
      </Size>
      <Hotspot>
        <X>0</X>
        <Y>0</Y>
      </Hotspot>
      <Duration>1000</Duration>
    </Frames>
  </Ui2DAnimation>
  
  <Ui2DAnimation item="TargetBGGradient">
    <Cycle>true</Cycle>
    <Frames>
      <Texture>btmpkd_bars.tga</Texture>
      <Location>
        <X>0</X>
        <Y>65</Y>
      </Location>
      <Size>
        <CX>200</CX>
        <CY>20</CY>
      </Size>
      <Hotspot>
        <X>0</X>
        <Y>0</Y>
      </Hotspot>
      <Duration>1000</Duration>
    </Frames>
  </Ui2DAnimation>

  <!-- Compass -->
<Ui2DAnimation item="CompassOverlay">
    <Cycle>true</Cycle>
    <Frames>
      <Texture>compass.tga</Texture>
      <Location>
        <X>0</X>
        <Y>24</Y>
      </Location>
      <Size>
        <CX>98</CX>
        <CY>24</CY>
      </Size>
      <Hotspot>
        <X>0</X>
        <Y>0</Y>
      </Hotspot>
      <Duration>1000</Duration>
    </Frames>
  </Ui2DAnimation>
  <Ui2DAnimation item="CompassStrip">
    <Cycle>true</Cycle>
    <Frames>
      <Texture>compass.tga</Texture>
      <Location>
        <X>0</X>
        <Y>0</Y>
      </Location>
      <Size>
        <CX>180</CX>
        <CY>24</CY>
      </Size>
      <Hotspot>
        <X>0</X>
        <Y>0</Y>
      </Hotspot>
      <Duration>1000</Duration>
    </Frames>
  </Ui2DAnimation>
  
  
  <!-- Minimap Button Templates -->
  <ButtonDrawTemplate item="BDT_MiniMapReset">
    <Normal>A_BtnMMRNormal</Normal>
    <Pressed>A_BtnMMRPressed</Pressed>
    <Flyby>A_BtnMMRFlyby</Flyby>
    <Disabled>A_BtnMMRDisabled</Disabled>
    <PressedFlyby>A_BtnMMRPressedFlyby</PressedFlyby>
  </ButtonDrawTemplate>
  <ButtonDrawTemplate item="BDT_MiniHeightFilter">
    <Normal>A_BtnMMHNormal</Normal>
    <Pressed>A_BtnMMHPressed</Pressed>
    <Flyby>A_BtnMMHFlyby</Flyby>
    <Disabled>A_BtnMMHDisabled</Disabled>
    <PressedFlyby>A_BtnMMHPressedFlyby</PressedFlyby>
  </ButtonDrawTemplate>

  <!-- Tab Frames -->
  <FrameTemplate item="StandardTabBorder">
    <TopLeft>btmpkd_BorderlessFrame</TopLeft>
    <Top>btmpkd_BorderlessFrame</Top>
    <TopRight>btmpkd_BorderlessFrame</TopRight>
    <RightTop>btmpkd_BorderlessFrame</RightTop>
    <Right>btmpkd_BorderlessFrame</Right>
    <RightBottom>btmpkd_BorderlessFrame</RightBottom>
    <LeftTop>btmpkd_BorderlessFrame</LeftTop>
    <Left>btmpkd_BorderlessFrame</Left>
    <LeftBottom>btmpkd_BorderlessFrame</LeftBottom>
    <OverlapLeft>0</OverlapLeft>
    <OverlapTop>0</OverlapTop>
    <OverlapRight>0</OverlapRight>
    <OverlapBottom>0</OverlapBottom>
  </FrameTemplate>
  <FrameTemplate item="StandardPageBorder">
    <TopLeft>btmpkd_BorderlessFrame</TopLeft>
    <Top>btmpkd_BorderlessFrame</Top>
    <TopRight>btmpkd_BorderlessFrame</TopRight>
    <RightTop>btmpkd_BorderlessFrame</RightTop>
    <Right>btmpkd_BorderlessFrame</Right>
    <RightBottom>btmpkd_BorderlessFrame</RightBottom>
    <BottomRight>btmpkd_BorderlessFrame</BottomRight>
    <Bottom>btmpkd_BorderlessFrame</Bottom>
    <BottomLeft>btmpkd_BorderlessFrame</BottomLeft>
    <LeftTop>btmpkd_BorderlessFrame</LeftTop>
    <Left>btmpkd_BorderlessFrame</Left>
    <LeftBottom>btmpkd_BorderlessFrame</LeftBottom>
    <OverlapLeft>0</OverlapLeft>
    <OverlapTop>0</OverlapTop>
    <OverlapRight>0</OverlapRight>
    <OverlapBottom>0</OverlapBottom>
  </FrameTemplate>
  
  <!-- Window Draw Templates -->
  <WindowDrawTemplate item="WDT_Standard">
    <Background>btmpkd_semitrans.tga</Background>
    <VSBTemplate>
      <UpButton>
        <Normal>A_VSBUpNormal</Normal>
        <Pressed>A_VSBUpPressed</Pressed>
        <Flyby>A_VSBUpFlyby</Flyby>
        <Disabled>A_VSBUpDisabled</Disabled>
        <PressedFlyby>A_VSBUpPressedFlyby</PressedFlyby>
      </UpButton>
      <DownButton>
        <Normal>A_VSBDownNormal</Normal>
        <Pressed>A_VSBDownPressed</Pressed>
        <Flyby>A_VSBDownFlyby</Flyby>
        <Disabled>A_VSBDownDisabled</Disabled>
        <PressedFlyby>A_VSBDownPressedFlyby</PressedFlyby>
      </DownButton>
      <Thumb>
        <Top>A_VSBThumbTop</Top>
        <Bottom>A_VSBThumbBottom</Bottom>
        <Middle>A_VSBThumbMiddle</Middle>
        <OverlapLeft>0</OverlapLeft>
        <OverlapTop>0</OverlapTop>
        <OverlapRight>0</OverlapRight>
        <OverlapBottom>0</OverlapBottom>
      </Thumb>
      <MiddleTextureInfo>scrollbar_gutter.tga</MiddleTextureInfo>
      <MiddleTint>
        <Alpha>255</Alpha>
        <R>128</R>
        <G>128</G>
        <B>128</B>
      </MiddleTint>
    </VSBTemplate>
    <HSBTemplate>
      <UpButton>
        <Normal>A_HSBLeftNormal</Normal>
        <Pressed>A_HSBLeftPressed</Pressed>
        <Flyby>A_HSBLeftFlyby</Flyby>
        <Disabled>A_HSBLeftDisabled</Disabled>
        <PressedFlyby>A_HSBLeftPressedFlyby</PressedFlyby>
      </UpButton>
      <DownButton>
        <Normal>A_HSBRightNormal</Normal>
        <Pressed>A_HSBRightPressed</Pressed>
        <Flyby>A_HSBRightFlyby</Flyby>
        <Disabled>A_HSBRightDisabled</Disabled>
        <PressedFlyby>A_HSBRightPressedFlyby</PressedFlyby>
      </DownButton>
      <Thumb>
        <Right>A_HSBThumbRight</Right>
        <Left>A_HSBThumbLeft</Left>
        <Middle>A_HSBThumbMiddle</Middle>
        <OverlapLeft>0</OverlapLeft>
        <OverlapTop>0</OverlapTop>
        <OverlapRight>0</OverlapRight>
        <OverlapBottom>0</OverlapBottom>
      </Thumb>
      <MiddleTextureInfo>scrollbar_Hgutter.tga</MiddleTextureInfo>
      <MiddleTint>
        <Alpha>255</Alpha>
        <R>128</R>
        <G>128</G>
        <B>128</B>
      </MiddleTint>
    </HSBTemplate>
    <CloseBox>
      <Normal>A_CloseBtnNormal</Normal>
      <Pressed>A_CloseBtnPressed</Pressed>
      <Flyby>A_CloseBtnFlyby</Flyby>
      <Disabled>A_CloseBtnDisabled</Disabled>
      <PressedFlyby>A_CloseBtnPressedFlyby</PressedFlyby>
    </CloseBox>
    <QMarkBox>
      <Normal>A_QMarkBtnNormal</Normal>
      <Pressed>A_QMarkBtnPressed</Pressed>
      <Flyby>A_QMarkBtnFlyby</Flyby>
      <Disabled>A_QMarkBtnDisabled</Disabled>
      <PressedFlyby>A_QMarkBtnPressedFlyby</PressedFlyby>
    </QMarkBox>
    <MinimizeBox>
      <Normal>A_MinimizeBtnNormal</Normal>
      <Pressed>A_MinimizeBtnPressed</Pressed>
      <Flyby>A_MinimizeBtnFlyby</Flyby>
      <Disabled>A_MinimizeBtnDisabled</Disabled>
      <PressedFlyby>A_MinimizeBtnPressedFlyby</PressedFlyby>
    </MinimizeBox>
    <MaximizeBox>
      <Normal>A_MaximizeBtnNormal</Normal>
      <Pressed>A_MaximizeBtnPressed</Pressed>
      <Flyby>A_MaximizeBtnFlyby</Flyby>
      <Disabled>A_MaximizeBtnDisabled</Disabled>
      <PressedFlyby>A_MaximizeBtnPressedFlyby</PressedFlyby>
    </MaximizeBox>
    <TileBox>
      <Normal>A_TileBtnNormal</Normal>
      <Pressed>A_TileBtnPressed</Pressed>
      <Flyby>A_TileBtnFlyby</Flyby>
      <Disabled>A_TileBtnDisabled</Disabled>
      <PressedFlyby>A_TileBtnPressedFlyby</PressedFlyby>
    </TileBox>
    <Border>
      <TopLeft>A_btmpkdFrame</TopLeft>
      <Top>A_btmpkdFrame</Top>
      <TopRight>A_btmpkdFrame</TopRight>
      <RightTop>A_btmpkdFrame</RightTop>
      <Right>A_btmpkdFrame</Right>
      <RightBottom>A_btmpkdFrame</RightBottom>
      <BottomRight>A_btmpkdFrame</BottomRight>
      <Bottom>A_btmpkdFrame</Bottom>
      <BottomLeft>A_btmpkdFrame</BottomLeft>
      <LeftTop>A_btmpkdFrame</LeftTop>
      <Left>A_btmpkdFrame</Left>
      <LeftBottom>A_btmpkdFrame</LeftBottom>
      <OverlapLeft>0</OverlapLeft>
      <OverlapTop>0</OverlapTop>
      <OverlapRight>0</OverlapRight>
      <OverlapBottom>0</OverlapBottom>
    </Border>
    <Titlebar>
      <Right>SolidTitle</Right>
      <Left>SolidTitle</Left>
      <Middle>SolidTitle</Middle>
      <OverlapLeft>0</OverlapLeft>
      <OverlapTop>0</OverlapTop>
      <OverlapRight>0</OverlapRight>
      <OverlapBottom>0</OverlapBottom>
    </Titlebar>
  </WindowDrawTemplate>
  
  <WindowDrawTemplate item="WDT_StandardSolid">
    <Background>btmpkd_solid.tga</Background>
    <VSBTemplate>
      <UpButton>
        <Normal>A_VSBUpNormal</Normal>
        <Pressed>A_VSBUpPressed</Pressed>
        <Flyby>A_VSBUpFlyby</Flyby>
        <Disabled>A_VSBUpDisabled</Disabled>
        <PressedFlyby>A_VSBUpPressedFlyby</PressedFlyby>
      </UpButton>
      <DownButton>
        <Normal>A_VSBDownNormal</Normal>
        <Pressed>A_VSBDownPressed</Pressed>
        <Flyby>A_VSBDownFlyby</Flyby>
        <Disabled>A_VSBDownDisabled</Disabled>
        <PressedFlyby>A_VSBDownPressedFlyby</PressedFlyby>
      </DownButton>
      <Thumb>
        <Top>A_VSBThumbTop</Top>
        <Bottom>A_VSBThumbBottom</Bottom>
        <Middle>A_VSBThumbMiddle</Middle>
        <OverlapLeft>0</OverlapLeft>
        <OverlapTop>0</OverlapTop>
        <OverlapRight>0</OverlapRight>
        <OverlapBottom>0</OverlapBottom>
      </Thumb>
      <MiddleTextureInfo>scrollbar_gutter.tga</MiddleTextureInfo>
      <MiddleTint>
        <Alpha>255</Alpha>
        <R>128</R>
        <G>128</G>
        <B>128</B>
      </MiddleTint>
    </VSBTemplate>
    <HSBTemplate>
      <UpButton>
        <Normal>A_HSBLeftNormal</Normal>
        <Pressed>A_HSBLeftPressed</Pressed>
        <Flyby>A_HSBLeftFlyby</Flyby>
        <Disabled>A_HSBLeftDisabled</Disabled>
        <PressedFlyby>A_HSBLeftPressedFlyby</PressedFlyby>
      </UpButton>
      <DownButton>
        <Normal>A_HSBRightNormal</Normal>
        <Pressed>A_HSBRightPressed</Pressed>
        <Flyby>A_HSBRightFlyby</Flyby>
        <Disabled>A_HSBRightDisabled</Disabled>
        <PressedFlyby>A_HSBRightPressedFlyby</PressedFlyby>
      </DownButton>
      <Thumb>
        <Right>A_HSBThumbRight</Right>
        <Left>A_HSBThumbLeft</Left>
        <Middle>A_HSBThumbMiddle</Middle>
        <OverlapLeft>0</OverlapLeft>
        <OverlapTop>0</OverlapTop>
        <OverlapRight>0</OverlapRight>
        <OverlapBottom>0</OverlapBottom>
      </Thumb>
      <MiddleTextureInfo>scrollbar_Hgutter.tga</MiddleTextureInfo>
      <MiddleTint>
        <Alpha>255</Alpha>
        <R>128</R>
        <G>128</G>
        <B>128</B>
      </MiddleTint>
    </HSBTemplate>
    <CloseBox>
      <Normal>A_CloseBtnNormal</Normal>
      <Pressed>A_CloseBtnPressed</Pressed>
      <Flyby>A_CloseBtnFlyby</Flyby>
      <Disabled>A_CloseBtnDisabled</Disabled>
      <PressedFlyby>A_CloseBtnPressedFlyby</PressedFlyby>
    </CloseBox>
    <QMarkBox>
      <Normal>A_QMarkBtnNormal</Normal>
      <Pressed>A_QMarkBtnPressed</Pressed>
      <Flyby>A_QMarkBtnFlyby</Flyby>
      <Disabled>A_QMarkBtnDisabled</Disabled>
      <PressedFlyby>A_QMarkBtnPressedFlyby</PressedFlyby>
    </QMarkBox>
    <MinimizeBox>
      <Normal>A_MinimizeBtnNormal</Normal>
      <Pressed>A_MinimizeBtnPressed</Pressed>
      <Flyby>A_MinimizeBtnFlyby</Flyby>
      <Disabled>A_MinimizeBtnDisabled</Disabled>
      <PressedFlyby>A_MinimizeBtnPressedFlyby</PressedFlyby>
    </MinimizeBox>
    <MaximizeBox>
      <Normal>A_MaximizeBtnNormal</Normal>
      <Pressed>A_MaximizeBtnPressed</Pressed>
      <Flyby>A_MaximizeBtnFlyby</Flyby>
      <Disabled>A_MaximizeBtnDisabled</Disabled>
      <PressedFlyby>A_MaximizeBtnPressedFlyby</PressedFlyby>
    </MaximizeBox>
    <TileBox>
      <Normal>A_TileBtnNormal</Normal>
      <Pressed>A_TileBtnPressed</Pressed>
      <Flyby>A_TileBtnFlyby</Flyby>
      <Disabled>A_TileBtnDisabled</Disabled>
      <PressedFlyby>A_TileBtnPressedFlyby</PressedFlyby>
    </TileBox>
    <Border>
      <TopLeft>A_btmpkdFrame</TopLeft>
      <Top>A_btmpkdFrame</Top>
      <TopRight>A_btmpkdFrame</TopRight>
      <RightTop>A_btmpkdFrame</RightTop>
      <Right>A_btmpkdFrame</Right>
      <RightBottom>A_btmpkdFrame</RightBottom>
      <BottomRight>A_btmpkdFrame</BottomRight>
      <Bottom>A_btmpkdFrame</Bottom>
      <BottomLeft>A_btmpkdFrame</BottomLeft>
      <LeftTop>A_btmpkdFrame</LeftTop>
      <Left>A_btmpkdFrame</Left>
      <LeftBottom>A_btmpkdFrame</LeftBottom>
      <OverlapLeft>0</OverlapLeft>
      <OverlapTop>0</OverlapTop>
      <OverlapRight>0</OverlapRight>
      <OverlapBottom>0</OverlapBottom>
    </Border>
    <Titlebar>
      <Right>SolidTitle</Right>
      <Left>SolidTitle</Left>
      <Middle>SolidTitle</Middle>
      <OverlapLeft>0</OverlapLeft>
      <OverlapTop>0</OverlapTop>
      <OverlapRight>0</OverlapRight>
      <OverlapBottom>0</OverlapBottom>
    </Titlebar>
  </WindowDrawTemplate>

  <WindowDrawTemplate item="WDT_SolidNoTitle">
    <Background>btmpkd_solid.tga</Background>
    <VSBTemplate>
      <UpButton>
        <Normal>A_VSBUpNormal</Normal>
        <Pressed>A_VSBUpPressed</Pressed>
        <Flyby>A_VSBUpFlyby</Flyby>
        <Disabled>A_VSBUpDisabled</Disabled>
        <PressedFlyby>A_VSBUpPressedFlyby</PressedFlyby>
      </UpButton>
      <DownButton>
        <Normal>A_VSBDownNormal</Normal>
        <Pressed>A_VSBDownPressed</Pressed>
        <Flyby>A_VSBDownFlyby</Flyby>
        <Disabled>A_VSBDownDisabled</Disabled>
        <PressedFlyby>A_VSBDownPressedFlyby</PressedFlyby>
      </DownButton>
      <Thumb>
        <Top>A_VSBThumbTop</Top>
        <Bottom>A_VSBThumbBottom</Bottom>
        <Middle>A_VSBThumbMiddle</Middle>
        <OverlapLeft>0</OverlapLeft>
        <OverlapTop>0</OverlapTop>
        <OverlapRight>0</OverlapRight>
        <OverlapBottom>0</OverlapBottom>
      </Thumb>
      <MiddleTextureInfo>scrollbar_gutter.tga</MiddleTextureInfo>
      <MiddleTint>
        <Alpha>255</Alpha>
        <R>128</R>
        <G>128</G>
        <B>128</B>
      </MiddleTint>
    </VSBTemplate>
    <HSBTemplate>
      <UpButton>
        <Normal>A_HSBLeftNormal</Normal>
        <Pressed>A_HSBLeftPressed</Pressed>
        <Flyby>A_HSBLeftFlyby</Flyby>
        <Disabled>A_HSBLeftDisabled</Disabled>
        <PressedFlyby>A_HSBLeftPressedFlyby</PressedFlyby>
      </UpButton>
      <DownButton>
        <Normal>A_HSBRightNormal</Normal>
        <Pressed>A_HSBRightPressed</Pressed>
        <Flyby>A_HSBRightFlyby</Flyby>
        <Disabled>A_HSBRightDisabled</Disabled>
        <PressedFlyby>A_HSBRightPressedFlyby</PressedFlyby>
      </DownButton>
      <Thumb>
        <Right>A_HSBThumbRight</Right>
        <Left>A_HSBThumbLeft</Left>
        <Middle>A_HSBThumbMiddle</Middle>
        <OverlapLeft>0</OverlapLeft>
        <OverlapTop>0</OverlapTop>
        <OverlapRight>0</OverlapRight>
        <OverlapBottom>0</OverlapBottom>
      </Thumb>
      <MiddleTextureInfo>scrollbar_Hgutter.tga</MiddleTextureInfo>
      <MiddleTint>
        <Alpha>255</Alpha>
        <R>128</R>
        <G>128</G>
        <B>128</B>
      </MiddleTint>
    </HSBTemplate>
    <CloseBox>
      <Normal>A_CloseBtnNormal</Normal>
      <Pressed>A_CloseBtnPressed</Pressed>
      <Flyby>A_CloseBtnFlyby</Flyby>
      <Disabled>A_CloseBtnDisabled</Disabled>
      <PressedFlyby>A_CloseBtnPressedFlyby</PressedFlyby>
    </CloseBox>
    <QMarkBox>
      <Normal>A_QMarkBtnNormal</Normal>
      <Pressed>A_QMarkBtnPressed</Pressed>
      <Flyby>A_QMarkBtnFlyby</Flyby>
      <Disabled>A_QMarkBtnDisabled</Disabled>
      <PressedFlyby>A_QMarkBtnPressedFlyby</PressedFlyby>
    </QMarkBox>
    <MinimizeBox>
      <Normal>A_MinimizeBtnNormal</Normal>
      <Pressed>A_MinimizeBtnPressed</Pressed>
      <Flyby>A_MinimizeBtnFlyby</Flyby>
      <Disabled>A_MinimizeBtnDisabled</Disabled>
      <PressedFlyby>A_MinimizeBtnPressedFlyby</PressedFlyby>
    </MinimizeBox>
    <MaximizeBox>
      <Normal>A_MaximizeBtnNormal</Normal>
      <Pressed>A_MaximizeBtnPressed</Pressed>
      <Flyby>A_MaximizeBtnFlyby</Flyby>
      <Disabled>A_MaximizeBtnDisabled</Disabled>
      <PressedFlyby>A_MaximizeBtnPressedFlyby</PressedFlyby>
    </MaximizeBox>
    <TileBox>
      <Normal>A_TileBtnNormal</Normal>
      <Pressed>A_TileBtnPressed</Pressed>
      <Flyby>A_TileBtnFlyby</Flyby>
      <Disabled>A_TileBtnDisabled</Disabled>
      <PressedFlyby>A_TileBtnPressedFlyby</PressedFlyby>
    </TileBox>
    <Border>
      <TopLeft>A_btmpkdFrame</TopLeft>
      <Top>A_btmpkdFrame</Top>
      <TopRight>A_btmpkdFrame</TopRight>
      <RightTop>A_btmpkdFrame</RightTop>
      <Right>A_btmpkdFrame</Right>
      <RightBottom>A_btmpkdFrame</RightBottom>
      <BottomRight>A_btmpkdFrame</BottomRight>
      <Bottom>A_btmpkdFrame</Bottom>
      <BottomLeft>A_btmpkdFrame</BottomLeft>
      <LeftTop>A_btmpkdFrame</LeftTop>
      <Left>A_btmpkdFrame</Left>
      <LeftBottom>A_btmpkdFrame</LeftBottom>
      <OverlapLeft>0</OverlapLeft>
      <OverlapTop>0</OverlapTop>
      <OverlapRight>0</OverlapRight>
      <OverlapBottom>0</OverlapBottom>
    </Border>
    <Titlebar>
      <Right>GripTitle</Right>
      <Left>GripTitle</Left>
      <Middle>GripTitle</Middle>
      <OverlapLeft>0</OverlapLeft>
      <OverlapTop>0</OverlapTop>
      <OverlapRight>0</OverlapRight>
      <OverlapBottom>0</OverlapBottom>
    </Titlebar>
  </WindowDrawTemplate>

  <WindowDrawTemplate item="WDT_Borderless">
    <Background>btmpkd_semitrans.tga</Background>
    <VSBTemplate>
      <UpButton>
        <Normal>A_VSBUpNormal</Normal>
        <Pressed>A_VSBUpPressed</Pressed>
        <Flyby>A_VSBUpFlyby</Flyby>
        <Disabled>A_VSBUpDisabled</Disabled>
        <PressedFlyby>A_VSBUpPressedFlyby</PressedFlyby>
      </UpButton>
      <DownButton>
        <Normal>A_VSBDownNormal</Normal>
        <Pressed>A_VSBDownPressed</Pressed>
        <Flyby>A_VSBDownFlyby</Flyby>
        <Disabled>A_VSBDownDisabled</Disabled>
        <PressedFlyby>A_VSBDownPressedFlyby</PressedFlyby>
      </DownButton>
      <Thumb>
        <Top>A_VSBThumbTop</Top>
        <Bottom>A_VSBThumbBottom</Bottom>
        <Middle>A_VSBThumbMiddle</Middle>
        <OverlapLeft>0</OverlapLeft>
        <OverlapTop>0</OverlapTop>
        <OverlapRight>0</OverlapRight>
        <OverlapBottom>0</OverlapBottom>
      </Thumb>
      <MiddleTextureInfo>scrollbar_gutter.tga</MiddleTextureInfo>
      <MiddleTint>
        <Alpha>255</Alpha>
        <R>128</R>
        <G>128</G>
        <B>128</B>
      </MiddleTint>
    </VSBTemplate>
    <HSBTemplate>
      <UpButton>
        <Normal>A_HSBLeftNormal</Normal>
        <Pressed>A_HSBLeftPressed</Pressed>
        <Flyby>A_HSBLeftFlyby</Flyby>
        <Disabled>A_HSBLeftDisabled</Disabled>
        <PressedFlyby>A_HSBLeftPressedFlyby</PressedFlyby>
      </UpButton>
      <DownButton>
        <Normal>A_HSBRightNormal</Normal>
        <Pressed>A_HSBRightPressed</Pressed>
        <Flyby>A_HSBRightFlyby</Flyby>
        <Disabled>A_HSBRightDisabled</Disabled>
        <PressedFlyby>A_HSBRightPressedFlyby</PressedFlyby>
      </DownButton>
      <Thumb>
        <Right>A_HSBThumbRight</Right>
        <Left>A_HSBThumbLeft</Left>
        <Middle>A_HSBThumbMiddle</Middle>
        <OverlapLeft>0</OverlapLeft>
        <OverlapTop>0</OverlapTop>
        <OverlapRight>0</OverlapRight>
        <OverlapBottom>0</OverlapBottom>
      </Thumb>
      <MiddleTextureInfo>scrollbar_Hgutter.tga</MiddleTextureInfo>
      <MiddleTint>
        <Alpha>255</Alpha>
        <R>128</R>
        <G>128</G>
        <B>128</B>
      </MiddleTint>
    </HSBTemplate>
    <CloseBox>
      <Normal>A_CloseBtnNormal</Normal>
      <Pressed>A_CloseBtnPressed</Pressed>
      <Flyby>A_CloseBtnFlyby</Flyby>
      <Disabled>A_CloseBtnDisabled</Disabled>
      <PressedFlyby>A_CloseBtnPressedFlyby</PressedFlyby>
    </CloseBox>
    <QMarkBox>
      <Normal>A_QMarkBtnNormal</Normal>
      <Pressed>A_QMarkBtnPressed</Pressed>
      <Flyby>A_QMarkBtnFlyby</Flyby>
      <Disabled>A_QMarkBtnDisabled</Disabled>
      <PressedFlyby>A_QMarkBtnPressedFlyby</PressedFlyby>
    </QMarkBox>
    <MinimizeBox>
      <Normal>A_MinimizeBtnNormal</Normal>
      <Pressed>A_MinimizeBtnPressed</Pressed>
      <Flyby>A_MinimizeBtnFlyby</Flyby>
      <Disabled>A_MinimizeBtnDisabled</Disabled>
      <PressedFlyby>A_MinimizeBtnPressedFlyby</PressedFlyby>
    </MinimizeBox>
    <MaximizeBox>
      <Normal>A_MaximizeBtnNormal</Normal>
      <Pressed>A_MaximizeBtnPressed</Pressed>
      <Flyby>A_MaximizeBtnFlyby</Flyby>
      <Disabled>A_MaximizeBtnDisabled</Disabled>
      <PressedFlyby>A_MaximizeBtnPressedFlyby</PressedFlyby>
    </MaximizeBox>
    <TileBox>
      <Normal>A_TileBtnNormal</Normal>
      <Pressed>A_TileBtnPressed</Pressed>
      <Flyby>A_TileBtnFlyby</Flyby>
      <Disabled>A_TileBtnDisabled</Disabled>
      <PressedFlyby>A_TileBtnPressedFlyby</PressedFlyby>
    </TileBox>
    <Border>
      <TopLeft>btmpkd_BorderlessFrame</TopLeft>
      <Top>btmpkd_BorderlessFrame</Top>
      <TopRight>btmpkd_BorderlessFrame</TopRight>
      <RightTop>btmpkd_BorderlessFrame</RightTop>
      <Right>btmpkd_BorderlessFrame</Right>
      <RightBottom>btmpkd_BorderlessFrame</RightBottom>
      <BottomRight>btmpkd_BorderlessFrame</BottomRight>
      <Bottom>btmpkd_BorderlessFrame</Bottom>
      <BottomLeft>btmpkd_BorderlessFrame</BottomLeft>
      <LeftTop>btmpkd_BorderlessFrame</LeftTop>
      <Left>btmpkd_BorderlessFrame</Left>
      <LeftBottom>btmpkd_BorderlessFrame</LeftBottom>
      <OverlapLeft>0</OverlapLeft>
      <OverlapTop>0</OverlapTop>
      <OverlapRight>0</OverlapRight>
      <OverlapBottom>0</OverlapBottom>
    </Border>
    <Titlebar>
      <Right>GripTitle</Right>
      <Left>GripTitle</Left>
      <Middle>GripTitle</Middle>
      <OverlapLeft>0</OverlapLeft>
      <OverlapTop>0</OverlapTop>
      <OverlapRight>0</OverlapRight>
      <OverlapBottom>0</OverlapBottom>
    </Titlebar>
  </WindowDrawTemplate>
  
  <WindowDrawTemplate item="WDT_Transparent">
    <Background>btmpkd_trans.tga</Background>
    <VSBTemplate>
      <UpButton>
        <Normal>A_VSBUpNormal</Normal>
        <Pressed>A_VSBUpPressed</Pressed>
        <Flyby>A_VSBUpFlyby</Flyby>
        <Disabled>A_VSBUpDisabled</Disabled>
        <PressedFlyby>A_VSBUpPressedFlyby</PressedFlyby>
      </UpButton>
      <DownButton>
        <Normal>A_VSBDownNormal</Normal>
        <Pressed>A_VSBDownPressed</Pressed>
        <Flyby>A_VSBDownFlyby</Flyby>
        <Disabled>A_VSBDownDisabled</Disabled>
        <PressedFlyby>A_VSBDownPressedFlyby</PressedFlyby>
      </DownButton>
      <Thumb>
        <Top>A_VSBThumbTop</Top>
        <Bottom>A_VSBThumbBottom</Bottom>
        <Middle>A_VSBThumbMiddle</Middle>
        <OverlapLeft>0</OverlapLeft>
        <OverlapTop>0</OverlapTop>
        <OverlapRight>0</OverlapRight>
        <OverlapBottom>0</OverlapBottom>
      </Thumb>
      <MiddleTextureInfo>scrollbar_gutter.tga</MiddleTextureInfo>
      <MiddleTint>
        <Alpha>255</Alpha>
        <R>128</R>
        <G>128</G>
        <B>128</B>
      </MiddleTint>
    </VSBTemplate>
    <HSBTemplate>
      <UpButton>
        <Normal>A_HSBLeftNormal</Normal>
        <Pressed>A_HSBLeftPressed</Pressed>
        <Flyby>A_HSBLeftFlyby</Flyby>
        <Disabled>A_HSBLeftDisabled</Disabled>
        <PressedFlyby>A_HSBLeftPressedFlyby</PressedFlyby>
      </UpButton>
      <DownButton>
        <Normal>A_HSBRightNormal</Normal>
        <Pressed>A_HSBRightPressed</Pressed>
        <Flyby>A_HSBRightFlyby</Flyby>
        <Disabled>A_HSBRightDisabled</Disabled>
        <PressedFlyby>A_HSBRightPressedFlyby</PressedFlyby>
      </DownButton>
      <Thumb>
        <Right>A_HSBThumbRight</Right>
        <Left>A_HSBThumbLeft</Left>
        <Middle>A_HSBThumbMiddle</Middle>
        <OverlapLeft>0</OverlapLeft>
        <OverlapTop>0</OverlapTop>
        <OverlapRight>0</OverlapRight>
        <OverlapBottom>0</OverlapBottom>
      </Thumb>
      <MiddleTextureInfo>scrollbar_Hgutter.tga</MiddleTextureInfo>
      <MiddleTint>
        <Alpha>255</Alpha>
        <R>128</R>
        <G>128</G>
        <B>128</B>
      </MiddleTint>
    </HSBTemplate>
    <CloseBox>
      <Normal>A_CloseBtnNormal</Normal>
      <Pressed>A_CloseBtnPressed</Pressed>
      <Flyby>A_CloseBtnFlyby</Flyby>
      <Disabled>A_CloseBtnDisabled</Disabled>
      <PressedFlyby>A_CloseBtnPressedFlyby</PressedFlyby>
    </CloseBox>
    <QMarkBox>
      <Normal>A_QMarkBtnNormal</Normal>
      <Pressed>A_QMarkBtnPressed</Pressed>
      <Flyby>A_QMarkBtnFlyby</Flyby>
      <Disabled>A_QMarkBtnDisabled</Disabled>
      <PressedFlyby>A_QMarkBtnPressedFlyby</PressedFlyby>
    </QMarkBox>
    <MinimizeBox>
      <Normal>A_MinimizeBtnNormal</Normal>
      <Pressed>A_MinimizeBtnPressed</Pressed>
      <Flyby>A_MinimizeBtnFlyby</Flyby>
      <Disabled>A_MinimizeBtnDisabled</Disabled>
      <PressedFlyby>A_MinimizeBtnPressedFlyby</PressedFlyby>
    </MinimizeBox>
    <MaximizeBox>
      <Normal>A_MaximizeBtnNormal</Normal>
      <Pressed>A_MaximizeBtnPressed</Pressed>
      <Flyby>A_MaximizeBtnFlyby</Flyby>
      <Disabled>A_MaximizeBtnDisabled</Disabled>
      <PressedFlyby>A_MaximizeBtnPressedFlyby</PressedFlyby>
    </MaximizeBox>
    <TileBox>
      <Normal>A_TileBtnNormal</Normal>
      <Pressed>A_TileBtnPressed</Pressed>
      <Flyby>A_TileBtnFlyby</Flyby>
      <Disabled>A_TileBtnDisabled</Disabled>
      <PressedFlyby>A_TileBtnPressedFlyby</PressedFlyby>
    </TileBox>
    <Border>
      <TopLeft>btmpkd_BorderlessFrame</TopLeft>
      <Top>btmpkd_BorderlessFrame</Top>
      <TopRight>btmpkd_BorderlessFrame</TopRight>
      <RightTop>btmpkd_BorderlessFrame</RightTop>
      <Right>btmpkd_BorderlessFrame</Right>
      <RightBottom>btmpkd_BorderlessFrame</RightBottom>
      <BottomRight>btmpkd_BorderlessFrame</BottomRight>
      <Bottom>btmpkd_BorderlessFrame</Bottom>
      <BottomLeft>btmpkd_BorderlessFrame</BottomLeft>
      <LeftTop>btmpkd_BorderlessFrame</LeftTop>
      <Left>btmpkd_BorderlessFrame</Left>
      <LeftBottom>btmpkd_BorderlessFrame</LeftBottom>
      <OverlapLeft>0</OverlapLeft>
      <OverlapTop>0</OverlapTop>
      <OverlapRight>0</OverlapRight>
      <OverlapBottom>0</OverlapBottom>
    </Border>
    <Titlebar>
      <Right>GripTitle</Right>
      <Left>GripTitle</Left>
      <Middle>GripTitle</Middle>
      <OverlapLeft>0</OverlapLeft>
      <OverlapTop>0</OverlapTop>
      <OverlapRight>0</OverlapRight>
      <OverlapBottom>0</OverlapBottom>
    </Titlebar>
  </WindowDrawTemplate>
</XML>