<?xml version="1.0" encoding="us-ascii"?>
<XML ID="EQInterfaceDefinitionLanguage">
	<Schema xmlns="EverQuestData" xmlns:dt="EverQuestDataTypes" />
  <Label item="AMW_AggroTargetNameLabel">
    <ScreenID>AMW_AggroTargetNameLabel</ScreenID>
    <RelativePosition>true</RelativePosition>
    <Text></Text>
    <TextColor>
      <R>255</R>
      <G>255</G>
      <B>255</B>
    </TextColor>
    <NoWrap>true</NoWrap>
    <AlignCenter>true</AlignCenter>
    <Font>2</Font>
    <EQType>302</EQType>
    <AutoStretch>true</AutoStretch>
    <TopAnchorOffset>2</TopAnchorOffset>
    <BottomAnchorOffset>15</BottomAnchorOffset>
    <RightAnchorToLeft>false</RightAnchorToLeft>
    <LeftAnchorOffset>2</LeftAnchorOffset>
    <RightAnchorOffset>2</RightAnchorOffset>
    <Style_Tooltip>false</Style_Tooltip>
  </Label>
	<Gauge item="AMW_AggroGauge">
		<ScreenID>AMW_AggroGauge</ScreenID>
		<TextColor>
			<R>240</R>
			<G>240</G>
			<B>240</B>
		</TextColor>
		<RelativePosition>true</RelativePosition>
		<FillTint>
			<R>220</R>
			<G>0</G>
			<B>0</B>
		</FillTint>
		<EQType>149</EQType>
		<GaugeDrawTemplate>
			<Fill>A_GaugeFill</Fill>
			<EndCapLeft>A_GaugeEndCapLeft</EndCapLeft>
			<EndCapRight>A_GaugeEndCapRight</EndCapRight>
			<Background>A_GaugeBackground</Background>
		</GaugeDrawTemplate>
		<AutoStretch>true</AutoStretch>
		<GaugeOffsetY>0</GaugeOffsetY>
		<TopAnchorOffset>17</TopAnchorOffset>
		<BottomAnchorOffset>37</BottomAnchorOffset>
		<RightAnchorToLeft>false</RightAnchorToLeft>
		<LeftAnchorOffset>0</LeftAnchorOffset>
		<RightAnchorOffset>0</RightAnchorOffset>
	</Gauge>
	<Label item="AMW_AggroGaugeLabel">
		<ScreenID>AMW_AggroGaugeLabel</ScreenID>
		<RelativePosition>true</RelativePosition>
		<Text></Text>
		<TextColor>
			<R>255</R>
			<G>255</G>
			<B>255</B>
		</TextColor>
		<NoWrap>true</NoWrap>
		<AlignCenter>true</AlignCenter>
		<Font>2</Font>
		<EQType>305</EQType>
		<AutoStretch>true</AutoStretch>
		<TopAnchorOffset>20</TopAnchorOffset>
		<BottomAnchorOffset>47</BottomAnchorOffset>
		<RightAnchorToLeft>false</RightAnchorToLeft>
		<Style_Tooltip>false</Style_Tooltip>
	</Label>
	<Label item="AMW_AggroGaugePercLabel">
		<ScreenID>AMW_AggroGaugePercLabel</ScreenID>
		<RelativePosition>true</RelativePosition>
		<Text>%</Text>
		<TextColor>
			<R>255</R>
			<G>255</G>
			<B>255</B>
		</TextColor>
		<NoWrap>true</NoWrap>
		<AlignCenter>true</AlignCenter>
		<Font>2</Font>
		<AutoStretch>true</AutoStretch>
		<TopAnchorOffset>20</TopAnchorOffset>
		<BottomAnchorOffset>47</BottomAnchorOffset>
		<LeftAnchorOffset>25</LeftAnchorOffset>
		<RightAnchorToLeft>false</RightAnchorToLeft>
		<Style_Tooltip>false</Style_Tooltip>
	</Label>
	<Label item="AMW_AggroMostHatedPercLabel">
		<ScreenID>AMW_AggroMostHatedPercLabel</ScreenID>
		<RelativePosition>true</RelativePosition>
		<Location>
			<X>0</X>
			<Y>40</Y>
		</Location>
		<Size>
			<CX>30</CX>
			<CY>22</CY>
		</Size>
		<Text></Text>
		<TextColor>
			<R>255</R>
			<G>255</G>
			<B>255</B>
		</TextColor>
		<EQType>307</EQType>
		<NoWrap>true</NoWrap>
		<AlignCenter>false</AlignCenter>
		<AlignRight>false</AlignRight>
	</Label>
	<Label item="AMW_AggroMostHatedNameLabel">
		<ScreenID>AMW_AggroMostHatedNameLabel</ScreenID>
		<RelativePosition>true</RelativePosition>
		<Location>
			<X>35</X>
			<Y>40</Y>
		</Location>
		<Size>
			<CX>150</CX>
			<CY>22</CY>
		</Size>
		<Text></Text>
		<TextColor>
			<R>255</R>
			<G>255</G>
			<B>255</B>
		</TextColor>
		<EQType>303</EQType>
		<NoWrap>true</NoWrap>
		<AlignCenter>false</AlignCenter>
		<AlignRight>false</AlignRight>
	</Label>
	<Screen item="AggroMeterWnd">
		<RelativePosition>false</RelativePosition>
		<Location>
			<X>150</X>
			<Y>100</Y>
		</Location>
		<Size>
			<CX>220</CX>
			<CY>70</CY>
		</Size>
		<Text>Aggro Meter</Text>
		<Style_VScroll>false</Style_VScroll>
		<Style_AutoVScroll>false</Style_AutoVScroll>
		<Style_Transparent>false</Style_Transparent>
		<Style_Titlebar>false</Style_Titlebar>
		<Style_Closebox>true</Style_Closebox>
		<Style_Minimizebox>false</Style_Minimizebox>
		<Style_Border>true</Style_Border>
		<Style_Sizable>true</Style_Sizable>
		<Style_ClientMovable>true</Style_ClientMovable>
		<Escapable>false</Escapable>
		<DrawTemplate>WDT_RoundedNoTitle</DrawTemplate>
		<Pieces>AMW_AggroTargetNameLabel</Pieces>
		<Pieces>AMW_AggroGauge</Pieces>
		<Pieces>AMW_AggroGaugeLabel</Pieces>
		<Pieces>AMW_AggroGaugePercLabel</Pieces>
		<Pieces>AMW_AggroMostHatedPercLabel</Pieces>
		<Pieces>AMW_AggroMostHatedNameLabel</Pieces>
	</Screen>
</XML>
