<?xml version="1.0" encoding="us-ascii"?>
<XML ID="EQInterfaceDefinitionLanguage">
  <Schema xmlns="EverQuestData" xmlns:dt="EverQuestDataTypes" />
<Label item="PW_PlayerLabel">
  <ScreenID>PlayerLabel</ScreenID>
  <Font>4</Font>
  <Text>Player Weapon Swap Slots:</Text>
  <TextColor>
    <R>255</R>
    <G>255</G>
    <B>255</B>
  </TextColor>
  <Size>
    <CX>238</CX>
    <CY>18</CY>
  </Size>
  <AlignCenter>true</AlignCenter>
  <Location>
    <X>0</X>
    <Y>0</Y>
  </Location>
</Label>
  <InvSlot item="PW_PotionSlot0_Button">
    <ScreenID>PotionSlot0</ScreenID>
    <!--<Font>3</Font>-->
    <RelativePosition>true</RelativePosition>
    <Location>
      <X>0</X>
      <Y>18</Y>
    </Location>
    <Size>
      <CX>34</CX>
      <CY>34</CY>
    </Size>
    <Style_VScroll>false</Style_VScroll>
    <Style_HScroll>false</Style_HScroll>
    <Style_Transparent>false</Style_Transparent>
    <Style_Checkbox>false</Style_Checkbox>
<!--     <ButtonDrawTemplate>
      <Normal>A_RecessedBox</Normal>
    </ButtonDrawTemplate> -->
	<Background>A_InvPrimary</Background>
    <DecalOffset>
      <X>2</X>
      <Y>2</Y>
    </DecalOffset>
    <DecalSize>
      <CX>30</CX>
      <CY>30</CY>
    </DecalSize>
    <Font>2</Font>
    <EQType>inventory/Equip 13</EQType>
  </InvSlot>
<InvSlot item="PW_PotionSlot1_Button">
    <ScreenID>PotionSlot1</ScreenID>
    <RelativePosition>true</RelativePosition>
    <Location>
      <X>34</X>
      <Y>18</Y>
    </Location>
    <Size>
      <CX>34</CX>
      <CY>34</CY>
    </Size>
    <Style_VScroll>false</Style_VScroll>
    <Style_HScroll>false</Style_HScroll>
    <Style_Transparent>false</Style_Transparent>
    <Style_Checkbox>false</Style_Checkbox>
    <RadioGroup />
<!--     <ButtonDrawTemplate>
      <Normal>A_RecessedBox</Normal>
    </ButtonDrawTemplate> -->
	<Background>A_InvSecondary</Background>
    <DecalOffset>
      <X>2</X>
      <Y>2</Y>
    </DecalOffset>
    <DecalSize>
      <CX>30</CX>
      <CY>30</CY>
    </DecalSize>
    <Font>2</Font>
    <EQType>inventory/Equip 14</EQType>
  </InvSlot>
<InvSlot item="PW_PotionSlot2_Button">
    <ScreenID>PotionSlot2</ScreenID>
    <RelativePosition>true</RelativePosition>
    <Location>
      <X>68</X>
      <Y>18</Y>
    </Location>
    <Size>
      <CX>34</CX>
      <CY>34</CY>
    </Size>
    <Style_VScroll>false</Style_VScroll>
    <Style_HScroll>false</Style_HScroll>
    <Style_Transparent>false</Style_Transparent>
    <Style_Checkbox>false</Style_Checkbox>
    <RadioGroup />
<!--     <ButtonDrawTemplate>
      <Normal>A_RecessedBox</Normal>
    </ButtonDrawTemplate> -->
	<Background>A_InvRange</Background>
    <DecalOffset>
      <X>2</X>
      <Y>2</Y>
    </DecalOffset>
    <DecalSize>
      <CX>30</CX>
      <CY>30</CY>
    </DecalSize>
    <Font>2</Font>
    <EQType>inventory/Equip 11</EQType>
  </InvSlot>
  <InvSlot item="PW_PotionSlot3_Button">
    <ScreenID>PotionSlot3</ScreenID>
    <RelativePosition>true</RelativePosition>
    <Location>
      <X>102</X>
      <Y>18</Y>
    </Location>
    <Size>
      <CX>34</CX>
      <CY>34</CY>
    </Size>
    <Style_VScroll>false</Style_VScroll>
    <Style_HScroll>false</Style_HScroll>
    <Style_Transparent>false</Style_Transparent>
    <Style_Checkbox>false</Style_Checkbox>
    <RadioGroup />
<!--     <ButtonDrawTemplate>
      <Normal>A_RecessedBox</Normal>
    </ButtonDrawTemplate> -->
	<Background>A_RecessedBox</Background>
    <DecalOffset>
      <X>2</X>
      <Y>2</Y>
    </DecalOffset>
    <DecalSize>
      <CX>30</CX>
      <CY>30</CY>
    </DecalSize>
    <Font>2</Font>
    <EQType>inventory/Equip 31/0</EQType>
  </InvSlot>
  <InvSlot item="PW_PotionSlot4_Button">
    <ScreenID>PotionSlot4</ScreenID>
    <RelativePosition>true</RelativePosition>
    <Location>
      <X>136</X>
      <Y>18</Y>
    </Location>
    <Size>
      <CX>34</CX>
      <CY>34</CY>
    </Size>
    <Style_VScroll>false</Style_VScroll>
    <Style_HScroll>false</Style_HScroll>
    <Style_Transparent>false</Style_Transparent>
    <Style_Checkbox>false</Style_Checkbox>
    <RadioGroup />
<!--     <ButtonDrawTemplate>
      <Normal>A_RecessedBox</Normal>
    </ButtonDrawTemplate> -->
	<Background>A_RecessedBox</Background>
    <DecalOffset>
      <X>2</X>
      <Y>2</Y>
    </DecalOffset>
    <DecalSize>
      <CX>30</CX>
      <CY>30</CY>
    </DecalSize>
    <Font>2</Font>
		<EQType>inventory/Equip 31/1</EQType>
  </InvSlot>
  <InvSlot item="PW_PotionSlot5_Button">
    <ScreenID>PotionSlot5</ScreenID>
    <RelativePosition>true</RelativePosition>
    <Location>
      <X>170</X>
      <Y>18</Y>
    </Location>
    <Size>
      <CX>34</CX>
      <CY>34</CY>
    </Size>
    <Style_VScroll>false</Style_VScroll>
    <Style_HScroll>false</Style_HScroll>
    <Style_Transparent>false</Style_Transparent>
    <Style_Checkbox>false</Style_Checkbox>
    <RadioGroup />
<!--     <ButtonDrawTemplate>
      <Normal>A_RecessedBox</Normal>
    </ButtonDrawTemplate> -->
	<Background>A_RecessedBox</Background>
    <DecalOffset>
      <X>2</X>
      <Y>2</Y>
    </DecalOffset>
    <DecalSize>
      <CX>30</CX>
      <CY>30</CY>
    </DecalSize>
    <Font>2</Font>
		<EQType>inventory/Equip 31/2</EQType>
  </InvSlot>
    <InvSlot item="PW_PotionSlot6_Button">
    <ScreenID>PotionSlot5</ScreenID>
    <RelativePosition>true</RelativePosition>
    <Location>
      <X>204</X>
      <Y>18</Y>
    </Location>
    <Size>
      <CX>34</CX>
      <CY>34</CY>
    </Size>
    <Style_VScroll>false</Style_VScroll>
    <Style_HScroll>false</Style_HScroll>
    <Style_Transparent>false</Style_Transparent>
    <Style_Checkbox>false</Style_Checkbox>
    <RadioGroup />
<!--     <ButtonDrawTemplate>
      <Normal>A_RecessedBox</Normal>
    </ButtonDrawTemplate> -->
	<Background>A_RecessedBox</Background>
    <DecalOffset>
      <X>2</X>
      <Y>2</Y>
    </DecalOffset>
    <DecalSize>
      <CX>30</CX>
      <CY>30</CY>
    </DecalSize>
    <Font>2</Font>
		<EQType>inventory/Equip 31/3</EQType>
  </InvSlot>
  <Label item="PW_PotionSlot0_Label">
    <ScreenID>PotionSlotLabel0</ScreenID>
    <RelativePosition>true</RelativePosition>
    <Location>
      <X>3</X>
      <Y>18</Y>
    </Location>
    <Size>
      <CX>29</CX>
      <CY>32</CY>
    </Size>
    <Text>0</Text>
    <TextColor>
      <R>255</R>
      <G>255</G>
      <B>255</B>
    </TextColor>
    <NoWrap>true</NoWrap>
    <AlignCenter>false</AlignCenter>
    <AlignRight>false</AlignRight>
    <Style_Tooltip>false</Style_Tooltip>
    <Font>2</Font>
  </Label>
  <Label item="PW_PotionSlot1_Label">
    <ScreenID>PotionSlotLabel1</ScreenID>
    <RelativePosition>true</RelativePosition>
    <Location>
      <X>37</X>
      <Y>18</Y>
    </Location>
    <Size>
      <CX>29</CX>
      <CY>32</CY>
    </Size>
    <Text>0</Text>
    <TextColor>
      <R>255</R>
      <G>255</G>
      <B>255</B>
    </TextColor>
    <NoWrap>true</NoWrap>
    <AlignCenter>false</AlignCenter>
    <AlignRight>false</AlignRight>
    <Style_Tooltip>false</Style_Tooltip>
    <Font>2</Font>
  </Label>
  <Label item="PW_PotionSlot2_Label">
    <ScreenID>PotionSlotLabel2</ScreenID>
    <RelativePosition>true</RelativePosition>
    <Location>
      <X>71</X>
      <Y>18</Y>
    </Location>
    <Size>
      <CX>29</CX>
      <CY>32</CY>
    </Size>
    <Text>0</Text>
    <TextColor>
      <R>255</R>
      <G>255</G>
      <B>255</B>
    </TextColor>
    <NoWrap>true</NoWrap>
    <AlignCenter>false</AlignCenter>
    <AlignRight>false</AlignRight>
    <Style_Tooltip>false</Style_Tooltip>
    <Font>2</Font>
  </Label>
  <Label item="PW_PotionSlot3_Label">
    <ScreenID>PotionSlotLabel3</ScreenID>
    <RelativePosition>true</RelativePosition>
    <Location>
      <X>105</X>
      <Y>18</Y>
    </Location>
    <Size>
      <CX>29</CX>
      <CY>32</CY>
    </Size>
    <Text>0</Text>
    <TextColor>
      <R>255</R>
      <G>255</G>
      <B>255</B>
    </TextColor>
    <NoWrap>true</NoWrap>
    <AlignCenter>false</AlignCenter>
    <AlignRight>false</AlignRight>
    <Style_Tooltip>false</Style_Tooltip>
    <Font>2</Font>
  </Label>
  <Label item="PW_PotionSlot4_Label">
    <ScreenID>PotionSlotLabel4</ScreenID>
    <RelativePosition>true</RelativePosition>
    <Location>
      <X>139</X>
      <Y>18</Y>
    </Location>
    <Size>
      <CX>29</CX>
      <CY>32</CY>
    </Size>
    <Text>0</Text>
    <TextColor>
      <R>255</R>
      <G>255</G>
      <B>255</B>
    </TextColor>
    <NoWrap>true</NoWrap>
    <AlignCenter>false</AlignCenter>
    <AlignRight>false</AlignRight>
    <Style_Tooltip>false</Style_Tooltip>
    <Font>2</Font>
  </Label>
  <Label item="PW_PotionSlot5_Label">
    <ScreenID>PotionSlotLabel5</ScreenID>
    <RelativePosition>true</RelativePosition>
    <Location>
      <X>173</X>
      <Y>18</Y>
    </Location>
    <Size>
      <CX>29</CX>
      <CY>32</CY>
    </Size>
    <Text></Text>
    <TextColor>
      <R>255</R>
      <G>255</G>
      <B>255</B>
    </TextColor>
    <NoWrap>true</NoWrap>
    <AlignCenter>false</AlignCenter>
    <AlignRight>false</AlignRight>
    <Style_Tooltip>false</Style_Tooltip>
    <Font>4</Font>
  </Label>
  <Label item="PW_PotionSlot6_Label">
    <ScreenID>PotionSlotLabel6</ScreenID>
    <RelativePosition>true</RelativePosition>
    <Location>
      <X>207</X>
      <Y>18</Y>
    </Location>
    <Size>
      <CX>29</CX>
      <CY>32</CY>
    </Size>
    <Text></Text>
    <TextColor>
      <R>255</R>
      <G>255</G>
      <B>255</B>
    </TextColor>
    <NoWrap>true</NoWrap>
    <AlignCenter>false</AlignCenter>
    <AlignRight>false</AlignRight>
    <Style_Tooltip>false</Style_Tooltip>
    <Font>4</Font>
  </Label>

<!-- THJ Pet Weapon Swap Section -->
  
  <Label item="PW_PetLabel">
  <ScreenID>PetLabel</ScreenID>
  <Font>4</Font>
  <Text>Pet Weapon Swap Slots:</Text>
  <TextColor>
    <R>255</R>
    <G>255</G>
    <B>255</B>
  </TextColor>
  <Size>
    <CX>238</CX>
    <CY>18</CY>
  </Size>
  <AlignCenter>true</AlignCenter>
  <Location>
    <X>0</X>
    <Y>56</Y>
  </Location>
</Label>
  <InvSlot item="PW_PetPotionSlot0_Button">
    <ScreenID>PetPotionSlot0</ScreenID>
    <!--<Font>3</Font>-->
    <RelativePosition>true</RelativePosition>
    <Location>
      <X>0</X>
      <Y>74</Y>
    </Location>
    <Size>
      <CX>34</CX>
      <CY>34</CY>
    </Size>
    <Style_VScroll>false</Style_VScroll>
    <Style_HScroll>false</Style_HScroll>
    <Style_Transparent>false</Style_Transparent>
    <Style_Checkbox>false</Style_Checkbox>
<!--     <ButtonDrawTemplate>
      <Normal>A_RecessedBox</Normal>
    </ButtonDrawTemplate> -->
	<Background>A_InvPrimary</Background>
    <DecalOffset>
      <X>2</X>
      <Y>2</Y>
    </DecalOffset>
    <DecalSize>
      <CX>30</CX>
      <CY>30</CY>
    </DecalSize>
    <Font>2</Font>
    <EQType>inventory/Equip 32/0</EQType>
  </InvSlot>
<InvSlot item="PW_PetPotionSlot1_Button">
    <ScreenID>PetPotionSlot1</ScreenID>
    <RelativePosition>true</RelativePosition>
    <Location>
      <X>34</X>
      <Y>74</Y>
    </Location>
    <Size>
      <CX>34</CX>
      <CY>34</CY>
    </Size>
    <Style_VScroll>false</Style_VScroll>
    <Style_HScroll>false</Style_HScroll>
    <Style_Transparent>false</Style_Transparent>
    <Style_Checkbox>false</Style_Checkbox>
    <RadioGroup />
<!--     <ButtonDrawTemplate>
      <Normal>A_RecessedBox</Normal>
    </ButtonDrawTemplate> -->
	<Background>A_InvSecondary</Background>
    <DecalOffset>
      <X>2</X>
      <Y>2</Y>
    </DecalOffset>
    <DecalSize>
      <CX>30</CX>
      <CY>30</CY>
    </DecalSize>
    <Font>2</Font>
    <EQType>inventory/Equip 32/1</EQType>
  </InvSlot>
<InvSlot item="PW_PetPotionSlot2_Button">
    <ScreenID>PetPotionSlot2</ScreenID>
    <RelativePosition>true</RelativePosition>
    <Location>
      <X>68</X>
      <Y>74</Y>
    </Location>
    <Size>
      <CX>34</CX>
      <CY>34</CY>
    </Size>
    <Style_VScroll>false</Style_VScroll>
    <Style_HScroll>false</Style_HScroll>
    <Style_Transparent>false</Style_Transparent>
    <Style_Checkbox>false</Style_Checkbox>
    <RadioGroup />
<!--     <ButtonDrawTemplate>
      <Normal>A_RecessedBox</Normal>
    </ButtonDrawTemplate> -->
	<Background>A_RecessedBox</Background>
    <DecalOffset>
      <X>2</X>
      <Y>2</Y>
    </DecalOffset>
    <DecalSize>
      <CX>30</CX>
      <CY>30</CY>
    </DecalSize>
    <Font>2</Font>
    <EQType>inventory/Equip 31/4</EQType>
  </InvSlot>
  <InvSlot item="PW_PetPotionSlot3_Button">
    <ScreenID>PetPotionSlot3</ScreenID>
    <RelativePosition>true</RelativePosition>
    <Location>
      <X>102</X>
      <Y>74</Y>
    </Location>
    <Size>
      <CX>34</CX>
      <CY>34</CY>
    </Size>
    <Style_VScroll>false</Style_VScroll>
    <Style_HScroll>false</Style_HScroll>
    <Style_Transparent>false</Style_Transparent>
    <Style_Checkbox>false</Style_Checkbox>
    <RadioGroup />
<!--     <ButtonDrawTemplate>
      <Normal>A_RecessedBox</Normal>
    </ButtonDrawTemplate> -->
	<Background>A_RecessedBox</Background>
    <DecalOffset>
      <X>2</X>
      <Y>2</Y>
    </DecalOffset>
    <DecalSize>
      <CX>30</CX>
      <CY>30</CY>
    </DecalSize>
    <Font>2</Font>
    <EQType>inventory/Equip 31/5</EQType>
  </InvSlot>
  <InvSlot item="PW_PetPotionSlot4_Button">
    <ScreenID>PetPotionSlot4</ScreenID>
    <RelativePosition>true</RelativePosition>
    <Location>
      <X>136</X>
      <Y>74</Y>
    </Location>
    <Size>
      <CX>34</CX>
      <CY>34</CY>
    </Size>
    <Style_VScroll>false</Style_VScroll>
    <Style_HScroll>false</Style_HScroll>
    <Style_Transparent>false</Style_Transparent>
    <Style_Checkbox>false</Style_Checkbox>
    <RadioGroup />
<!--     <ButtonDrawTemplate>
      <Normal>A_RecessedBox</Normal>
    </ButtonDrawTemplate> -->
	<Background>A_RecessedBox</Background>
    <DecalOffset>
      <X>2</X>
      <Y>2</Y>
    </DecalOffset>
    <DecalSize>
      <CX>30</CX>
      <CY>30</CY>
    </DecalSize>
    <Font>2</Font>
		<EQType>inventory/Equip 31/6</EQType>
  </InvSlot>
  <InvSlot item="PW_PetPotionSlot5_Button">
    <ScreenID>PetPotionSlot5</ScreenID>
    <RelativePosition>true</RelativePosition>
    <Location>
      <X>170</X>
      <Y>74</Y>
    </Location>
    <Size>
      <CX>34</CX>
      <CY>34</CY>
    </Size>
    <Style_VScroll>false</Style_VScroll>
    <Style_HScroll>false</Style_HScroll>
    <Style_Transparent>false</Style_Transparent>
    <Style_Checkbox>false</Style_Checkbox>
    <RadioGroup />
<!--     <ButtonDrawTemplate>
      <Normal>A_RecessedBox</Normal>
    </ButtonDrawTemplate> -->
	<Background>A_RecessedBox</Background>
    <DecalOffset>
      <X>2</X>
      <Y>2</Y>
    </DecalOffset>
    <DecalSize>
      <CX>30</CX>
      <CY>30</CY>
    </DecalSize>
    <Font>2</Font>
		<EQType>inventory/Equip 31/7</EQType>
  </InvSlot>
    <InvSlot item="PW_PetPotionSlot6_Button">
    <ScreenID>PetPotionSlot5</ScreenID>
    <RelativePosition>true</RelativePosition>
    <Location>
      <X>204</X>
      <Y>74</Y>
    </Location>
    <Size>
      <CX>34</CX>
      <CY>34</CY>
    </Size>
    <Style_VScroll>false</Style_VScroll>
    <Style_HScroll>false</Style_HScroll>
    <Style_Transparent>false</Style_Transparent>
    <Style_Checkbox>false</Style_Checkbox>
    <RadioGroup />
<!--     <ButtonDrawTemplate>
      <Normal>A_RecessedBox</Normal>
    </ButtonDrawTemplate> -->
	<Background>A_RecessedBox</Background>
    <DecalOffset>
      <X>2</X>
      <Y>2</Y>
    </DecalOffset>
    <DecalSize>
      <CX>30</CX>
      <CY>30</CY>
    </DecalSize>
    <Font>2</Font>
		<EQType>inventory/Equip 31/8</EQType>
  </InvSlot>
<!--   <Label item="PW_PetPotionSlot0_Label">
    <ScreenID>PetPotionSlotLabel0</ScreenID>
    <RelativePosition>true</RelativePosition>
    <Location>
      <X>3</X>
      <Y>74</Y>
    </Location>
    <Size>
      <CX>29</CX>
      <CY>32</CY>
    </Size>
    <Text>0</Text>
    <TextColor>
      <R>255</R>
      <G>255</G>
      <B>255</B>
    </TextColor>
    <NoWrap>true</NoWrap>
    <AlignCenter>false</AlignCenter>
    <AlignRight>false</AlignRight>
    <Style_Tooltip>false</Style_Tooltip>
    <Font>2</Font>
  </Label>
  <Label item="PW_PetPotionSlot1_Label">
    <ScreenID>PetPotionSlotLabel1</ScreenID>
    <RelativePosition>true</RelativePosition>
    <Location>
      <X>37</X>
      <Y>74</Y>
    </Location>
    <Size>
      <CX>29</CX>
      <CY>32</CY>
    </Size>
    <Text>0</Text>
    <TextColor>
      <R>255</R>
      <G>255</G>
      <B>255</B>
    </TextColor>
    <NoWrap>true</NoWrap>
    <AlignCenter>false</AlignCenter>
    <AlignRight>false</AlignRight>
    <Style_Tooltip>false</Style_Tooltip>
    <Font>2</Font>
  </Label>
  <Label item="PW_PetPotionSlot2_Label">
    <ScreenID>PetPotionSlotLabel2</ScreenID>
    <RelativePosition>true</RelativePosition>
    <Location>
      <X>71</X>
      <Y>74</Y>
    </Location>
    <Size>
      <CX>29</CX>
      <CY>32</CY>
    </Size>
    <Text>0</Text>
    <TextColor>
      <R>255</R>
      <G>255</G>
      <B>255</B>
    </TextColor>
    <NoWrap>true</NoWrap>
    <AlignCenter>false</AlignCenter>
    <AlignRight>false</AlignRight>
    <Style_Tooltip>false</Style_Tooltip>
    <Font>2</Font>
  </Label>
  <Label item="PW_PetPotionSlot3_Label">
    <ScreenID>PetPotionSlotLabel3</ScreenID>
    <RelativePosition>true</RelativePosition>
    <Location>
      <X>105</X>
      <Y>74</Y>
    </Location>
    <Size>
      <CX>29</CX>
      <CY>32</CY>
    </Size>
    <Text>0</Text>
    <TextColor>
      <R>255</R>
      <G>255</G>
      <B>255</B>
    </TextColor>
    <NoWrap>true</NoWrap>
    <AlignCenter>false</AlignCenter>
    <AlignRight>false</AlignRight>
    <Style_Tooltip>false</Style_Tooltip>
    <Font>2</Font>
  </Label>
  <Label item="PW_PetPotionSlot4_Label">
    <ScreenID>PetPotionSlotLabel4</ScreenID>
    <RelativePosition>true</RelativePosition>
    <Location>
      <X>139</X>
      <Y>74</Y>
    </Location>
    <Size>
      <CX>29</CX>
      <CY>32</CY>
    </Size>
    <Text>0</Text>
    <TextColor>
      <R>255</R>
      <G>255</G>
      <B>255</B>
    </TextColor>
    <NoWrap>true</NoWrap>
    <AlignCenter>false</AlignCenter>
    <AlignRight>false</AlignRight>
    <Style_Tooltip>false</Style_Tooltip>
    <Font>2</Font>
  </Label>
  <Label item="PW_PetPotionSlot5_Label">
    <ScreenID>PetPotionSlotLabel5</ScreenID>
    <RelativePosition>true</RelativePosition>
    <Location>
      <X>173</X>
      <Y>74</Y>
    </Location>
    <Size>
      <CX>29</CX>
      <CY>32</CY>
    </Size>
    <Text></Text>
    <TextColor>
      <R>255</R>
      <G>255</G>
      <B>255</B>
    </TextColor>
    <NoWrap>true</NoWrap>
    <AlignCenter>false</AlignCenter>
    <AlignRight>false</AlignRight>
    <Style_Tooltip>false</Style_Tooltip>
    <Font>4</Font>
  </Label>
  <Label item="PW_PetPotionSlot6_Label">
    <ScreenID>PetPotionSlotLabel6</ScreenID>
    <RelativePosition>true</RelativePosition>
    <Location>
      <X>207</X>
      <Y>74</Y>
    </Location>
    <Size>
      <CX>29</CX>
      <CY>32</CY>
    </Size>
    <Text></Text>
    <TextColor>
      <R>255</R>
      <G>255</G>
      <B>255</B>
    </TextColor>
    <NoWrap>true</NoWrap>
    <AlignCenter>false</AlignCenter>
    <AlignRight>false</AlignRight>
    <Style_Tooltip>false</Style_Tooltip>
    <Font>4</Font>
  </Label> -->
  
  <!-- Window Setup -->
  <Screen item="PotionBeltWnd">
    <!--<ScreenID/>-->
    <Text>Potion Belt</Text>
    <RelativePosition>false</RelativePosition>
    <Location>
      <X>200</X>
      <Y>200</Y>
    </Location>
    <Size>
      <CX>240</CX>
      <CY>110</CY>
    </Size>
    <Style_VScroll>false</Style_VScroll>
    <Style_HScroll>false</Style_HScroll>
    <Style_Transparent>false</Style_Transparent>
    <DrawTemplate>WDT_RoundedNoTitle</DrawTemplate>
    <Style_Titlebar>False</Style_Titlebar>
    <Style_Closebox>False</Style_Closebox>
    <Style_Minimizebox>False</Style_Minimizebox>
    <Style_Border>false</Style_Border>
    <Style_Sizable>True</Style_Sizable>
    <Pieces>PW_PlayerLabel</Pieces>
	<Pieces>PW_PotionSlot0_Button</Pieces>
    <Pieces>PW_PotionSlot1_Button</Pieces>
    <Pieces>PW_PotionSlot2_Button</Pieces>
    <Pieces>PW_PotionSlot3_Button</Pieces>
    <Pieces>PW_PotionSlot4_Button</Pieces>
    <Pieces>PW_PotionSlot5_Button</Pieces>
	<Pieces>PW_PotionSlot6_Button</Pieces>
    <Pieces>PW_PotionSlot0_Label</Pieces>
    <Pieces>PW_PotionSlot1_Label</Pieces>
    <Pieces>PW_PotionSlot2_Label</Pieces>
    <Pieces>PW_PotionSlot3_Label</Pieces>
    <Pieces>PW_PotionSlot4_Label</Pieces>
    <Pieces>PW_PotionSlot5_Label</Pieces>
	<Pieces>PW_PotionSlot6_Label</Pieces>
	<Pieces>PW_PetLabel</Pieces>
	<Pieces>PW_PetPotionSlot0_Button</Pieces>
    <Pieces>PW_PetPotionSlot1_Button</Pieces>
    <Pieces>PW_PetPotionSlot2_Button</Pieces>
    <Pieces>PW_PetPotionSlot3_Button</Pieces>
    <Pieces>PW_PetPotionSlot4_Button</Pieces>
    <Pieces>PW_PetPotionSlot5_Button</Pieces>
	<Pieces>PW_PetPotionSlot6_Button</Pieces>
<!--     <Pieces>PW_PetPotionSlot0_Label</Pieces>
    <Pieces>PW_PetPotionSlot1_Label</Pieces>
    <Pieces>PW_PetPotionSlot2_Label</Pieces>
    <Pieces>PW_PetPotionSlot3_Label</Pieces>
    <Pieces>PW_PetPotionSlot4_Label</Pieces>
    <Pieces>PW_PetPotionSlot5_Label</Pieces>
	<Pieces>PW_PetPotionSlot6_Label</Pieces> -->
    <Font>2</Font>
  </Screen>
</XML>
