<?xml version="1.0" encoding="us-ascii"?>
<XML ID="EQInterfaceDefinitionLanguage">
	<Schema xmlns="EverQuestData" xmlns:dt="EverQuestDataTypes"/>

	<Button item="SDBW_Buff0_Button">
		<ScreenID>Buff0</ScreenID>
		<RelativePosition>true</RelativePosition>
		<Location>
			<X>2</X>
			<Y>1</Y>
		</Location>
		<Size>
			<CX>123</CX>
			<CY>16</CY>
		</Size>
		<Template>BDT_BlueBuff</Template>
		<DecalOffset>
			<X>0</X>
			<Y>0</Y>
		</DecalOffset>
		<DecalSize>
			<CX>16</CX>
			<CY>16</CY>
		</DecalSize>
	</Button>
	<Label item="SDBW_Buff0">
		<ScreenID>Buff0Label</ScreenID>
		<EQType>600</EQType>
		<Font>2</Font>
		<RelativePosition>true</RelativePosition>
		<Style_Tooltip>false</Style_Tooltip>
		<Location>
			<X>19</X>
			<Y>2</Y>
		</Location>
		<Size>
			<CX>103</CX>
			<CY>14</CY>
		</Size>
		<Text></Text>
		<TextColor>
			<R>255</R>
			<G>255</G>
			<B>255</B>
		</TextColor>
		<NoWrap>true</NoWrap>
		<AlignCenter>false</AlignCenter>
		<AlignRight>false</AlignRight>
	</Label>

	<Button item="SDBW_Buff1_Button">
		<ScreenID>Buff1</ScreenID>
		<RelativePosition>true</RelativePosition>
		<Location>
			<X>2</X>
			<Y>18</Y>
		</Location>
		<Size>
			<CX>123</CX>
			<CY>16</CY>
		</Size>
		<Template>BDT_BlueBuff</Template>
		<DecalOffset>
			<X>0</X>
			<Y>0</Y>
		</DecalOffset>
		<DecalSize>
			<CX>16</CX>
			<CY>16</CY>
		</DecalSize>
	</Button>
	<Label item="SDBW_Buff1">
		<ScreenID>Buff1Label</ScreenID>
		<EQType>601</EQType>
		<Font>2</Font>
		<RelativePosition>true</RelativePosition>
		<Style_Tooltip>false</Style_Tooltip>
		<Location>
			<X>19</X>
			<Y>19</Y>
		</Location>
		<Size>
			<CX>103</CX>
			<CY>14</CY>
		</Size>
		<Text></Text>
		<TextColor>
			<R>255</R>
			<G>255</G>
			<B>255</B>
		</TextColor>
		<NoWrap>true</NoWrap>
		<AlignCenter>false</AlignCenter>
		<AlignRight>false</AlignRight>
	</Label>

	<Button item="SDBW_Buff2_Button">
		<ScreenID>Buff2</ScreenID>
		<RelativePosition>true</RelativePosition>
		<Location>
			<X>2</X>
			<Y>35</Y>
		</Location>
		<Size>
			<CX>123</CX>
			<CY>16</CY>
		</Size>
           <Template>BDT_BlueBuff</Template>
		<DecalOffset>
			<X>0</X>
			<Y>0</Y>
		</DecalOffset>
		<DecalSize>
			<CX>16</CX>
			<CY>16</CY>
		</DecalSize>
	</Button>
	<Label item="SDBW_Buff2">
		<ScreenID>Buff2Label</ScreenID>
		<EQType>602</EQType>
		<Font>2</Font>
		<RelativePosition>true</RelativePosition>
		<Style_Tooltip>false</Style_Tooltip>
		<Location>
			<X>19</X>
			<Y>36</Y>
		</Location>
		<Size>
			<CX>103</CX>
			<CY>14</CY>
		</Size>
		<Text></Text>
		<TextColor>
			<R>255</R>
			<G>255</G>
			<B>255</B>
		</TextColor>
		<NoWrap>true</NoWrap>
		<AlignCenter>false</AlignCenter>
		<AlignRight>false</AlignRight>
	</Label>

	<Button item="SDBW_Buff3_Button">
		<ScreenID>Buff3</ScreenID>
		<RelativePosition>true</RelativePosition>
		<Location>
			<X>2</X>
			<Y>52</Y>
		</Location>
		<Size>
			<CX>123</CX>
			<CY>16</CY>
		</Size>
		<Template>BDT_BlueBuff</Template>
		<DecalOffset>
			<X>0</X>
			<Y>0</Y>
		</DecalOffset>
		<DecalSize>
			<CX>16</CX>
			<CY>16</CY>
		</DecalSize>
	</Button>
	<Label item="SDBW_Buff3">
		<ScreenID>Buff3Label</ScreenID>
		<EQType>603</EQType>
		<Font>2</Font>
		<RelativePosition>true</RelativePosition>
		<Style_Tooltip>false</Style_Tooltip>
		<Location>
			<X>19</X>
			<Y>53</Y>
		</Location>
		<Size>
			<CX>103</CX>
			<CY>14</CY>
		</Size>
		<Text></Text>
		<TextColor>
			<R>255</R>
			<G>255</G>
			<B>255</B>
		</TextColor>
		<NoWrap>true</NoWrap>
		<AlignCenter>false</AlignCenter>
		<AlignRight>false</AlignRight>
	</Label>

	<Button item="SDBW_Buff4_Button">
		<ScreenID>Buff4</ScreenID>
		<RelativePosition>true</RelativePosition>
		<Location>
			<X>2</X>
			<Y>69</Y>
		</Location>
		<Size>
			<CX>123</CX>
			<CY>16</CY>
		</Size>
		<Template>BDT_BlueBuff</Template>
		<DecalOffset>
			<X>0</X>
			<Y>0</Y>
		</DecalOffset>
		<DecalSize>
			<CX>16</CX>
			<CY>16</CY>
		</DecalSize>
	</Button>
	<Label item="SDBW_Buff4">
		<ScreenID>Buff4Label</ScreenID>
		<EQType>604</EQType>
		<Font>2</Font>
		<RelativePosition>true</RelativePosition>
		<Style_Tooltip>false</Style_Tooltip>
		<Location>
			<X>19</X>
			<Y>70</Y>
		</Location>
		<Size>
			<CX>103</CX>
			<CY>14</CY>
		</Size>
		<Text></Text>
		<TextColor>
			<R>255</R>
			<G>255</G>
			<B>255</B>
		</TextColor>
		<NoWrap>true</NoWrap>
		<AlignCenter>false</AlignCenter>
		<AlignRight>false</AlignRight>
	</Label>

	<Button item="SDBW_Buff5_Button">
		<ScreenID>Buff5</ScreenID>
		<RelativePosition>true</RelativePosition>
		<Location>
			<X>2</X>
			<Y>86</Y>
		</Location>
		<Size>
			<CX>123</CX>
			<CY>16</CY>
		</Size>
		<Template>BDT_BlueBuff</Template>
		<DecalOffset>
			<X>0</X>
			<Y>0</Y>
		</DecalOffset>
		<DecalSize>
			<CX>16</CX>
			<CY>16</CY>
		</DecalSize>
	</Button>
	<Label item="SDBW_Buff5">
		<ScreenID>Buff5Label</ScreenID>
		<EQType>605</EQType>
		<Font>2</Font>
		<RelativePosition>true</RelativePosition>
		<Style_Tooltip>false</Style_Tooltip>
		<Location>
			<X>19</X>
			<Y>87</Y>
		</Location>
		<Size>
			<CX>103</CX>
			<CY>14</CY>
		</Size>
		<Text></Text>
		<TextColor>
			<R>255</R>
			<G>255</G>
			<B>255</B>
		</TextColor>
		<NoWrap>true</NoWrap>
		<AlignCenter>false</AlignCenter>
		<AlignRight>false</AlignRight>
	</Label>

	<Button item="SDBW_Buff6_Button">
		<ScreenID>Buff6</ScreenID>
		<RelativePosition>true</RelativePosition>
		<Location>
			<X>2</X>
			<Y>103</Y>
		</Location>
		<Size>
			<CX>123</CX>
			<CY>16</CY>
		</Size>
		<Template>BDT_BlueBuff</Template>
		<DecalOffset>
			<X>0</X>
			<Y>0</Y>
		</DecalOffset>
		<DecalSize>
			<CX>16</CX>
			<CY>16</CY>
		</DecalSize>
	</Button>
	<Label item="SDBW_Buff6">
		<ScreenID>Buff6Label</ScreenID>
		<EQType>606</EQType>
		<Font>2</Font>
		<RelativePosition>true</RelativePosition>
		<Style_Tooltip>false</Style_Tooltip>
		<Location>
			<X>19</X>
			<Y>104</Y>
		</Location>
		<Size>
			<CX>103</CX>
			<CY>14</CY>
		</Size>
		<Text></Text>
		<TextColor>
			<R>255</R>
			<G>255</G>
			<B>255</B>
		</TextColor>
		<NoWrap>true</NoWrap>
		<AlignCenter>false</AlignCenter>
		<AlignRight>false</AlignRight>
	</Label>

	<Button item="SDBW_Buff7_Button">
		<ScreenID>Buff7</ScreenID>
		<RelativePosition>true</RelativePosition>
		<Location>
			<X>2</X>
			<Y>120</Y>
		</Location>
		<Size>
			<CX>123</CX>
			<CY>16</CY>
		</Size>
		<Template>BDT_BlueBuff</Template>
		<DecalOffset>
			<X>0</X>
			<Y>0</Y>
		</DecalOffset>
		<DecalSize>
			<CX>16</CX>
			<CY>16</CY>
		</DecalSize>
	</Button>
	<Label item="SDBW_Buff7">
		<ScreenID>Buff7Label</ScreenID>
		<EQType>607</EQType>
		<Font>2</Font>
		<RelativePosition>true</RelativePosition>
		<Style_Tooltip>false</Style_Tooltip>
		<Location>
			<X>19</X>
			<Y>121</Y>
		</Location>
		<Size>
			<CX>103</CX>
			<CY>14</CY>
		</Size>
		<Text></Text>
		<TextColor>
			<R>255</R>
			<G>255</G>
			<B>255</B>
		</TextColor>
		<NoWrap>true</NoWrap>
		<AlignCenter>false</AlignCenter>
		<AlignRight>false</AlignRight>
	</Label>

	<Button item="SDBW_Buff8_Button">
		<ScreenID>Buff8</ScreenID>
		<RelativePosition>true</RelativePosition>
		<Location>
			<X>2</X>
			<Y>137</Y>
		</Location>
		<Size>
			<CX>123</CX>
			<CY>16</CY>
		</Size>
		<Template>BDT_BlueBuff</Template>
		<DecalOffset>
			<X>0</X>
			<Y>0</Y>
		</DecalOffset>
		<DecalSize>
			<CX>16</CX>
			<CY>16</CY>
		</DecalSize>
	</Button>
	<Label item="SDBW_Buff8">
		<ScreenID>Buff8Label</ScreenID>
		<EQType>608</EQType>
		<Font>2</Font>
		<RelativePosition>true</RelativePosition>
		<Style_Tooltip>false</Style_Tooltip>
		<Location>
			<X>19</X>
			<Y>138</Y>
		</Location>
		<Size>
			<CX>103</CX>
			<CY>14</CY>
		</Size>
		<Text></Text>
		<TextColor>
			<R>255</R>
			<G>255</G>
			<B>255</B>
		</TextColor>
		<NoWrap>true</NoWrap>
		<AlignCenter>false</AlignCenter>
		<AlignRight>false</AlignRight>
	</Label>

	<Button item="SDBW_Buff9_Button">
		<ScreenID>Buff9</ScreenID>
		<RelativePosition>true</RelativePosition>
		<Location>
			<X>2</X>
			<Y>154</Y>
		</Location>
		<Size>
			<CX>123</CX>
			<CY>16</CY>
		</Size>
		<Template>BDT_BlueBuff</Template>
		<DecalOffset>
			<X>0</X>
			<Y>0</Y>
		</DecalOffset>
		<DecalSize>
			<CX>16</CX>
			<CY>16</CY>
		</DecalSize>
	</Button>
	<Label item="SDBW_Buff9">
		<ScreenID>Buff9Label</ScreenID>
		<EQType>609</EQType>
		<Font>2</Font>
		<RelativePosition>true</RelativePosition>
		<Style_Tooltip>false</Style_Tooltip>
		<Location>
			<X>19</X>
			<Y>155</Y>
		</Location>
		<Size>
			<CX>103</CX>
			<CY>14</CY>
		</Size>
		<Text></Text>
		<TextColor>
			<R>255</R>
			<G>255</G>
			<B>255</B>
		</TextColor>
		<NoWrap>true</NoWrap>
		<AlignCenter>false</AlignCenter>
		<AlignRight>false</AlignRight>
	</Label>

	<Button item="SDBW_Buff10_Button">
		<ScreenID>Buff10</ScreenID>
		<RelativePosition>true</RelativePosition>
		<Location>
			<X>2</X>
			<Y>171</Y>
		</Location>
		<Size>
			<CX>123</CX>
			<CY>16</CY>
		</Size>
		<Template>BDT_BlueBuff</Template>
		<DecalOffset>
			<X>0</X>
			<Y>0</Y>
		</DecalOffset>
		<DecalSize>
			<CX>16</CX>
			<CY>16</CY>
		</DecalSize>
	</Button>
	<Label item="SDBW_Buff10">
		<ScreenID>Buff10Label</ScreenID>
		<EQType>610</EQType>
		<Font>2</Font>
		<RelativePosition>true</RelativePosition>
		<Style_Tooltip>false</Style_Tooltip>
		<Location>
			<X>19</X>
			<Y>172</Y>
		</Location>
		<Size>
			<CX>103</CX>
			<CY>14</CY>
		</Size>
		<Text></Text>
		<TextColor>
			<R>255</R>
			<G>255</G>
			<B>255</B>
		</TextColor>
		<NoWrap>true</NoWrap>
		<AlignCenter>false</AlignCenter>
		<AlignRight>false</AlignRight>
	</Label>

	<Button item="SDBW_Buff11_Button">
		<ScreenID>Buff11</ScreenID>
		<RelativePosition>true</RelativePosition>
		<Location>
			<X>2</X>
			<Y>188</Y>
		</Location>
		<Size>
			<CX>123</CX>
			<CY>16</CY>
		</Size>
		<Template>BDT_BlueBuff</Template>
		<DecalOffset>
			<X>0</X>
			<Y>0</Y>
		</DecalOffset>
		<DecalSize>
			<CX>16</CX>
			<CY>16</CY>
		</DecalSize>
	</Button>
	<Label item="SDBW_Buff11">
		<ScreenID>Buff11Label</ScreenID>
		<EQType>611</EQType>
		<Font>2</Font>
		<RelativePosition>true</RelativePosition>
		<Style_Tooltip>false</Style_Tooltip>
		<Location>
			<X>19</X>
			<Y>189</Y>
		</Location>
		<Size>
			<CX>103</CX>
			<CY>14</CY>
		</Size>
		<Text></Text>
		<TextColor>
			<R>255</R>
			<G>255</G>
			<B>255</B>
		</TextColor>
		<NoWrap>true</NoWrap>
		<AlignCenter>false</AlignCenter>
		<AlignRight>false</AlignRight>
	</Label>

	<Button item="SDBW_Buff12_Button">
		<ScreenID>Buff12</ScreenID>
		<RelativePosition>true</RelativePosition>
		<Location>
			<X>2</X>
			<Y>205</Y>
		</Location>
		<Size>
			<CX>123</CX>
			<CY>16</CY>
		</Size>
		<Template>BDT_BlueBuff</Template>
		<DecalOffset>
			<X>0</X>
			<Y>0</Y>
		</DecalOffset>
		<DecalSize>
			<CX>16</CX>
			<CY>16</CY>
		</DecalSize>
	</Button>
	<Label item="SDBW_Buff12">
		<ScreenID>Buff12Label</ScreenID>
		<EQType>612</EQType>
		<Font>2</Font>
		<RelativePosition>true</RelativePosition>
		<Style_Tooltip>false</Style_Tooltip>
		<Location>
			<X>19</X>
			<Y>206</Y>
		</Location>
		<Size>
			<CX>103</CX>
			<CY>14</CY>
		</Size>
		<Text></Text>
		<TextColor>
			<R>255</R>
			<G>255</G>
			<B>255</B>
		</TextColor>
		<NoWrap>true</NoWrap>
		<AlignCenter>false</AlignCenter>
		<AlignRight>false</AlignRight>
	</Label>
	<Button item="SDBW_Buff13_Button">
		<ScreenID>Buff13</ScreenID>
		<RelativePosition>true</RelativePosition>
		<Location>
			<X>2</X>
			<Y>222</Y>
		</Location>
		<Size>
			<CX>123</CX>
			<CY>16</CY>
		</Size>
		<Template>BDT_BlueBuff</Template>
		<DecalOffset>
			<X>0</X>
			<Y>0</Y>
		</DecalOffset>
		<DecalSize>
			<CX>16</CX>
			<CY>16</CY>
		</DecalSize>
	</Button>
	<Label item="SDBW_Buff13">
		<ScreenID>Buff13Label</ScreenID>
		<EQType>613</EQType>
		<Font>2</Font>
		<RelativePosition>true</RelativePosition>
		<Style_Tooltip>false</Style_Tooltip>
		<Location>
			<X>19</X>
			<Y>223</Y>
		</Location>
		<Size>
			<CX>103</CX>
			<CY>14</CY>
		</Size>
		<Text></Text>
		<TextColor>
			<R>255</R>
			<G>255</G>
			<B>255</B>
		</TextColor>
		<NoWrap>true</NoWrap>
		<AlignCenter>false</AlignCenter>
		<AlignRight>false</AlignRight>
	</Label>
	<Button item="SDBW_Buff14_Button">
		<ScreenID>Buff14</ScreenID>
		<RelativePosition>true</RelativePosition>
		<Location>
			<X>2</X>
			<Y>239</Y>
		</Location>
		<Size>
			<CX>123</CX>
			<CY>16</CY>
		</Size>
		<Template>BDT_BlueBuff</Template>
		<DecalOffset>
			<X>0</X>
			<Y>0</Y>
		</DecalOffset>
		<DecalSize>
			<CX>16</CX>
			<CY>16</CY>
		</DecalSize>
	</Button>
	<Label item="SDBW_Buff14">
		<ScreenID>Buff14Label</ScreenID>
		<EQType>614</EQType>
		<Font>2</Font>
		<RelativePosition>true</RelativePosition>
		<Style_Tooltip>false</Style_Tooltip>
		<Location>
			<X>19</X>
			<Y>240</Y>
		</Location>
		<Size>
			<CX>103</CX>
			<CY>14</CY>
		</Size>
		<Text></Text>
		<TextColor>
			<R>255</R>
			<G>255</G>
			<B>255</B>
		</TextColor>
		<NoWrap>true</NoWrap>
		<AlignCenter>false</AlignCenter>
		<AlignRight>false</AlignRight>
	</Label>
        <Button item="SDBW_Buff15_Button">
		<ScreenID>Buff15</ScreenID>
		<RelativePosition>true</RelativePosition>
		<Location>
			<X>2</X>
			<Y>256</Y>
		</Location>
		<Size>
			<CX>123</CX>
			<CY>16</CY>
		</Size>
		<Template>BDT_BlueBuff</Template>
		<DecalOffset>
			<X>0</X>
			<Y>0</Y>
		</DecalOffset>
		<DecalSize>
			<CX>16</CX>
			<CY>16</CY>
		</DecalSize>
	</Button>
	<Label item="SDBW_Buff15">
		<ScreenID>Buff15Label</ScreenID>
		<EQType>615</EQType>
		<Font>2</Font>
		<RelativePosition>true</RelativePosition>
		<Style_Tooltip>false</Style_Tooltip>
		<Location>
			<X>19</X>
			<Y>257</Y>
		</Location>
		<Size>
			<CX>103</CX>
			<CY>14</CY>
		</Size>
		<Text></Text>
		<TextColor>
			<R>255</R>
			<G>255</G>
			<B>255</B>
		</TextColor>
		<NoWrap>true</NoWrap>
		<AlignCenter>false</AlignCenter>
		<AlignRight>false</AlignRight>
	</Label>
        <Button item="SDBW_Buff16_Button">
		<ScreenID>Buff16</ScreenID>
		<RelativePosition>true</RelativePosition>
		<Location>
			<X>2</X>
			<Y>273</Y>
		</Location>
		<Size>
			<CX>123</CX>
			<CY>16</CY>
		</Size>
		<Template>BDT_BlueBuff</Template>
		<DecalOffset>
			<X>0</X>
			<Y>0</Y>
		</DecalOffset>
		<DecalSize>
			<CX>16</CX>
			<CY>16</CY>
		</DecalSize>
	</Button>
	<Label item="SDBW_Buff16">
		<ScreenID>Buff16Label</ScreenID>
		<EQType>616</EQType>
		<Font>2</Font>
		<RelativePosition>true</RelativePosition>
		<Style_Tooltip>false</Style_Tooltip>
		<Location>
			<X>19</X>
			<Y>274</Y>
		</Location>
		<Size>
			<CX>103</CX>
			<CY>14</CY>
		</Size>
		<Text></Text>
		<TextColor>
			<R>255</R>
			<G>255</G>
			<B>255</B>
		</TextColor>
		<NoWrap>true</NoWrap>
		<AlignCenter>false</AlignCenter>
		<AlignRight>false</AlignRight>
	</Label>
        <Button item="SDBW_Buff17_Button">
		<ScreenID>Buff17</ScreenID>
		<RelativePosition>true</RelativePosition>
		<Location>
			<X>2</X>
			<Y>290</Y>
		</Location>
		<Size>
			<CX>123</CX>
			<CY>16</CY>
		</Size>
		<Template>BDT_BlueBuff</Template>
		<DecalOffset>
			<X>0</X>
			<Y>0</Y>
		</DecalOffset>
		<DecalSize>
			<CX>16</CX>
			<CY>16</CY>
		</DecalSize>
	</Button>
	<Label item="SDBW_Buff17">
		<ScreenID>Buff17Label</ScreenID>
		<EQType>617</EQType>
		<Font>2</Font>
		<RelativePosition>true</RelativePosition>
		<Style_Tooltip>false</Style_Tooltip>
		<Location>
			<X>19</X>
			<Y>291</Y>
		</Location>
		<Size>
			<CX>103</CX>
			<CY>14</CY>
		</Size>
		<Text></Text>
		<TextColor>
			<R>255</R>
			<G>255</G>
			<B>255</B>
		</TextColor>
		<NoWrap>true</NoWrap>
		<AlignCenter>false</AlignCenter>
		<AlignRight>false</AlignRight>
	</Label>
        <Button item="SDBW_Buff18_Button">
		<ScreenID>Buff18</ScreenID>
		<RelativePosition>true</RelativePosition>
		<Location>
			<X>2</X>
			<Y>307</Y>
		</Location>
		<Size>
			<CX>123</CX>
			<CY>16</CY>
		</Size>
		<Template>BDT_BlueBuff</Template>
		<DecalOffset>
			<X>0</X>
			<Y>0</Y>
		</DecalOffset>
		<DecalSize>
			<CX>16</CX>
			<CY>16</CY>
		</DecalSize>
	</Button>
	<Label item="SDBW_Buff18">
		<ScreenID>Buff18Label</ScreenID>
		<EQType>618</EQType>
		<Font>2</Font>
		<RelativePosition>true</RelativePosition>
		<Style_Tooltip>false</Style_Tooltip>
		<Location>
			<X>19</X>
			<Y>308</Y>
		</Location>
		<Size>
			<CX>103</CX>
			<CY>14</CY>
		</Size>
		<Text></Text>
		<TextColor>
			<R>255</R>
			<G>255</G>
			<B>255</B>
		</TextColor>
		<NoWrap>true</NoWrap>
		<AlignCenter>false</AlignCenter>
		<AlignRight>false</AlignRight>
	</Label>
        <Button item="SDBW_Buff19_Button">
		<ScreenID>Buff19</ScreenID>
		<RelativePosition>true</RelativePosition>
		<Location>
			<X>2</X>
			<Y>324</Y>
		</Location>
		<Size>
			<CX>123</CX>
			<CY>16</CY>
		</Size>
		<Template>BDT_BlueBuff</Template>
		<DecalOffset>
			<X>0</X>
			<Y>0</Y>
		</DecalOffset>
		<DecalSize>
			<CX>16</CX>
			<CY>16</CY>
		</DecalSize>
	</Button>
	<Label item="SDBW_Buff19">
		<ScreenID>Buff19Label</ScreenID>
		<EQType>619</EQType>
		<Font>2</Font>
		<RelativePosition>true</RelativePosition>
		<Style_Tooltip>false</Style_Tooltip>
		<Location>
			<X>19</X>
			<Y>325</Y>
		</Location>
		<Size>
			<CX>103</CX>
			<CY>14</CY>
		</Size>
		<Text></Text>
		<TextColor>
			<R>255</R>
			<G>255</G>
			<B>255</B>
		</TextColor>
		<NoWrap>true</NoWrap>
		<AlignCenter>false</AlignCenter>
		<AlignRight>false</AlignRight>
	</Label>
	<Label item="SDBW_Buff0Number">
		<ScreenID>Buff0No</ScreenID>
		<Font>1</Font>
		<RelativePosition>true</RelativePosition>
		<Style_Tooltip>false</Style_Tooltip>
		<Location>
			<X>100</X>
			<Y>1</Y>
		</Location>
		<Size>
			<CX>23</CX>
			<CY>14</CY>
		</Size>
		<Text>S1</Text>
		<TextColor>
			<R>0</R>
			<G>255</G>
			<B>255</B>
		</TextColor>
		<NoWrap>true</NoWrap>
		<AlignCenter>false</AlignCenter>
		<AlignRight>true</AlignRight>
	</Label>
	<Label item="SDBW_Buff1Number">
		<ScreenID>Buff1No</ScreenID>
		<Font>1</Font>
		<RelativePosition>true</RelativePosition>
		<Style_Tooltip>false</Style_Tooltip>
		<Location>
			<X>100</X>
			<Y>18</Y>
		</Location>
		<Size>
			<CX>23</CX>
			<CY>14</CY>
		</Size>
		<Text>S2</Text>
		<TextColor>
			<R>0</R>
			<G>255</G>
			<B>255</B>
		</TextColor>
		<NoWrap>true</NoWrap>
		<AlignCenter>false</AlignCenter>
		<AlignRight>true</AlignRight>
	</Label>
	<Label item="SDBW_Buff2Number">
		<ScreenID>Buff2No</ScreenID>
		<Font>1</Font>
		<RelativePosition>true</RelativePosition>
		<Style_Tooltip>false</Style_Tooltip>
		<Location>
			<X>100</X>
			<Y>35</Y>
		</Location>
		<Size>
			<CX>23</CX>
			<CY>14</CY>
		</Size>
		<Text>S3</Text>
		<TextColor>
			<R>0</R>
			<G>255</G>
			<B>255</B>
		</TextColor>
		<NoWrap>true</NoWrap>
		<AlignCenter>false</AlignCenter>
		<AlignRight>true</AlignRight>
	</Label>
	<Label item="SDBW_Buff3Number">
		<ScreenID>Buff3No</ScreenID>
		<Font>1</Font>
		<RelativePosition>true</RelativePosition>
		<Style_Tooltip>false</Style_Tooltip>
		<Location>
			<X>100</X>
			<Y>52</Y>
		</Location>
		<Size>
			<CX>23</CX>
			<CY>14</CY>
		</Size>
		<Text>S4</Text>
		<TextColor>
			<R>0</R>
			<G>255</G>
			<B>255</B>
		</TextColor>
		<NoWrap>true</NoWrap>
		<AlignCenter>false</AlignCenter>
		<AlignRight>true</AlignRight>
	</Label>
	<Label item="SDBW_Buff4Number">
		<ScreenID>Buff4No</ScreenID>
		<Font>1</Font>
		<RelativePosition>true</RelativePosition>
		<Style_Tooltip>false</Style_Tooltip>
		<Location>
			<X>100</X>
			<Y>69</Y>
		</Location>
		<Size>
			<CX>23</CX>
			<CY>14</CY>
		</Size>
		<Text>S5</Text>
		<TextColor>
			<R>0</R>
			<G>255</G>
			<B>255</B>
		</TextColor>
		<NoWrap>true</NoWrap>
		<AlignCenter>false</AlignCenter>
		<AlignRight>true</AlignRight>
	</Label>
	<Label item="SDBW_Buff5Number">
		<ScreenID>Buff5No</ScreenID>
		<Font>1</Font>
		<RelativePosition>true</RelativePosition>
		<Style_Tooltip>false</Style_Tooltip>
		<Location>
			<X>100</X>
			<Y>86</Y>
		</Location>
		<Size>
			<CX>23</CX>
			<CY>14</CY>
		</Size>
		<Text>S6</Text>
		<TextColor>
			<R>0</R>
			<G>255</G>
			<B>255</B>
		</TextColor>
		<NoWrap>true</NoWrap>
		<AlignCenter>false</AlignCenter>
		<AlignRight>true</AlignRight>
	</Label>
	<Label item="SDBW_Buff6Number">
		<ScreenID>Buff6No</ScreenID>
		<Font>1</Font>
		<RelativePosition>true</RelativePosition>
		<Style_Tooltip>false</Style_Tooltip>
		<Location>
			<X>100</X>
			<Y>103</Y>
		</Location>
		<Size>
			<CX>23</CX>
			<CY>14</CY>
		</Size>
		<Text>S7</Text>
		<TextColor>
			<R>0</R>
			<G>255</G>
			<B>255</B>
		</TextColor>
		<NoWrap>true</NoWrap>
		<AlignCenter>false</AlignCenter>
		<AlignRight>true</AlignRight>
	</Label>
	<Label item="SDBW_Buff7Number">
		<ScreenID>Buff7No</ScreenID>
		<Font>1</Font>
		<RelativePosition>true</RelativePosition>
		<Style_Tooltip>false</Style_Tooltip>
		<Location>
			<X>100</X>
			<Y>120</Y>
		</Location>
		<Size>
			<CX>23</CX>
			<CY>14</CY>
		</Size>
		<Text>S8</Text>
		<TextColor>
			<R>0</R>
			<G>255</G>
			<B>255</B>
		</TextColor>
		<NoWrap>true</NoWrap>
		<AlignCenter>false</AlignCenter>
		<AlignRight>true</AlignRight>
	</Label>
	<Label item="SDBW_Buff8Number">
		<ScreenID>Buff8No</ScreenID>
		<Font>1</Font>
		<RelativePosition>true</RelativePosition>
		<Style_Tooltip>false</Style_Tooltip>
		<Location>
			<X>100</X>
			<Y>137</Y>
		</Location>
		<Size>
			<CX>23</CX>
			<CY>14</CY>
		</Size>
		<Text>S9</Text>
		<TextColor>
			<R>0</R>
			<G>255</G>
			<B>255</B>
		</TextColor>
		<NoWrap>true</NoWrap>
		<AlignCenter>false</AlignCenter>
		<AlignRight>true</AlignRight>
	</Label>
	<Label item="SDBW_Buff9Number">
		<ScreenID>Buff9No</ScreenID>
		<Font>1</Font>
		<RelativePosition>true</RelativePosition>
		<Style_Tooltip>false</Style_Tooltip>
		<Location>
			<X>100</X>
			<Y>154</Y>
		</Location>
		<Size>
			<CX>23</CX>
			<CY>14</CY>
		</Size>
		<Text>S10</Text>
		<TextColor>
			<R>0</R>
			<G>255</G>
			<B>255</B>
		</TextColor>
		<NoWrap>true</NoWrap>
		<AlignCenter>false</AlignCenter>
		<AlignRight>true</AlignRight>
	</Label>
	<Label item="SDBW_Buff10Number">
		<ScreenID>Buff10No</ScreenID>
		<Font>1</Font>
		<RelativePosition>true</RelativePosition>
		<Style_Tooltip>false</Style_Tooltip>
		<Location>
			<X>100</X>
			<Y>171</Y>
		</Location>
		<Size>
			<CX>23</CX>
			<CY>14</CY>
		</Size>
		<Text>S11</Text>
		<TextColor>
			<R>0</R>
			<G>255</G>
			<B>255</B>
		</TextColor>
		<NoWrap>true</NoWrap>
		<AlignCenter>false</AlignCenter>
		<AlignRight>true</AlignRight>
	</Label>
	<Label item="SDBW_Buff11Number">
		<ScreenID>Buff11No</ScreenID>
		<Font>1</Font>
		<RelativePosition>true</RelativePosition>
		<Style_Tooltip>false</Style_Tooltip>
		<Location>
			<X>100</X>
			<Y>188</Y>
		</Location>
		<Size>
			<CX>23</CX>
			<CY>14</CY>
		</Size>
		<Text>S12</Text>
		<TextColor>
			<R>0</R>
			<G>255</G>
			<B>255</B>
		</TextColor>
		<NoWrap>true</NoWrap>
		<AlignCenter>false</AlignCenter>
		<AlignRight>true</AlignRight>
	</Label>
	<Label item="SDBW_Buff12Number">
		<ScreenID>Buff12No</ScreenID>
		<Font>1</Font>
		<RelativePosition>true</RelativePosition>
		<Style_Tooltip>false</Style_Tooltip>
		<Location>
			<X>100</X>
			<Y>205</Y>
		</Location>
		<Size>
			<CX>23</CX>
			<CY>14</CY>
		</Size>
		<Text>S13</Text>
		<TextColor>
			<R>0</R>
			<G>255</G>
			<B>255</B>
		</TextColor>
		<NoWrap>true</NoWrap>
		<AlignCenter>false</AlignCenter>
		<AlignRight>true</AlignRight>
	</Label>
	<Label item="SDBW_Buff13Number">
		<ScreenID>Buff13No</ScreenID>
		<Font>1</Font>
		<RelativePosition>true</RelativePosition>
		<Style_Tooltip>false</Style_Tooltip>
		<Location>
			<X>100</X>
			<Y>222</Y>
		</Location>
		<Size>
			<CX>23</CX>
			<CY>14</CY>
		</Size>
		<Text>S14</Text>
		<TextColor>
			<R>0</R>
			<G>255</G>
			<B>255</B>
		</TextColor>
		<NoWrap>true</NoWrap>
		<AlignCenter>false</AlignCenter>
		<AlignRight>true</AlignRight>
	</Label>
	<Label item="SDBW_Buff14Number">
		<ScreenID>Buff14No</ScreenID>
		<Font>1</Font>
		<RelativePosition>true</RelativePosition>
		<Style_Tooltip>false</Style_Tooltip>
		<Location>
			<X>100</X>
			<Y>239</Y>
		</Location>
		<Size>
			<CX>23</CX>
			<CY>14</CY>
		</Size>
		<Text>S15</Text>
		<TextColor>
			<R>0</R>
			<G>255</G>
			<B>255</B>
		</TextColor>
		<NoWrap>true</NoWrap>
		<AlignCenter>false</AlignCenter>
		<AlignRight>true</AlignRight>
	</Label>
        <Label item="SDBW_Buff15Number">
		<ScreenID>Buff15No</ScreenID>
		<Font>1</Font>
		<RelativePosition>true</RelativePosition>
		<Style_Tooltip>false</Style_Tooltip>
		<Location>
			<X>100</X>
			<Y>256</Y>
		</Location>
		<Size>
			<CX>23</CX>
			<CY>14</CY>
		</Size>
		<Text>S16</Text>
		<TextColor>
			<R>0</R>
			<G>255</G>
			<B>255</B>
		</TextColor>
		<NoWrap>true</NoWrap>
		<AlignCenter>false</AlignCenter>
		<AlignRight>true</AlignRight>
	</Label>
        <Label item="SDBW_Buff16Number">
		<ScreenID>Buff16No</ScreenID>
		<Font>1</Font>
		<RelativePosition>true</RelativePosition>
		<Style_Tooltip>false</Style_Tooltip>
		<Location>
			<X>100</X>
			<Y>273</Y>
		</Location>
		<Size>
			<CX>23</CX>
			<CY>14</CY>
		</Size>
		<Text>S17</Text>
		<TextColor>
			<R>0</R>
			<G>255</G>
			<B>255</B>
		</TextColor>
		<NoWrap>true</NoWrap>
		<AlignCenter>false</AlignCenter>
		<AlignRight>true</AlignRight>
	</Label>
        <Label item="SDBW_Buff17Number">
		<ScreenID>Buff17No</ScreenID>
		<Font>1</Font>
		<RelativePosition>true</RelativePosition>
		<Style_Tooltip>false</Style_Tooltip>
		<Location>
			<X>100</X>
			<Y>290</Y>
		</Location>
		<Size>
			<CX>23</CX>
			<CY>14</CY>
		</Size>
		<Text>S18</Text>
		<TextColor>
			<R>0</R>
			<G>255</G>
			<B>255</B>
		</TextColor>
		<NoWrap>true</NoWrap>
		<AlignCenter>false</AlignCenter>
		<AlignRight>true</AlignRight>
	</Label>
        <Label item="SDBW_Buff18Number">
		<ScreenID>Buff18No</ScreenID>
		<Font>1</Font>
		<RelativePosition>true</RelativePosition>
		<Style_Tooltip>false</Style_Tooltip>
		<Location>
			<X>100</X>
			<Y>307</Y>
		</Location>
		<Size>
			<CX>23</CX>
			<CY>14</CY>
		</Size>
		<Text>S19</Text>
		<TextColor>
			<R>0</R>
			<G>255</G>
			<B>255</B>
		</TextColor>
		<NoWrap>true</NoWrap>
		<AlignCenter>false</AlignCenter>
		<AlignRight>true</AlignRight>
	</Label>
        <Label item="SDBW_Buff19Number">
		<ScreenID>Buff19No</ScreenID>
		<Font>1</Font>
		<RelativePosition>true</RelativePosition>
		<Style_Tooltip>false</Style_Tooltip>
		<Location>
			<X>100</X>
			<Y>324</Y>
		</Location>
		<Size>
			<CX>23</CX>
			<CY>14</CY>
		</Size>
		<Text>S20</Text>
		<TextColor>
			<R>0</R>
			<G>255</G>
			<B>255</B>
		</TextColor>
		<NoWrap>true</NoWrap>
		<AlignCenter>false</AlignCenter>
		<AlignRight>true</AlignRight>
	</Label>
	<Screen item="ShortDurationBuffWindow">
		<Text>Songs</Text>
		<RelativePosition>false</RelativePosition>
		<Location>
			<X>465</X>
			<Y>240</Y>
		</Location>
		<Size>
			<CX>132</CX>
			<CY>262</CY>
		</Size>
                <Style_VScroll>false</Style_VScroll>
                <Style_AutoVScroll>false</Style_AutoVScroll>
                <Style_HScroll>false</Style_HScroll>
		<Style_Transparent>true</Style_Transparent>
		<DrawTemplate>WDT_Inner</DrawTemplate>
		<Style_Titlebar>false</Style_Titlebar>
		<Style_Closebox>true</Style_Closebox>
		<Style_Minimizebox>false</Style_Minimizebox>
		<Style_Border>false</Style_Border>
		<Style_Sizable>true</Style_Sizable>
                <Style_ClientMovable>true</Style_ClientMovable>
		<Pieces>SDBW_Buff0_Button</Pieces>
		<Pieces>SDBW_Buff0</Pieces>
		<Pieces>SDBW_Buff1_Button</Pieces>
		<Pieces>SDBW_Buff1</Pieces>
		<Pieces>SDBW_Buff2_Button</Pieces>
		<Pieces>SDBW_Buff2</Pieces>
		<Pieces>SDBW_Buff3_Button</Pieces>
		<Pieces>SDBW_Buff3</Pieces>
		<Pieces>SDBW_Buff4_Button</Pieces>
		<Pieces>SDBW_Buff4</Pieces>
		<Pieces>SDBW_Buff5_Button</Pieces>
		<Pieces>SDBW_Buff5</Pieces>
		<Pieces>SDBW_Buff6_Button</Pieces>
		<Pieces>SDBW_Buff6</Pieces>
		<Pieces>SDBW_Buff7_Button</Pieces>
		<Pieces>SDBW_Buff7</Pieces>
		<Pieces>SDBW_Buff8_Button</Pieces>
		<Pieces>SDBW_Buff8</Pieces>
		<Pieces>SDBW_Buff9_Button</Pieces>
		<Pieces>SDBW_Buff9</Pieces>
		<Pieces>SDBW_Buff10_Button</Pieces>
<!--		<Pieces>SDBW_Buff10</Pieces>
 		<Pieces>SDBW_Buff11_Button</Pieces>
		<Pieces>SDBW_Buff11</Pieces>
		<Pieces>SDBW_Buff12_Button</Pieces>
		<Pieces>SDBW_Buff12</Pieces>
		<Pieces>SDBW_Buff13_Button</Pieces>
		<Pieces>SDBW_Buff13</Pieces>
		<Pieces>SDBW_Buff14_Button</Pieces>
		<Pieces>SDBW_Buff14</Pieces>
                <Pieces>SDBW_Buff15_Button</Pieces>
		<Pieces>SDBW_Buff15</Pieces>
                <Pieces>SDBW_Buff16_Button</Pieces>
		<Pieces>SDBW_Buff16</Pieces>
                <Pieces>SDBW_Buff17_Button</Pieces>
		<Pieces>SDBW_Buff17</Pieces>
                <Pieces>SDBW_Buff18_Button</Pieces>
 		<Pieces>SDBW_Buff18</Pieces>
                <Pieces>SDBW_Buff19_Button</Pieces>
		<Pieces>SDBW_Buff19</Pieces> -->
		<Pieces>SDBW_Buff0Number</Pieces>
		<Pieces>SDBW_Buff1Number</Pieces>
		<Pieces>SDBW_Buff2Number</Pieces>
		<Pieces>SDBW_Buff3Number</Pieces>
		<Pieces>SDBW_Buff4Number</Pieces>
		<Pieces>SDBW_Buff5Number</Pieces>
		<Pieces>SDBW_Buff6Number</Pieces>
		<Pieces>SDBW_Buff7Number</Pieces>
		<Pieces>SDBW_Buff8Number</Pieces>
		<Pieces>SDBW_Buff9Number</Pieces>
<!--		<Pieces>SDBW_Buff10Number</Pieces>
 		<Pieces>SDBW_Buff11Number</Pieces>
		<Pieces>SDBW_Buff12Number</Pieces>
		<Pieces>SDBW_Buff13Number</Pieces>
		<Pieces>SDBW_Buff14Number</Pieces>
                <Pieces>SDBW_Buff15Number</Pieces>
                <Pieces>SDBW_Buff16Number</Pieces>
                <Pieces>SDBW_Buff17Number</Pieces>
                <Pieces>SDBW_Buff18Number</Pieces>
                <Pieces>SDBW_Buff19Number</Pieces> -->

	</Screen>

</XML>
