<?xml version="1.0" encoding="us-ascii"?>
<XML ID="EQInterfaceDefinitionLanguage">
  <Schema xmlns="EverQuestData" xmlns:dt="EverQuestDataTypes" />

  <Label item="LW_CorpseName">
    <ScreenID>LW_CorpseName</ScreenID>
    <!--<Font>3</Font>-->
    <RelativePosition>true</RelativePosition>
    <Location>
      <X>5</X>
      <Y>5</Y>
    </Location>
    <Size>
      <CX>200</CX>
      <CY>40</CY>
    </Size>
    <Text>Blahblahblah's Corpse</Text>
    <TextColor>
      <R>255</R>
      <G>255</G>
      <B>255</B>
    </TextColor>
    <NoWrap>false</NoWrap>
    <AlignCenter>true</AlignCenter>
    <AlignRight>false</AlignRight>
  </Label>
  <Button item="LW_BroadcastButton">
    <ScreenID>BroadcastButton</ScreenID>
    <!--<Font>3</Font>-->
    <RelativePosition>true</RelativePosition>
    <Location>
      <X>5</X>
      <Y>21</Y>
    </Location>
    <Size>
      <CX>200</CX>
      <CY>24</CY>
    </Size>
    <Style_Transparent>false</Style_Transparent>
    <!--<TooltipReference/>-->
    <Style_Checkbox>false</Style_Checkbox>
    <!--<RadioGroup/>-->
    <Text>Link</Text>
    <TextColor>
      <R>255</R>
      <G>255</G>
      <B>255</B>
    </TextColor>
    <UseCustomMouseoverColor>true</UseCustomMouseoverColor>
    <MouseoverColor>
      <R>204</R>
      <G>80</G>
      <B>55</B>
    </MouseoverColor>
    <UseCustomPressedColor>true</UseCustomPressedColor>
    <PressedColor>
      <R>255</R>
      <G>255</G>
      <B>255</B>
    </PressedColor>
    <UseCustomDisabledColor>true</UseCustomDisabledColor>
    <DisabledColor>
      <R>40</R>
      <G>40</G>
      <B>40</B>
    </DisabledColor>
    <Template>BDT_btmpkd</Template>
  </Button>
  <InvSlot item="LW_LootSlot0">
    <ScreenID>LW_LootSlot0</ScreenID>
    <!--<Font>3</Font>-->
    <RelativePosition>true</RelativePosition>
    <Location>
      <X>5</X>
      <Y>0</Y>
    </Location>
    <Size>
      <CX>40</CX>
      <CY>40</CY>
    </Size>
    <Background>A_RecessedBox</Background>
    <EQType>inventory/Loot 0</EQType>
  </InvSlot>
  <InvSlot item="LW_LootSlot1">
    <ScreenID>LW_LootSlot1</ScreenID>
    <!--<Font>3</Font>-->
    <RelativePosition>true</RelativePosition>
    <Location>
      <X>45</X>
      <Y>0</Y>
    </Location>
    <Size>
      <CX>40</CX>
      <CY>40</CY>
    </Size>
    <Background>A_RecessedBox</Background>
    <EQType>inventory/Loot 1</EQType>
  </InvSlot>
  <InvSlot item="LW_LootSlot2">
    <ScreenID>LW_LootSlot2</ScreenID>
    <!--<Font>3</Font>-->
    <RelativePosition>true</RelativePosition>
    <Location>
      <X>85</X>
      <Y>0</Y>
    </Location>
    <Size>
      <CX>40</CX>
      <CY>40</CY>
    </Size>
    <Background>A_RecessedBox</Background>
    <EQType>inventory/Loot 2</EQType>
  </InvSlot>
  <InvSlot item="LW_LootSlot3">
    <ScreenID>LW_LootSlot3</ScreenID>
    <!--<Font>3</Font>-->
    <RelativePosition>true</RelativePosition>
    <Location>
      <X>125</X>
      <Y>0</Y>
    </Location>
    <Size>
      <CX>40</CX>
      <CY>40</CY>
    </Size>
    <Background>A_RecessedBox</Background>
    <EQType>inventory/Loot 3</EQType>
  </InvSlot>
  <InvSlot item="LW_LootSlot4">
    <ScreenID>LW_LootSlot4</ScreenID>
    <!--<Font>3</Font>-->
    <RelativePosition>true</RelativePosition>
    <Location>
      <X>165</X>
      <Y>0</Y>
    </Location>
    <Size>
      <CX>40</CX>
      <CY>40</CY>
    </Size>
    <Background>A_RecessedBox</Background>
    <EQType>inventory/Loot 4</EQType>
  </InvSlot>
  <InvSlot item="LW_LootSlot5">
    <ScreenID>LW_LootSlot5</ScreenID>
    <!--<Font>3</Font>-->
    <RelativePosition>true</RelativePosition>
    <Location>
      <X>5</X>
      <Y>40</Y>
    </Location>
    <Size>
      <CX>40</CX>
      <CY>40</CY>
    </Size>
    <Background>A_RecessedBox</Background>
    <EQType>inventory/Loot 5</EQType>
  </InvSlot>
  <InvSlot item="LW_LootSlot6">
    <ScreenID>LW_LootSlot6</ScreenID>
    <!--<Font>3</Font>-->
    <RelativePosition>true</RelativePosition>
    <Location>
      <X>45</X>
      <Y>40</Y>
    </Location>
    <Size>
      <CX>40</CX>
      <CY>40</CY>
    </Size>
    <Background>A_RecessedBox</Background>
    <EQType>inventory/Loot 6</EQType>
  </InvSlot>
  <InvSlot item="LW_LootSlot7">
    <ScreenID>LW_LootSlot7</ScreenID>
    <!--<Font>3</Font>-->
    <RelativePosition>true</RelativePosition>
    <Location>
      <X>85</X>
      <Y>40</Y>
    </Location>
    <Size>
      <CX>40</CX>
      <CY>40</CY>
    </Size>
    <Background>A_RecessedBox</Background>
    <EQType>inventory/Loot 7</EQType>
  </InvSlot>
  <InvSlot item="LW_LootSlot8">
    <ScreenID>LW_LootSlot8</ScreenID>
    <!--<Font>3</Font>-->
    <RelativePosition>true</RelativePosition>
    <Location>
      <X>125</X>
      <Y>40</Y>
    </Location>
    <Size>
      <CX>40</CX>
      <CY>40</CY>
    </Size>
    <Background>A_RecessedBox</Background>
    <EQType>inventory/Loot 8</EQType>
  </InvSlot>
  <InvSlot item="LW_LootSlot9">
    <ScreenID>LW_LootSlot9</ScreenID>
    <!--<Font>3</Font>-->
    <RelativePosition>true</RelativePosition>
    <Location>
      <X>165</X>
      <Y>40</Y>
    </Location>
    <Size>
      <CX>40</CX>
      <CY>40</CY>
    </Size>
    <Background>A_RecessedBox</Background>
    <EQType>inventory/Loot 9</EQType>
  </InvSlot>
  <InvSlot item="LW_LootSlot10">
    <ScreenID>LW_LootSlot10</ScreenID>
    <!--<Font>3</Font>-->
    <RelativePosition>true</RelativePosition>
    <Location>
      <X>5</X>
      <Y>80</Y>
    </Location>
    <Size>
      <CX>40</CX>
      <CY>40</CY>
    </Size>
    <Background>A_RecessedBox</Background>
    <EQType>inventory/Loot 10</EQType>
  </InvSlot>
  <InvSlot item="LW_LootSlot11">
    <ScreenID>LW_LootSlot11</ScreenID>
    <!--<Font>3</Font>-->
    <RelativePosition>true</RelativePosition>
    <Location>
      <X>45</X>
      <Y>80</Y>
    </Location>
    <Size>
      <CX>40</CX>
      <CY>40</CY>
    </Size>
    <Background>A_RecessedBox</Background>
    <EQType>inventory/Loot 11</EQType>
  </InvSlot>
  <InvSlot item="LW_LootSlot12">
    <ScreenID>LW_LootSlot12</ScreenID>
    <!--<Font>3</Font>-->
    <RelativePosition>true</RelativePosition>
    <Location>
      <X>85</X>
      <Y>80</Y>
    </Location>
    <Size>
      <CX>40</CX>
      <CY>40</CY>
    </Size>
    <Background>A_RecessedBox</Background>
    <EQType>inventory/Loot 12</EQType>
  </InvSlot>
  <InvSlot item="LW_LootSlot13">
    <ScreenID>LW_LootSlot13</ScreenID>
    <!--<Font>3</Font>-->
    <RelativePosition>true</RelativePosition>
    <Location>
      <X>125</X>
      <Y>80</Y>
    </Location>
    <Size>
      <CX>40</CX>
      <CY>40</CY>
    </Size>
    <Background>A_RecessedBox</Background>
    <EQType>inventory/Loot 13</EQType>
  </InvSlot>
  <InvSlot item="LW_LootSlot14">
    <ScreenID>LW_LootSlot14</ScreenID>
    <!--<Font>3</Font>-->
    <RelativePosition>true</RelativePosition>
    <Location>
      <X>165</X>
      <Y>80</Y>
    </Location>
    <Size>
      <CX>40</CX>
      <CY>40</CY>
    </Size>
    <Background>A_RecessedBox</Background>
    <EQType>inventory/Loot 14</EQType>
  </InvSlot>
  <InvSlot item="LW_LootSlot15">
    <ScreenID>LW_LootSlot15</ScreenID>
    <!--<Font>3</Font>-->
    <RelativePosition>true</RelativePosition>
    <Location>
      <X>5</X>
      <Y>120</Y>
    </Location>
    <Size>
      <CX>40</CX>
      <CY>40</CY>
    </Size>
    <Background>A_RecessedBox</Background>
    <EQType>inventory/Loot 15</EQType>
  </InvSlot>
  <InvSlot item="LW_LootSlot16">
    <ScreenID>LW_LootSlot16</ScreenID>
    <!--<Font>3</Font>-->
    <RelativePosition>true</RelativePosition>
    <Location>
      <X>45</X>
      <Y>120</Y>
    </Location>
    <Size>
      <CX>40</CX>
      <CY>40</CY>
    </Size>
    <Background>A_RecessedBox</Background>
    <EQType>inventory/Loot 16</EQType>
  </InvSlot>
  <InvSlot item="LW_LootSlot17">
    <ScreenID>LW_LootSlot17</ScreenID>
    <!--<Font>3</Font>-->
    <RelativePosition>true</RelativePosition>
    <Location>
      <X>85</X>
      <Y>120</Y>
    </Location>
    <Size>
      <CX>40</CX>
      <CY>40</CY>
    </Size>
    <Background>A_RecessedBox</Background>
    <EQType>inventory/Loot 17</EQType>
  </InvSlot>
  <InvSlot item="LW_LootSlot18">
    <ScreenID>LW_LootSlot18</ScreenID>
    <!--<Font>3</Font>-->
    <RelativePosition>true</RelativePosition>
    <Location>
      <X>125</X>
      <Y>120</Y>
    </Location>
    <Size>
      <CX>40</CX>
      <CY>40</CY>
    </Size>
    <Background>A_RecessedBox</Background>
    <EQType>inventory/Loot 18</EQType>
  </InvSlot>
  <InvSlot item="LW_LootSlot19">
    <ScreenID>LW_LootSlot19</ScreenID>
    <!--<Font>3</Font>-->
    <RelativePosition>true</RelativePosition>
    <Location>
      <X>165</X>
      <Y>120</Y>
    </Location>
    <Size>
      <CX>40</CX>
      <CY>40</CY>
    </Size>
    <Background>A_RecessedBox</Background>
    <EQType>inventory/Loot 19</EQType>
  </InvSlot>
  <InvSlot item="LW_LootSlot20">
    <ScreenID>LW_LootSlot20</ScreenID>
    <!--<Font>3</Font>-->
    <RelativePosition>true</RelativePosition>
    <Location>
      <X>5</X>
      <Y>160</Y>
    </Location>
    <Size>
      <CX>40</CX>
      <CY>40</CY>
    </Size>
    <Background>A_RecessedBox</Background>
    <EQType>inventory/Loot 20</EQType>
  </InvSlot>
  <InvSlot item="LW_LootSlot21">
    <ScreenID>LW_LootSlot21</ScreenID>
    <!--<Font>3</Font>-->
    <RelativePosition>true</RelativePosition>
    <Location>
      <X>45</X>
      <Y>160</Y>
    </Location>
    <Size>
      <CX>40</CX>
      <CY>40</CY>
    </Size>
    <Background>A_RecessedBox</Background>
    <EQType>inventory/Loot 21</EQType>
  </InvSlot>
  <InvSlot item="LW_LootSlot22">
    <ScreenID>LW_LootSlot22</ScreenID>
    <!--<Font>3</Font>-->
    <RelativePosition>true</RelativePosition>
    <Location>
      <X>85</X>
      <Y>160</Y>
    </Location>
    <Size>
      <CX>40</CX>
      <CY>40</CY>
    </Size>
    <Background>A_RecessedBox</Background>
    <EQType>inventory/Loot 22</EQType>
  </InvSlot>
  <InvSlot item="LW_LootSlot23">
    <ScreenID>LW_LootSlot23</ScreenID>
    <!--<Font>3</Font>-->
    <RelativePosition>true</RelativePosition>
    <Location>
      <X>125</X>
      <Y>160</Y>
    </Location>
    <Size>
      <CX>40</CX>
      <CY>40</CY>
    </Size>
    <Background>A_RecessedBox</Background>
    <EQType>inventory/Loot 23</EQType>
  </InvSlot>
  <InvSlot item="LW_LootSlot24">
    <ScreenID>LW_LootSlot24</ScreenID>
    <!--<Font>3</Font>-->
    <RelativePosition>true</RelativePosition>
    <Location>
      <X>165</X>
      <Y>160</Y>
    </Location>
    <Size>
      <CX>40</CX>
      <CY>40</CY>
    </Size>
    <Background>A_RecessedBox</Background>
    <EQType>inventory/Loot 24</EQType>
  </InvSlot>
  <InvSlot item="LW_LootSlot25">
    <ScreenID>LW_LootSlot25</ScreenID>
    <!--<Font>3</Font>-->
    <RelativePosition>true</RelativePosition>
    <Location>
      <X>5</X>
      <Y>200</Y>
    </Location>
    <Size>
      <CX>40</CX>
      <CY>40</CY>
    </Size>
    <Background>A_RecessedBox</Background>
    <EQType>inventory/Loot 25</EQType>
  </InvSlot>
  <InvSlot item="LW_LootSlot26">
    <ScreenID>LW_LootSlot26</ScreenID>
    <!--<Font>3</Font>-->
    <RelativePosition>true</RelativePosition>
    <Location>
      <X>45</X>
      <Y>200</Y>
    </Location>
    <Size>
      <CX>40</CX>
      <CY>40</CY>
    </Size>
    <Background>A_RecessedBox</Background>
    <EQType>inventory/Loot 26</EQType>
  </InvSlot>
  <InvSlot item="LW_LootSlot27">
    <ScreenID>LW_LootSlot27</ScreenID>
    <!--<Font>3</Font>-->
    <RelativePosition>true</RelativePosition>
    <Location>
      <X>85</X>
      <Y>200</Y>
    </Location>
    <Size>
      <CX>40</CX>
      <CY>40</CY>
    </Size>
    <Background>A_RecessedBox</Background>
    <EQType>inventory/Loot 27</EQType>
  </InvSlot>
  <InvSlot item="LW_LootSlot28">
    <ScreenID>LW_LootSlot28</ScreenID>
    <!--<Font>3</Font>-->
    <RelativePosition>true</RelativePosition>
    <Location>
      <X>125</X>
      <Y>200</Y>
    </Location>
    <Size>
      <CX>40</CX>
      <CY>40</CY>
    </Size>
    <Background>A_RecessedBox</Background>
    <EQType>inventory/Loot 28</EQType>
  </InvSlot>
  <InvSlot item="LW_LootSlot29">
    <ScreenID>LW_LootSlot29</ScreenID>
    <!--<Font>3</Font>-->
    <RelativePosition>true</RelativePosition>
    <Location>
      <X>165</X>
      <Y>200</Y>
    </Location>
    <Size>
      <CX>40</CX>
      <CY>40</CY>
    </Size>
    <Background>A_RecessedBox</Background>
    <EQType>inventory/Loot 29</EQType>
  </InvSlot>
  <InvSlot item="LW_LootSlot30">
    <ScreenID>LW_LootSlot30</ScreenID>
    <!--<Font>3</Font>-->
    <RelativePosition>true</RelativePosition>
    <Location>
      <X>5</X>
      <Y>240</Y>
    </Location>
    <Size>
      <CX>40</CX>
      <CY>40</CY>
    </Size>
    <Background>A_RecessedBox</Background>
    <EQType>inventory/Loot 30</EQType>
  </InvSlot>
  <InvSlot item="LW_LootSlot31">
    <ScreenID>LW_LootSlot31</ScreenID>
    <!--<Font>3</Font>-->
    <RelativePosition>true</RelativePosition>
    <Location>
      <X>45</X>
      <Y>240</Y>
    </Location>
    <Size>
      <CX>40</CX>
      <CY>40</CY>
    </Size>
    <Background>A_RecessedBox</Background>
    <EQType>inventory/Loot 31</EQType>
  </InvSlot>
  <InvSlot item="LW_LootSlot32">
    <ScreenID>LW_LootSlot32</ScreenID>
    <!--<Font>3</Font>-->
    <RelativePosition>true</RelativePosition>
    <Location>
      <X>85</X>
      <Y>240</Y>
    </Location>
    <Size>
      <CX>40</CX>
      <CY>40</CY>
    </Size>
    <Background>A_RecessedBox</Background>
    <EQType>inventory/Loot 32</EQType>
  </InvSlot>
  <InvSlot item="LW_LootSlot33">
    <ScreenID>LW_LootSlot33</ScreenID>
    <!--<Font>3</Font>-->
    <RelativePosition>true</RelativePosition>
    <Location>
      <X>125</X>
      <Y>240</Y>
    </Location>
    <Size>
      <CX>40</CX>
      <CY>40</CY>
    </Size>
    <Background>A_RecessedBox</Background>
    <EQType>inventory/Loot 33</EQType>
  </InvSlot>
  <InvSlot item="LW_LootSlot34">
    <ScreenID>LW_LootSlot34</ScreenID>
    <!--<Font>3</Font>-->
    <RelativePosition>true</RelativePosition>
    <Location>
      <X>165</X>
      <Y>240</Y>
    </Location>
    <Size>
      <CX>40</CX>
      <CY>40</CY>
    </Size>
    <Background>A_RecessedBox</Background>
    <EQType>inventory/Loot 33</EQType>
  </InvSlot>
  <Screen item="LW_LootInvWnd">
    <ScreenID>LootInvWnd</ScreenID>
    <!--<Font/>-->
    <RelativePosition>true</RelativePosition>
    <AutoStretch>False</AutoStretch>
    <LeftAnchorOffset>0</LeftAnchorOffset>
    <TopAnchorOffset>0</TopAnchorOffset>
    <RightAnchorOffset>0</RightAnchorOffset>
    <BottomAnchorOffset>0</BottomAnchorOffset>
    <RightAnchorToLeft>false</RightAnchorToLeft>
    <BottomAnchorToTop>false</BottomAnchorToTop>
    <Style_VScroll>false</Style_VScroll>
    <Style_Transparent>false</Style_Transparent>
    <!--<TooltipReference/>-->
    <DrawTemplate>WDT_Standard</DrawTemplate>
    <Pieces>LW_LootSlot0</Pieces>
    <Pieces>LW_LootSlot1</Pieces>
    <Pieces>LW_LootSlot2</Pieces>
    <Pieces>LW_LootSlot3</Pieces>
    <Pieces>LW_LootSlot4</Pieces>
    <Pieces>LW_LootSlot5</Pieces>
    <Pieces>LW_LootSlot6</Pieces>
    <Pieces>LW_LootSlot7</Pieces>
    <Pieces>LW_LootSlot8</Pieces>
    <Pieces>LW_LootSlot9</Pieces>
    <Pieces>LW_LootSlot10</Pieces>
    <Pieces>LW_LootSlot11</Pieces>
    <Pieces>LW_LootSlot12</Pieces>
    <Pieces>LW_LootSlot13</Pieces>
    <Pieces>LW_LootSlot14</Pieces>
    <Pieces>LW_LootSlot15</Pieces>
    <Pieces>LW_LootSlot16</Pieces>
    <Pieces>LW_LootSlot17</Pieces>
    <Pieces>LW_LootSlot18</Pieces>
    <Pieces>LW_LootSlot19</Pieces>
    <Pieces>LW_LootSlot20</Pieces>
    <Pieces>LW_LootSlot21</Pieces>
    <Pieces>LW_LootSlot22</Pieces>
    <Pieces>LW_LootSlot23</Pieces>
    <Pieces>LW_LootSlot24</Pieces>
    <Pieces>LW_LootSlot25</Pieces>
    <Pieces>LW_LootSlot26</Pieces>
    <Pieces>LW_LootSlot27</Pieces>
    <Pieces>LW_LootSlot28</Pieces>
    <Pieces>LW_LootSlot29</Pieces>
    <Pieces>LW_LootSlot30</Pieces>
    <Pieces>LW_LootSlot31</Pieces>
    <Pieces>LW_LootSlot32</Pieces>
    <Pieces>LW_LootSlot33</Pieces>
    <Pieces>LW_LootSlot34</Pieces>
    <Size>
      <CX>220</CX>
      <CY>282</CY>
    </Size>
    <Location>
      <X>0</X>
      <Y>47</Y>
    </Location>
  </Screen>
  <Button item="LW_DoneButton">
    <ScreenID>DoneButton</ScreenID>
    <!--<Font>3</Font>-->
    <RelativePosition>true</RelativePosition>
    <AutoStretch>False</AutoStretch>
    <LeftAnchorOffset>0</LeftAnchorOffset>
    <TopAnchorOffset>0</TopAnchorOffset>
    <RightAnchorOffset>0</RightAnchorOffset>
    <BottomAnchorOffset>0</BottomAnchorOffset>
    <RightAnchorToLeft>false</RightAnchorToLeft>
    <BottomAnchorToTop>false</BottomAnchorToTop>
    <TopAnchorToTop>false</TopAnchorToTop>
    <Style_Transparent>false</Style_Transparent>
    <!--<TooltipReference/>-->
    <Style_Checkbox>false</Style_Checkbox>
    <!--<RadioGroup/>-->
    <Text>DONE</Text>
    <TextColor>
      <R>255</R>
      <G>255</G>
      <B>255</B>
    </TextColor>
    <UseCustomMouseoverColor>true</UseCustomMouseoverColor>
    <MouseoverColor>
      <R>205</R>
      <G>80</G>
      <B>55</B>
    </MouseoverColor>
    <UseCustomPressedColor>true</UseCustomPressedColor>
    <PressedColor>
      <R>190</R>
      <G>65</G>
      <B>40</B>
    </PressedColor>
    <UseCustomDisabledColor>true</UseCustomDisabledColor>
    <DisabledColor>
      <R>40</R>
      <G>40</G>
      <B>40</B>
    </DisabledColor>
    <Template>BDT_btmpkd</Template>
    <Size>
      <CX>98</CX>
      <CY>20</CY>
    </Size>
    <Location>
      <X>105</X>
      <Y>330</Y>
    </Location>
    <Font>2</Font>
  </Button>
  <Button item="LW_LootAllButton">
    <ScreenID>LootAllButton</ScreenID>
    <!--<Font>3</Font>-->
    <RelativePosition>true</RelativePosition>
    <AutoStretch>False</AutoStretch>
    <LeftAnchorOffset>0</LeftAnchorOffset>
    <TopAnchorOffset>0</TopAnchorOffset>
    <RightAnchorOffset>0</RightAnchorOffset>
    <BottomAnchorOffset>0</BottomAnchorOffset>
    <RightAnchorToLeft>false</RightAnchorToLeft>
    <BottomAnchorToTop>false</BottomAnchorToTop>
    <TopAnchorToTop>false</TopAnchorToTop>
    <Style_Transparent>false</Style_Transparent>
    <!--<TooltipReference/>-->
    <Style_Checkbox>false</Style_Checkbox>
    <!--<RadioGroup/>-->
    <Text>LOOT</Text>
    <TextColor>
      <R>255</R>
      <G>255</G>
      <B>255</B>
    </TextColor>
    <UseCustomMouseoverColor>true</UseCustomMouseoverColor>
    <MouseoverColor>
      <R>204</R>
      <G>80</G>
      <B>55</B>
    </MouseoverColor>
    <UseCustomPressedColor>true</UseCustomPressedColor>
    <PressedColor>
      <R>255</R>
      <G>255</G>
      <B>255</B>
    </PressedColor>
    <UseCustomDisabledColor>true</UseCustomDisabledColor>
    <DisabledColor>
      <R>40</R>
      <G>40</G>
      <B>40</B>
    </DisabledColor>
    <Template>BDT_btmpkd</Template>
    <Size>
      <CX>98</CX>
      <CY>20</CY>
    </Size>
    <Location>
      <X>5</X>
      <Y>330</Y>
    </Location>
    <Font>2</Font>
  </Button>
  <Screen item="LootWnd">
    <RelativePosition>false</RelativePosition>
    <Text>Loot</Text>
    <Style_VScroll>false</Style_VScroll>
    <Style_HScroll>false</Style_HScroll>
    <Style_Transparent>false</Style_Transparent>
    <DrawTemplate>WDT_StandardSolid</DrawTemplate>
    <Style_Titlebar>False</Style_Titlebar>
    <Style_Qmarkbox>true</Style_Qmarkbox>
    <Style_Closebox>true</Style_Closebox>
    <Style_Minimizebox>false</Style_Minimizebox>
    <Style_Border>true</Style_Border>
    <Style_Sizable>False</Style_Sizable>
    <Style_SizableBorderLeft>false</Style_SizableBorderLeft>
    <Style_SizableBorderRight>false</Style_SizableBorderRight>
    <Style_SizableBorderTopLeft>false</Style_SizableBorderTopLeft>
    <Style_SizableBorderTopRight>false</Style_SizableBorderTopRight>
    <Style_SizableBorderBottomLeft>false</Style_SizableBorderBottomLeft>
    <Style_SizableBorderBottomRight>false</Style_SizableBorderBottomRight>
    <Location>
      <X>0</X>
      <Y>25</Y>
    </Location>
    <Size>
      <CX>212</CX>
      <CY>360</CY>
    </Size>
    <Pieces>LW_CorpseName</Pieces>
    <Pieces>LW_LootInvWnd</Pieces>
    <Pieces>LW_BroadcastButton</Pieces>
    <Pieces>LW_DoneButton</Pieces>
    <Pieces>LW_LootAllButton</Pieces>
  </Screen>
</XML>