<?xml version="1.0" encoding="us-ascii"?>
<XML ID="EQInterfaceDefinitionLanguage">
  <Schema xmlns="EverQuestData" xmlns:dt="EverQuestDataTypes" />

  <TextureInfo item="AttackIndicator.tga">
		<Size>
			<CX>300</CX>
			<CY>51</CY>
		</Size>
	</TextureInfo>
	<!--<Ui2DAnimation item="A_AttackIndicatorTop">
		<Cycle>false</Cycle>
		<Frames>
			<Texture>AttackIndicator.tga</Texture>
			<Location>
				<X>0</X>
				<Y>0</Y>
			</Location>
			<Size>
				<CX>200</CX>
				<CY>3</CY>
			</Size>
		</Frames>
	</Ui2DAnimation>-->
	<!--<Ui2DAnimation item="A_AttackIndicatorBottom">
		<Cycle>false</Cycle>
		<Frames>
			<Texture>AttackIndicator.tga</Texture>
			<Location>
				<X>0</X>
				<Y>31</Y>
			</Location>
			<Size>
				<CX>200</CX>
				<CY>3</CY>
			</Size>
		</Frames>
	</Ui2DAnimation>-->
<Ui2DAnimation item="A_AttackIndicatorLeft">
		<Cycle>false</Cycle>
		<Frames>
			<Texture>AttackIndicator.tga</Texture>
			<Location>
				<X>0</X>
				<Y>0</Y>
			</Location>
			<Size>
				<CX>4</CX>
				<CY>51</CY>
			</Size>
		</Frames>
	</Ui2DAnimation>
	
	
	
	
			 
			  
			
			  
		 
			  
			   
		  
		   
					
												 
					  
		  
										 
			 
			
			
			  
		 
				
			   
		  
		   
					
													  
											   
											 
							
								 
									  
											
										
										  
									   
											 
										   
											  
					  
														 
												  
												
							
								 
									  
											
										
										  
										
											  
										   
											  
					  
	<StaticAnimation item="A_AttackIndicatorAnimLeft">
		<ScreenID>A_AttackIndicatorAnimLeft</ScreenID>
		<Animation>A_AttackIndicatorLeft</Animation>
		<AutoDraw>false</AutoDraw>
		<AutoStretch>false</AutoStretch>
		<TopAnchorOffset>0</TopAnchorOffset>
		<BottomAnchorOffset>0</BottomAnchorOffset>
		<LeftAnchorOffset>0</LeftAnchorOffset>
		<RightAnchorOffset>0</RightAnchorOffset>		
		<TopAnchorToTop>true</TopAnchorToTop>
		<BottomAnchorToTop>false</BottomAnchorToTop>
		<LeftAnchorToLeft>false</LeftAnchorToLeft>
		<RightAnchorToLeft>false</RightAnchorToLeft>
    <Size>
      <CX>4</CX>
      <CY>90</CY>
    </Size>
	</StaticAnimation>
	
	
											   
							
								 
									  
											
										
										  
									   
											  
											
											  
					  
													   
												
											  
							
								 
										
									  
										  
											
											  
											  
					  

  <Label item="Player_NameLabel">
    <Font>4</Font>
    <Text>Player</Text>
    <ScreenID>PNameLabel</ScreenID>
    <RelativePosition>true</RelativePosition>
    <EQType>1</EQType>
    <Location>
      <X>14</X>
      <Y>4</Y>
    </Location>
    <Size>
      <CX>231</CX>
      <CY>22</CY>
    </Size>
    <TextColor>
      <R>240</R>
      <G>240</G>
      <B>240</B>
    </TextColor>
    <NoWrap>true</NoWrap>
    <AlignRight>False</AlignRight>
  </Label>
  <!--<Label item="Player_NameLabelShadow">
    <Font>4</Font>
    <Text>Player</Text>
    <ScreenID>PNameLabelShadow</ScreenID>
    <RelativePosition>true</RelativePosition>
    <EQType>1</EQType>
    <Location>
      <X>15</X>
      <Y>6</Y>
    </Location>
    <Size>
      <CX>236</CX>
      <CY>22</CY>
    </Size>
    <TextColor>
      <R>0</R>
      <G>0</G>
      <B>0</B>
    </TextColor>
    <NoWrap>true</NoWrap>
    <AlignRight>False</AlignRight>
  </Label>-->
  <Gauge item="Player_HP">
    
    <TextColor>
      <R>240</R>
      <G>240</G>
      <B>240</B>
    </TextColor>
    <RelativePosition>true</RelativePosition>
    <Location>
      <X>4</X>
      <Y>0</Y>
    </Location>
    <Size>
      <CX>300</CX>
      <CY>30</CY>
    </Size>
    <TextOffsetX>-100</TextOffsetX>
    <GaugeOffsetY>0</GaugeOffsetY>
    <Style_VScroll>false</Style_VScroll>
    <Style_HScroll>false</Style_HScroll>
    <Style_Transparent>false</Style_Transparent>
    
    <FillTint>
      <R>10</R>
      <G>169</G>
      <B>250</B>
    </FillTint>
    <LinesFillTint>
      <R>220</R>
      <G>220</G>
      <B>0</B>
    </LinesFillTint>
    <DrawLinesFill>false</DrawLinesFill>
    <EQType>1</EQType>
    <GaugeDrawTemplate>
      <Background>btmpkd_GaugeBackground</Background>
      <Fill>btmpkd_GaugeFill</Fill>
      <EndCapLeft>btmpkd_GaugeEndCapLeft</EndCapLeft>
      <EndCapRight>btmpkd_GaugeEndCapRight</EndCapRight>
    </GaugeDrawTemplate>
  </Gauge>
  <Gauge item="Player_O2">
    
    <TextColor>
      <R>240</R>
      <G>240</G>
      <B>240</B>
    </TextColor>
    <RelativePosition>true</RelativePosition>
    <Location>
      <X>4</X>
      <Y>0</Y>
    </Location>
    <Size>
      <CX>300</CX>
      <CY>30</CY>
    </Size>
    <TextOffsetX>-100</TextOffsetX>
    <GaugeOffsetY>0</GaugeOffsetY>
    <Style_VScroll>false</Style_VScroll>
    <Style_HScroll>false</Style_HScroll>
    <Style_Transparent>false</Style_Transparent>
    
    <FillTint>
      <A>100</A>
      <R>0</R>
      <G>190</G>
      <B>250</B>
    </FillTint>
    <LinesFillTint>
      <R>220</R>
      <G>220</G>
      <B>0</B>
    </LinesFillTint>
    <DrawLinesFill>false</DrawLinesFill>
    <EQType>8</EQType>
    <GaugeDrawTemplate>
      <Background>btmpkd_GaugeBackground</Background>
      <Fill>btmpkd_GaugeFill</Fill>
      <EndCapLeft>btmpkd_GaugeEndCapLeft</EndCapLeft>
      <EndCapRight>btmpkd_GaugeEndCapRight</EndCapRight>
    </GaugeDrawTemplate>
  </Gauge>
  <Gauge item="Pet_HP">
    <ScreenID>PetHP</ScreenID>
    <RelativePosition>true</RelativePosition>
    <EQType>16</EQType>
    <Location>
      <X>0</X>
      <Y>0</Y>
    </Location>
    <Size>
      <CX>2</CX>
      <CY>2</CY>
    </Size>
  </Gauge>
  <Gauge item="Player_Mana">
    <ScreenID>PlayerMana</ScreenID>
    
    <RelativePosition>true</RelativePosition>
    <Location>
      <X>4</X>
      <Y>28</Y>
    </Location>
    <Size>
      <CX>300</CX>
      <CY>10</CY>
    </Size>
    <GaugeOffsetY>0</GaugeOffsetY>
    <Style_VScroll>false</Style_VScroll>
    <Style_HScroll>false</Style_HScroll>
    <Style_Transparent>false</Style_Transparent>
    
    <FillTint>
      <R>0</R>
      <G>40</G>
      <B>250</B>
    </FillTint>
    <LinesFillTint>
      <R>0</R>
      <G>220</G>
      <B>220</B>
    </LinesFillTint>
    <DrawLinesFill>false</DrawLinesFill>
    <EQType>2</EQType>
    <GaugeDrawTemplate>
      <Background>btmpkd_GaugeBackgroundSmall</Background>
      <Fill>btmpkd_GaugeFillSmall</Fill>
      <EndCapLeft>btmpkd_GaugeEndCapLeftSmall</EndCapLeft>
      <EndCapRight>btmpkd_GaugeEndCapRightSmall</EndCapRight>
    </GaugeDrawTemplate>
  </Gauge>
  <Gauge item="Player_Fatigue">
    <ScreenID>PlayerFatigue</ScreenID>
    
    <RelativePosition>true</RelativePosition>
    <Location>
      <X>4</X>
      <Y>38</Y>
    </Location>
    <Size>
      <CX>300</CX>
      <CY>10</CY>
    </Size>
    <GaugeOffsetY>0</GaugeOffsetY>
    <Style_VScroll>false</Style_VScroll>
    <Style_HScroll>false</Style_HScroll>
    <Style_Transparent>false</Style_Transparent>
    
    <FillTint>
      <R>210</R>
      <G>150</G>
      <B>40</B>
    </FillTint>
    <LinesFillTint>
      <R>0</R>
      <G>220</G>
      <B>0</B>
    </LinesFillTint>
    <DrawLinesFill>false</DrawLinesFill>
    <EQType>3</EQType>
    <GaugeDrawTemplate>
      <Background>btmpkd_GaugeBackgroundSmall</Background>
      <Fill>btmpkd_GaugeFillSmall</Fill>
      
												  
      <EndCapLeft>btmpkd_GaugeEndCapLeftSmall</EndCapLeft>
      <EndCapRight>btmpkd_GaugeEndCapRightSmall</EndCapRight>
    </GaugeDrawTemplate>
  </Gauge>
  <Gauge item="Player_CombatTimer">
    <ScreenID>Player_CombatTimer</ScreenID>
    <RelativePosition>true</RelativePosition>
    <EQType>29</EQType>
    <Location>
      <X>0</X>
      <Y>0</Y>
    </Location>
    <Size>
      <CX>2</CX>
      <CY>2</CY>
    </Size>
  </Gauge>
  <Gauge item="Player_Cast">
    <ScreenID>Player_Cast</ScreenID>
    <RelativePosition>true</RelativePosition>
    <GaugeOffsetY>0</GaugeOffsetY>
    <FillTint>
      <R>255</R>
      <G>65</G>
      <B>100</B>
    </FillTint>
    <EQType>7</EQType>
    <GaugeDrawTemplate>
      <Background>btmpkd_GaugeBackgroundSmall</Background>
      <Fill>btmpkd_GaugeFillSmall</Fill>
      
												  
      <EndCapLeft>btmpkd_GaugeEndCapLeftSmall</EndCapLeft>
      <EndCapRight>btmpkd_GaugeEndCapRightSmall</EndCapRight>
    </GaugeDrawTemplate>
    <Size>
      <CX>300</CX>
      <CY>10</CY>
    </Size>
    <Location>
      <X>4</X>
      <Y>70</Y>
    </Location>
  </Gauge>
  <Label item="PlayerCastName">
    <ScreenID>PlayerCastName</ScreenID>
    <EQType>134</EQType>
    <Font>4</Font>
    <RelativePosition>true</RelativePosition>
    <Text>Casting...</Text>
    <TextColor>
      <R>255</R>
      <G>255</G>
      <B>255</B>
    </TextColor>
    <NoWrap>true</NoWrap>
    <AlignLeft>true</AlignLeft>
    <AutoStretch>False</AutoStretch>
    <TopAnchorOffset>115</TopAnchorOffset>
    <BottomAnchorOffset>132</BottomAnchorOffset>
    <LeftAnchorOffset>6</LeftAnchorOffset>
    <RightAnchorToLeft>false</RightAnchorToLeft>
    <Style_Tooltip>false</Style_Tooltip>
    <Size>
      <CX>296</CX>
      <CY>16</CY>
    </Size>
    <Location>
      <X>14</X>
      <Y>51</Y>
    </Location>
    <Style_Border>True</Style_Border>
  </Label>
  <Label item="PlayerCastNameShadow">
    <ScreenID>PlayerCastNameShadow</ScreenID>
    <EQType>134</EQType>
    <Font>4</Font>
    <RelativePosition>true</RelativePosition>
    <Text>Casting...</Text>
    <TextColor>
      <R>0</R>
      <G>0</G>
      <B>0</B>
    </TextColor>
    <NoWrap>true</NoWrap>
    <AlignLeft>true</AlignLeft>
    <AutoStretch>False</AutoStretch>
    <TopAnchorOffset>115</TopAnchorOffset>
    <BottomAnchorOffset>132</BottomAnchorOffset>
    <LeftAnchorOffset>6</LeftAnchorOffset>
    <RightAnchorToLeft>false</RightAnchorToLeft>
    <Style_Tooltip>false</Style_Tooltip>
    <Size>
      <CX>296</CX>
      <CY>18</CY>
    </Size>
    <Location>
      <X>15</X>
      <Y>52</Y>
    </Location>
  </Label>
  
  <!--<Label item="Player_HPLabelShadow">
    <Font>2</Font>
    <Text>100</Text>
    <ScreenID>HPLabel</ScreenID>
    <RelativePosition>true</RelativePosition>
    <EQType>19</EQType>
    <Location>
      <X>255</X>
      <Y>6</Y>
    </Location>
    <Size>
      <CX>30</CX>
      <CY>22</CY>
    </Size>
    <TextColor>
      <R>0</R>
      <G>0</G>
      <B>0</B>
    </TextColor>
    <NoWrap>true</NoWrap>
    <AlignRight>False</AlignRight>
  </Label>-->
    <Label item="Player_HPNumber">
    <Font>4</Font>
    <ScreenID>HPLabel</ScreenID>
    <EQType>70</EQType>
    <RelativePosition>true</RelativePosition>
    <Location>
      <X>207</X>
      <Y>4</Y>
    </Location>
    <Size>
      <CX>88</CX>
      <CY>12</CY>
    </Size>
    <Text>100000</Text>
    <TextColor>
      <R>255</R>
      <G>255</G>
      <B>255</B>
    </TextColor>
    <NoWrap>true</NoWrap>
    <AlignCenter>false</AlignCenter>
    <AlignRight>true</AlignRight>
  </Label>
  <!--<Label item="Player_HPLabel">
    <Font>2</Font>
    <Text>100</Text>
    <ScreenID>HPLabel</ScreenID>
    <RelativePosition>true</RelativePosition>
    <EQType>19</EQType>
    <Location>
      <X>254</X>
      <Y>4</Y>
    </Location>
    <Size>
      <CX>30</CX>
      <CY>22</CY>
    </Size>
    <TextColor>
      <R>255</R>
      <G>255</G>
      <B>255</B>
    </TextColor>
    <NoWrap>true</NoWrap>
    <AlignRight>False</AlignRight>
  </Label>-->
  <!--<Label item="Player_HPPercLabelShadow">
    <ScreenID>HPPerLabel</ScreenID>
    <Font>2</Font>
    <RelativePosition>true</RelativePosition>
    <Text>%</Text>
    <Location>
      <X>280</X>
      <Y>6</Y>
    </Location>
    <Size>
      <CX>16</CX>
      <CY>22</CY>
    </Size>
    <TextColor>
      <R>0</R>
      <G>0</G>
      <B>0</B>
    </TextColor>
    <NoWrap>true</NoWrap>
    <AlignRight>True</AlignRight>
  </Label>-->
  <!--<Label item="Player_HPPercLabel">
    <ScreenID>HPPerLabel</ScreenID>
    <Font>2</Font>
    <RelativePosition>true</RelativePosition>
    <Text>%</Text>
    <Location>
      <X>280</X>
      <Y>4</Y>
    </Location>
    <Size>
      <CX>16</CX>
      <CY>22</CY>
    </Size>
    <TextColor>
      <R>255</R>
      <G>255</G>
      <B>255</B>
    </TextColor>
    <NoWrap>true</NoWrap>
    <AlignRight>True</AlignRight>
  </Label>-->
  <Label item="Player_ManaLabel">
    <ScreenID>ManaLabel</ScreenID>
    <RelativePosition>true</RelativePosition>
    <EQType>20</EQType>
    <Location>
      <X>0</X>
      <Y>0</Y>
    </Location>
    <Size>
      <CX>2</CX>
      <CY>2</CY>
    </Size>
  </Label>
  <Label item="Player_ManaPercLabel">
    <ScreenID>ManPercLabel</ScreenID>
    <RelativePosition>true</RelativePosition>
    <Text>%</Text>
    <Location>
      <X>0</X>
      <Y>0</Y>
    </Location>
    <Size>
      <CX>2</CX>
      <CY>2</CY>
    </Size>
  </Label>
  <Label item="Player_FatigueLabel">
    <ScreenID>FatigueLabel</ScreenID>
    <RelativePosition>true</RelativePosition>
    <EQType>21</EQType>
    <Location>
      <X>0</X>
      <Y>0</Y>
    </Location>
    <Size>
      <CX>2</CX>
      <CY>2</CY>
    </Size>
  </Label>
  <Label item="Player_FatiguePercLabel">
    <ScreenID>FatiguePercLabel</ScreenID>
    <RelativePosition>true</RelativePosition>
    <Text>%</Text>
    <Location>
      <X>0</X>
      <Y>0</Y>
    </Location>
    <Size>
      <CX>2</CX>
      <CY>2</CY>
    </Size>
  </Label>
  <Screen item="PlayerWindow">
    <RelativePosition>false</RelativePosition>
    <Location>
      <X>1462</X>
      <Y>2247</Y>
    </Location>
    <Size>
      <CX>315</CX>
      <CY>90</CY>
    </Size>
    <Font>3</Font>
    <Text>Player</Text>
    <Style_VScroll>false</Style_VScroll>
    <Style_HScroll>false</Style_HScroll>
    <Style_Transparent>true</Style_Transparent>
    <TooltipReference>This is the player window.</TooltipReference>
    <DrawTemplate>WDT_Standard</DrawTemplate>
    <Style_Titlebar>false</Style_Titlebar>
    <Style_Closebox>false</Style_Closebox>
    <Style_Minimizebox>false</Style_Minimizebox>
    <Style_Border>false</Style_Border>
    <Style_Sizable>false</Style_Sizable>
    <Escapable>false</Escapable>
    <Pieces>Player_HP</Pieces>
    <Pieces>Pet_HP</Pieces>
    <Pieces>Player_Mana</Pieces>
    <Pieces>Player_Fatigue</Pieces>
	<Pieces>Player_HPNumber</Pieces>
    <!--<Pieces>Player_HPLabelShadow</Pieces>-->
    <!--<Pieces>Player_HPLabel</Pieces>-->
    <!--<Pieces>Player_NameLabelShadow</Pieces>-->
    <Pieces>Player_NameLabel</Pieces>
    <!--<Pieces>Player_HPPercLabelShadow</Pieces>-->
    <!--<Pieces>Player_HPPercLabel</Pieces>-->
    <Pieces>Player_ManaLabel</Pieces>
    <Pieces>Player_ManaPercLabel</Pieces>
    <Pieces>Player_FatigueLabel</Pieces>
    <Pieces>Player_FatiguePercLabel</Pieces>
    <Pieces>Player_Cast</Pieces>
    <Pieces>PlayerCastNameShadow</Pieces>
    <Pieces>PlayerCastName</Pieces>
    <!--<Pieces>Player_O2</Pieces>-->
    <!--<Pieces>A_AttackIndicatorAnimTop</Pieces>-->
		<!--<Pieces>A_AttackIndicatorAnimBottom</Pieces>-->
		<Pieces>A_AttackIndicatorAnimLeft</Pieces>
		<!--<Pieces>A_AttackIndicatorAnimRight</Pieces>-->
		<!--<Pieces>A_AttackIndicatorAnimFill</Pieces>-->
  </Screen>
</XML>