<?xml version="1.0" encoding="us-ascii"?>
<XML ID="EQInterfaceDefinitionLanguage">
  <Schema xmlns="EverQuestData" xmlns:dt="EverQuestDataTypes" />
  <Label item="GVW_NPCName">
    <ScreenID>GVW_NPCName</ScreenID>
    <!--<Font>3</Font>-->
    <RelativePosition>true</RelativePosition>
    <Location>
      <X>0</X>
      <Y>1</Y>
    </Location>
    <Size>
      <CX>95</CX>
      <CY>40</CY>
    </Size>
    <Text>NPC Name</Text>
    <TextColor>
      <R>255</R>
      <G>255</G>
      <B>255</B>
    </TextColor>
    <NoWrap>false</NoWrap>
    <AlignCenter>true</AlignCenter>
    <AlignRight>false</AlignRight>
  </Label>
  <InvSlot item="GVW_MyItemSlot0">
    <ScreenID>GVW_MyItemSlot0</ScreenID>
    <!--<Font>3</Font>-->
    <RelativePosition>true</RelativePosition>
    <Location>
      <X>30</X>
      <Y>32</Y>
    </Location>
    <Size>
      <CX>40</CX>
      <CY>40</CY>
    </Size>
    <Background>A_RecessedBox</Background>
    <EQType>3000</EQType>
  </InvSlot>
  <InvSlot item="GVW_MyItemSlot1">
    <ScreenID>GVW_MyItemSlot1</ScreenID>
    <!--<Font>3</Font>-->
    <RelativePosition>true</RelativePosition>
    <Location>
      <X>30</X>
      <Y>72</Y>
    </Location>
    <Size>
      <CX>40</CX>
      <CY>40</CY>
    </Size>
    <Background>A_RecessedBox</Background>
    <EQType>3001</EQType>
  </InvSlot>
  <InvSlot item="GVW_MyItemSlot2">
    <ScreenID>GVW_MyItemSlot2</ScreenID>
    <!--<Font>3</Font>-->
    <RelativePosition>true</RelativePosition>
    <Location>
      <X>30</X>
      <Y>112</Y>
    </Location>
    <Size>
      <CX>40</CX>
      <CY>40</CY>
    </Size>
    <Background>A_RecessedBox</Background>
    <EQType>3002</EQType>
  </InvSlot>
  <InvSlot item="GVW_MyItemSlot3">
    <ScreenID>GVW_MyItemSlot3</ScreenID>
    <!--<Font>3</Font>-->
    <RelativePosition>true</RelativePosition>
    <Location>
      <X>30</X>
      <Y>152</Y>
    </Location>
    <Size>
      <CX>40</CX>
      <CY>40</CY>
    </Size>
    <Background>A_RecessedBox</Background>
    <EQType>3003</EQType>
  </InvSlot>
  <Button item="GVW_MyMoney0">
    <ScreenID>GVW_MyMoney0</ScreenID>
    <!--<Font>3</Font>-->
    <RelativePosition>true</RelativePosition>
    <Location>
      <X>5</X>
      <Y>197</Y>
    </Location>
    <Size>
      <CX>85</CX>
      <CY>24</CY>
    </Size>
    <Style_Transparent>false</Style_Transparent>
    <TooltipReference>Drop coins here</TooltipReference>
    <Style_Checkbox>false</Style_Checkbox>
    <RadioGroup />
    <Text>60000</Text>
    <TextColor>
      <R>255</R>
      <G>255</G>
      <B>255</B>
    </TextColor>
    <Template>BDT_PlatinumCoin</Template>
    <DecalOffset>
      <X>2</X>
      <Y>2</Y>
    </DecalOffset>
    <DecalSize>
      <CX>18</CX>
      <CY>18</CY>
    </DecalSize>
  </Button>
  <Button item="GVW_MyMoney1">
    <ScreenID>GVW_MyMoney1</ScreenID>
    <!--<Font>3</Font>-->
    <RelativePosition>true</RelativePosition>
    <Location>
      <X>5</X>
      <Y>221</Y>
    </Location>
    <Size>
      <CX>85</CX>
      <CY>24</CY>
    </Size>
    <Style_Transparent>false</Style_Transparent>
    <TooltipReference>Drop coins here</TooltipReference>
    <Style_Checkbox>false</Style_Checkbox>
    <!--<RadioGroup/>-->
    <Text>60000</Text>
    <TextColor>
      <R>255</R>
      <G>255</G>
      <B>255</B>
    </TextColor>
    <Template>BDT_GoldCoin</Template>
    <DecalOffset>
      <X>2</X>
      <Y>2</Y>
    </DecalOffset>
    <DecalSize>
      <CX>18</CX>
      <CY>18</CY>
    </DecalSize>
  </Button>
  <Button item="GVW_MyMoney2">
    <ScreenID>GVW_MyMoney2</ScreenID>
    <!--<Font>3</Font>-->
    <RelativePosition>true</RelativePosition>
    <Location>
      <X>5</X>
      <Y>245</Y>
    </Location>
    <Size>
      <CX>85</CX>
      <CY>24</CY>
    </Size>
    <Style_Transparent>false</Style_Transparent>
    <TooltipReference>Drop coins here</TooltipReference>
    <Style_Checkbox>false</Style_Checkbox>
    <!--<RadioGroup/>-->
    <Text>60000</Text>
    <TextColor>
      <R>255</R>
      <G>255</G>
      <B>255</B>
    </TextColor>
    <Template>BDT_SilverCoin</Template>
    <DecalOffset>
      <X>2</X>
      <Y>2</Y>
    </DecalOffset>
    <DecalSize>
      <CX>18</CX>
      <CY>18</CY>
    </DecalSize>
  </Button>
  <Button item="GVW_MyMoney3">
    <ScreenID>GVW_MyMoney3</ScreenID>
    <!--<Font>3</Font>-->
    <RelativePosition>true</RelativePosition>
    <Location>
      <X>5</X>
      <Y>269</Y>
    </Location>
    <Size>
      <CX>85</CX>
      <CY>24</CY>
    </Size>
    <Style_Transparent>false</Style_Transparent>
    <TooltipReference>Drop coins here</TooltipReference>
    <Style_Checkbox>false</Style_Checkbox>
    <!--<RadioGroup/>-->
    <Text>60000</Text>
    <TextColor>
      <R>255</R>
      <G>255</G>
      <B>255</B>
    </TextColor>
    <Template>BDT_CopperCoin</Template>
    <DecalOffset>
      <X>2</X>
      <Y>2</Y>
    </DecalOffset>
    <DecalSize>
      <CX>18</CX>
      <CY>18</CY>
    </DecalSize>
  </Button>
  <Button item="GVW_Give_Button">
    <ScreenID>GVW_Give_Button</ScreenID>
    <!--<Font>3</Font>-->
    <RelativePosition>true</RelativePosition>
    <Location>
      <X>5</X>
      <Y>300</Y>
    </Location>
    <Size>
      <CX>85</CX>
      <CY>20</CY>
    </Size>
    <Style_Transparent>false</Style_Transparent>
    <!--<TooltipReference/>-->
    <Style_Checkbox>false</Style_Checkbox>
    <!--<RadioGroup/>-->
    <Text>Give</Text>
    <TextColor>
      <R>255</R>
      <G>255</G>
      <B>255</B>
    </TextColor>
    <Template>BDT_Normal</Template>
  </Button>
  <Button item="GVW_Cancel_Button">
    <ScreenID>GVW_Cancel_Button</ScreenID>
    <!--<Font>3</Font>-->
    <RelativePosition>true</RelativePosition>
    <Location>
      <X>5</X>
      <Y>324</Y>
    </Location>
    <Size>
      <CX>85</CX>
      <CY>20</CY>
    </Size>
    <BottomAnchorToTop>false</BottomAnchorToTop>
    <Style_Transparent>false</Style_Transparent>
    <!--<TooltipReference/>-->
    <Style_Checkbox>false</Style_Checkbox>
    <!--<RadioGroup/>-->
    <Text>Cancel</Text>
    <TextColor>
      <R>255</R>
      <G>255</G>
      <B>255</B>
    </TextColor>
    <Template>BDT_Normal</Template>
  </Button>
  <Screen item="GiveWnd">
    <!--<ScreenID/>-->
    <RelativePosition>false</RelativePosition>
    <Location>
      <X>0</X>
      <Y>25</Y>
    </Location>
    <Size>
      <CX>108</CX>
      <CY>375</CY>
    </Size>
    <Text>Give</Text>
    <Style_Transparent>false</Style_Transparent>
    <!--<TooltipReference/>-->
    <DrawTemplate>WDT_StandardSolid</DrawTemplate>
    <Style_Titlebar>true</Style_Titlebar>
    <Style_Qmarkbox>true</Style_Qmarkbox>
    <Style_Closebox>true</Style_Closebox>
    <Style_Minimizebox>false</Style_Minimizebox>
    <Style_Border>true</Style_Border>
    <Style_Sizable>false</Style_Sizable>
    <Pieces>GVW_NPCName</Pieces>
    <Pieces>GVW_MyItemSlot0</Pieces>
    <Pieces>GVW_MyItemSlot1</Pieces>
    <Pieces>GVW_MyItemSlot2</Pieces>
    <Pieces>GVW_MyItemSlot3</Pieces>
    <Pieces>GVW_MyMoney0</Pieces>
    <Pieces>GVW_MyMoney1</Pieces>
    <Pieces>GVW_MyMoney2</Pieces>
    <Pieces>GVW_MyMoney3</Pieces>
    <Pieces>GVW_Give_Button</Pieces>
    <Pieces>GVW_Cancel_Button</Pieces>
  </Screen>
</XML>