<?xml version="1.0" encoding="us-ascii"?>
<XML ID="EQInterfaceDefinitionLanguage">
  <Schema xmlns="EverQuestData" xmlns:dt="EverQuestDataTypes" />
  <Label item="BIGB_BankerName">
    <ScreenID>BIGB_BankerName</ScreenID>
    <!--<Font>3</Font>-->
    <RelativePosition>true</RelativePosition>
    <Location>
      <X>-11</X>
      <Y>0</Y>
    </Location>
    <Size>
      <CX>300</CX>
      <CY>40</CY>
    </Size>
    <Text>Banker Name</Text>
    <TextColor>
      <R>255</R>
      <G>255</G>
      <B>255</B>
    </TextColor>
    <NoWrap>false</NoWrap>
    <AlignCenter>true</AlignCenter>
    <AlignRight>false</AlignRight>
  </Label>
  <InvSlot item="BIGB_BankSlot0">
    <ScreenID>BIGB_BankSlot0</ScreenID>
    <!--<Font>3</Font>-->
    <RelativePosition>true</RelativePosition>
    <Location>
      <X>-1</X>
      <Y>31</Y>
    </Location>
    <Size>
      <CX>40</CX>
      <CY>40</CY>
    </Size>
    <Background>A_RecessedBox</Background>
    <EQType>inventory/Bank 0</EQType>
  </InvSlot>
  <InvSlot item="BIGB_BankSlot1">
    <ScreenID>BIGB_BankSlot1</ScreenID>
    <!--<Font>3</Font>-->
    <RelativePosition>true</RelativePosition>
    <Location>
      <X>-1</X>
      <Y>71</Y>
    </Location>
    <Size>
      <CX>40</CX>
      <CY>40</CY>
    </Size>
    <Background>A_RecessedBox</Background>
    <EQType>inventory/Bank 1</EQType>
  </InvSlot>
  <InvSlot item="BIGB_BankSlot2">
    <ScreenID>BIGB_BankSlot2</ScreenID>
    <!--<Font>3</Font>-->
    <RelativePosition>true</RelativePosition>
    <Location>
      <X>-1</X>
      <Y>111</Y>
    </Location>
    <Size>
      <CX>40</CX>
      <CY>40</CY>
    </Size>
    <Background>A_RecessedBox</Background>
    <EQType>inventory/Bank 2</EQType>
  </InvSlot>
  <InvSlot item="BIGB_BankSlot3">
    <ScreenID>BIGB_BankSlot3</ScreenID>
    <!--<Font>3</Font>-->
    <RelativePosition>true</RelativePosition>
    <Location>
      <X>-1</X>
      <Y>151</Y>
    </Location>
    <Size>
      <CX>40</CX>
      <CY>40</CY>
    </Size>
    <Background>A_RecessedBox</Background>
    <EQType>inventory/Bank 3</EQType>
  </InvSlot>
  <InvSlot item="BIGB_BankSlot4">
    <ScreenID>BIGB_BankSlot4</ScreenID>
    <!--<Font>3</Font>-->
    <RelativePosition>true</RelativePosition>
    <Location>
      <X>39</X>
      <Y>31</Y>
    </Location>
    <Size>
      <CX>40</CX>
      <CY>40</CY>
    </Size>
    <Background>A_RecessedBox</Background>
    <EQType>inventory/Bank 4</EQType>
  </InvSlot>
  <InvSlot item="BIGB_BankSlot5">
    <ScreenID>BIGB_BankSlot5</ScreenID>
    <!--<Font>3</Font>-->
    <RelativePosition>true</RelativePosition>
    <Location>
      <X>39</X>
      <Y>71</Y>
    </Location>
    <Size>
      <CX>40</CX>
      <CY>40</CY>
    </Size>
    <Background>A_RecessedBox</Background>
    <EQType>inventory/Bank 5</EQType>
  </InvSlot>
  <InvSlot item="BIGB_BankSlot6">
    <ScreenID>BIGB_BankSlot6</ScreenID>
    <!--<Font>3</Font>-->
    <RelativePosition>true</RelativePosition>
    <Location>
      <X>39</X>
      <Y>111</Y>
    </Location>
    <Size>
      <CX>40</CX>
      <CY>40</CY>
    </Size>
    <Background>A_RecessedBox</Background>
    <EQType>inventory/Bank 6</EQType>
  </InvSlot>
  <InvSlot item="BIGB_BankSlot7">
    <ScreenID>BIGB_BankSlot7</ScreenID>
    <!--<Font>3</Font>-->
    <RelativePosition>true</RelativePosition>
    <Location>
      <X>39</X>
      <Y>151</Y>
    </Location>
    <Size>
      <CX>40</CX>
      <CY>40</CY>
    </Size>
    <Background>A_RecessedBox</Background>
    <EQType>inventory/Bank 7</EQType>
  </InvSlot>
  <InvSlot item="BIGB_BankSlot8">
    <ScreenID>BIGB_BankSlot8</ScreenID>
    <!--<Font>3</Font>-->
    <RelativePosition>true</RelativePosition>
    <Location>
      <X>99</X>
      <Y>31</Y>
    </Location>
    <Size>
      <CX>40</CX>
      <CY>40</CY>
    </Size>
    <Background>A_RecessedBox</Background>
    <EQType>inventory/Bank 8</EQType>
  </InvSlot>
  <InvSlot item="BIGB_BankSlot9">
    <ScreenID>BIGB_BankSlot9</ScreenID>
    <!--<Font>3</Font>-->
    <RelativePosition>true</RelativePosition>
    <Location>
      <X>99</X>
      <Y>71</Y>
    </Location>
    <Size>
      <CX>40</CX>
      <CY>40</CY>
    </Size>
    <Background>A_RecessedBox</Background>
    <EQType>inventory/Bank 9</EQType>
  </InvSlot>
  <InvSlot item="BIGB_BankSlot10">
    <ScreenID>BIGB_BankSlot10</ScreenID>
    <!--<Font>3</Font>-->
    <RelativePosition>true</RelativePosition>
    <Location>
      <X>99</X>
      <Y>111</Y>
    </Location>
    <Size>
      <CX>40</CX>
      <CY>40</CY>
    </Size>
    <Background>A_RecessedBox</Background>
    <EQType>inventory/Bank 10</EQType>
  </InvSlot>
  <InvSlot item="BIGB_BankSlot11">
    <ScreenID>BIGB_BankSlot11</ScreenID>
    <!--<Font>3</Font>-->
    <RelativePosition>true</RelativePosition>
    <Location>
      <X>99</X>
      <Y>151</Y>
    </Location>
    <Size>
      <CX>40</CX>
      <CY>40</CY>
    </Size>
    <Background>A_RecessedBox</Background>
    <EQType>inventory/Bank 11</EQType>
  </InvSlot>
  <InvSlot item="BIGB_BankSlot12">
    <ScreenID>BIGB_BankSlot12</ScreenID>
    <!--<Font>3</Font>-->
    <RelativePosition>true</RelativePosition>
    <Location>
      <X>139</X>
      <Y>31</Y>
    </Location>
    <Size>
      <CX>40</CX>
      <CY>40</CY>
    </Size>
    <Background>A_RecessedBox</Background>
    <EQType>inventory/Bank 12</EQType>
  </InvSlot>
  <InvSlot item="BIGB_BankSlot13">
    <ScreenID>BIGB_BankSlot13</ScreenID>
    <!--<Font>3</Font>-->
    <RelativePosition>true</RelativePosition>
    <Location>
      <X>139</X>
      <Y>71</Y>
    </Location>
    <Size>
      <CX>40</CX>
      <CY>40</CY>
    </Size>
    <Background>A_RecessedBox</Background>
    <EQType>inventory/Bank 13</EQType>
  </InvSlot>
  <InvSlot item="BIGB_BankSlot14">
    <ScreenID>BIGB_BankSlot14</ScreenID>
    <!--<Font>3</Font>-->
    <RelativePosition>true</RelativePosition>
    <Location>
      <X>139</X>
      <Y>111</Y>
    </Location>
    <Size>
      <CX>40</CX>
      <CY>40</CY>
    </Size>
    <Background>A_RecessedBox</Background>
    <EQType>inventory/Bank 14</EQType>
  </InvSlot>
  <InvSlot item="BIGB_BankSlot15">
    <ScreenID>BIGB_BankSlot15</ScreenID>
    <!--<Font>3</Font>-->
    <RelativePosition>true</RelativePosition>
    <Location>
      <X>139</X>
      <Y>151</Y>
    </Location>
    <Size>
      <CX>40</CX>
      <CY>40</CY>
    </Size>
    <Background>A_RecessedBox</Background>
    <EQType>inventory/Bank 15</EQType>
  </InvSlot>
  <InvSlot item="BIGB_BankSlot16">
    <ScreenID>BIGB_BankSlot16</ScreenID>
    <!--<Font>3</Font>-->
    <RelativePosition>true</RelativePosition>
    <Location>
      <X>199</X>
      <Y>31</Y>
    </Location>
    <Size>
      <CX>40</CX>
      <CY>40</CY>
    </Size>
    <Background>A_RecessedBox</Background>
    <EQType>inventory/Bank 16</EQType>
  </InvSlot>
  <InvSlot item="BIGB_BankSlot17">
    <ScreenID>BIGB_BankSlot17</ScreenID>
    <!--<Font>3</Font>-->
    <RelativePosition>true</RelativePosition>
    <Location>
      <X>199</X>
      <Y>71</Y>
    </Location>
    <Size>
      <CX>40</CX>
      <CY>40</CY>
    </Size>
    <Background>A_RecessedBox</Background>
    <EQType>inventory/Bank 17</EQType>
  </InvSlot>
  <InvSlot item="BIGB_BankSlot18">
    <ScreenID>BIGB_BankSlot18</ScreenID>
    <!--<Font>3</Font>-->
    <RelativePosition>true</RelativePosition>
    <Location>
      <X>199</X>
      <Y>111</Y>
    </Location>
    <Size>
      <CX>40</CX>
      <CY>40</CY>
    </Size>
    <Background>A_RecessedBox</Background>
    <EQType>inventory/Bank 18</EQType>
  </InvSlot>
  <InvSlot item="BIGB_BankSlot19">
    <ScreenID>BIGB_BankSlot19</ScreenID>
    <!--<Font>3</Font>-->
    <RelativePosition>true</RelativePosition>
    <Location>
      <X>199</X>
      <Y>151</Y>
    </Location>
    <Size>
      <CX>40</CX>
      <CY>40</CY>
    </Size>
    <Background>A_RecessedBox</Background>
    <EQType>inventory/Bank 19</EQType>
  </InvSlot>
  <InvSlot item="BIGB_BankSlot20">
    <ScreenID>BIGB_BankSlot20</ScreenID>
    <!--<Font>3</Font>-->
    <RelativePosition>true</RelativePosition>
    <Location>
      <X>239</X>
      <Y>31</Y>
    </Location>
    <Size>
      <CX>40</CX>
      <CY>40</CY>
    </Size>
    <Background>A_RecessedBox</Background>
    <EQType>inventory/Bank 20</EQType>
  </InvSlot>
  <InvSlot item="BIGB_BankSlot21">
    <ScreenID>BIGB_BankSlot21</ScreenID>
    <!--<Font>3</Font>-->
    <RelativePosition>true</RelativePosition>
    <Location>
      <X>239</X>
      <Y>71</Y>
    </Location>
    <Size>
      <CX>40</CX>
      <CY>40</CY>
    </Size>
    <Background>A_RecessedBox</Background>
    <EQType>inventory/Bank 21</EQType>
  </InvSlot>
  <InvSlot item="BIGB_BankSlot22">
    <ScreenID>BIGB_BankSlot22</ScreenID>
    <!--<Font>3</Font>-->
    <RelativePosition>true</RelativePosition>
    <Location>
      <X>239</X>
      <Y>111</Y>
    </Location>
    <Size>
      <CX>40</CX>
      <CY>40</CY>
    </Size>
    <Background>A_RecessedBox</Background>
    <EQType>inventory/Bank 22</EQType>
  </InvSlot>
  <InvSlot item="BIGB_BankSlot23">
    <ScreenID>BIGB_BankSlot23</ScreenID>
    <!--<Font>3</Font>-->
    <RelativePosition>true</RelativePosition>
    <Location>
      <X>239</X>
      <Y>151</Y>
    </Location>
    <Size>
      <CX>40</CX>
      <CY>40</CY>
    </Size>
    <Background>A_RecessedBox</Background>
    <EQType>inventory/Bank 23</EQType>
  </InvSlot>
  <Button item="BIGB_AutoButton">
    <ScreenID>AutoButton</ScreenID>
    <!--<Font>3</Font>-->
    <RelativePosition>true</RelativePosition>
    <Location>
      <X>-1</X>
      <Y>197</Y>
    </Location>
    <Size>
      <CX>80</CX>
      <CY>32</CY>
    </Size>
    <Style_Transparent>false</Style_Transparent>
    <TooltipReference>Click on this button with an item on your cursor, and it will be placed in your non-shared bank, if possible.</TooltipReference>
    <Style_Checkbox>false</Style_Checkbox>
    <!--<RadioGroup/>-->
    <Text>Auto-Bank</Text>
    <TextColor>
      <R>255</R>
      <G>255</G>
      <B>255</B>
    </TextColor>
    <Template>BDT_Normal</Template>
  </Button>
  <Label item="BIGB_SharedBankLabel">
    <ScreenID>BIGB_SharedBankLabel</ScreenID>
    <Font>3</Font>
    <Text>Shared Bank</Text>
    <TextColor>
      <R>255</R>
      <G>255</G>
      <B>255</B>
    </TextColor>
    <Size>
      <CX>80</CX>
      <CY>17</CY>
    </Size>
    <AlignCenter>true</AlignCenter>
    <Location>
      <X>-1</X>
      <Y>233</Y>
    </Location>
  </Label>
  <InvSlot item="BIGB_SharedBankSlot0">
    <ScreenID>BIGB_SharedBankSlot0</ScreenID>
    <!--<Font>3</Font>-->
    <RelativePosition>true</RelativePosition>
    <Location>
      <X>-1</X>
      <Y>251</Y>
    </Location>
    <Size>
      <CX>40</CX>
      <CY>40</CY>
    </Size>
    <Background>A_RecessedBox</Background>
    <EQType>inventory/SharedBank 0</EQType>
  </InvSlot>
  <InvSlot item="BIGB_SharedBankSlot1">
    <ScreenID>BIGB_SharedBankSlot1</ScreenID>
    <!--<Font>3</Font>-->
    <RelativePosition>true</RelativePosition>
    <Location>
      <X>39</X>
      <Y>251</Y>
    </Location>
    <Size>
      <CX>40</CX>
      <CY>40</CY>
    </Size>
    <Background>A_RecessedBox</Background>
    <EQType>inventory/SharedBank 1</EQType>
  </InvSlot>
  <Button item="BIGB_SharedMoney0">
    <ScreenID>BIGB_SharedMoney0</ScreenID>
    <!--<Font>3</Font>-->
    <RelativePosition>true</RelativePosition>
    <Location>
      <X>-4</X>
      <Y>291</Y>
    </Location>
    <Size>
      <CX>85</CX>
      <CY>24</CY>
    </Size>
    <Style_Transparent>false</Style_Transparent>
    <TooltipReference>Drop coins here or click to pick up Platinum</TooltipReference>
    <Style_Checkbox>false</Style_Checkbox>
    <!--<RadioGroup/>-->
    <Text>60000</Text>
    <TextColor>
      <R>255</R>
      <G>255</G>
      <B>255</B>
    </TextColor>
    <Template>BDT_PlatinumCoin</Template>
    <DecalOffset>
      <X>2</X>
      <Y>2</Y>
    </DecalOffset>
    <DecalSize>
      <CX>18</CX>
      <CY>18</CY>
    </DecalSize>
  </Button>
  <Button item="BIGB_AltStorageButton">
    <ScreenID>AltStorageButton</ScreenID>
    <!--<Font>3</Font>-->
    <RelativePosition>true</RelativePosition>
    <Location>
      <X>-4</X>
      <Y>323</Y>
    </Location>
    <Size>
      <CX>85</CX>
      <CY>20</CY>
    </Size>
    <Style_Transparent>false</Style_Transparent>
    <TooltipReference>Click on this button to open the Alt Storage access window.</TooltipReference>
    <Style_Checkbox>false</Style_Checkbox>
    <!--<RadioGroup/>-->
    <Text>Shroud Bank</Text>
    <TextColor>
      <R>255</R>
      <G>255</G>
      <B>255</B>
    </TextColor>
    <Template>BDT_Normal</Template>
  </Button>
  <Button item="BIGB_Money0">
    <ScreenID>BIGB_Money0</ScreenID>
    <!--<Font>3</Font>-->
    <RelativePosition>true</RelativePosition>
    <Location>
      <X>96</X>
      <Y>197</Y>
    </Location>
    <Size>
      <CX>85</CX>
      <CY>24</CY>
    </Size>
    <Style_Transparent>false</Style_Transparent>
    <TooltipReference>Drop coins here or click to pick up Platinum</TooltipReference>
    <Style_Checkbox>false</Style_Checkbox>
    <!--<RadioGroup/>-->
    <Text>60000</Text>
    <TextColor>
      <R>255</R>
      <G>255</G>
      <B>255</B>
    </TextColor>
    <Template>BDT_PlatinumCoin</Template>
    <DecalOffset>
      <X>2</X>
      <Y>2</Y>
    </DecalOffset>
    <DecalSize>
      <CX>18</CX>
      <CY>18</CY>
    </DecalSize>
  </Button>
  <Button item="BIGB_Money1">
    <ScreenID>BIGB_Money1</ScreenID>
    <!--<Font>3</Font>-->
    <RelativePosition>true</RelativePosition>
    <Location>
      <X>96</X>
      <Y>221</Y>
    </Location>
    <Size>
      <CX>85</CX>
      <CY>24</CY>
    </Size>
    <Style_Transparent>false</Style_Transparent>
    <TooltipReference>Drop coins here or click to pick up Gold</TooltipReference>
    <Style_Checkbox>false</Style_Checkbox>
    <!--<RadioGroup/>-->
    <Text>60000</Text>
    <TextColor>
      <R>255</R>
      <G>255</G>
      <B>255</B>
    </TextColor>
    <Template>BDT_GoldCoin</Template>
    <!--	
			<SoundPressed/>
			<SoundUp/>
			<SoundFlyby/>
		-->
    <DecalOffset>
      <X>2</X>
      <Y>2</Y>
    </DecalOffset>
    <DecalSize>
      <CX>18</CX>
      <CY>18</CY>
    </DecalSize>
  </Button>
  <Button item="BIGB_Money2">
    <ScreenID>BIGB_Money2</ScreenID>
    <!--<Font>3</Font>-->
    <RelativePosition>true</RelativePosition>
    <Location>
      <X>96</X>
      <Y>245</Y>
    </Location>
    <Size>
      <CX>85</CX>
      <CY>24</CY>
    </Size>
    <Style_Transparent>false</Style_Transparent>
    <TooltipReference>Drop coins here or click to pick up Silver</TooltipReference>
    <Style_Checkbox>false</Style_Checkbox>
    <!--<RadioGroup/>-->
    <Text>60000</Text>
    <TextColor>
      <R>255</R>
      <G>255</G>
      <B>255</B>
    </TextColor>
    <Template>BDT_SilverCoin</Template>
    <!-- 
			<SoundPressed/>
			<SoundUp/>
			<SoundFlyby/>
		-->
    <DecalOffset>
      <X>2</X>
      <Y>2</Y>
    </DecalOffset>
    <DecalSize>
      <CX>18</CX>
      <CY>18</CY>
    </DecalSize>
  </Button>
  <Button item="BIGB_Money3">
    <ScreenID>BIGB_Money3</ScreenID>
    <!--<Font>3</Font>-->
    <RelativePosition>true</RelativePosition>
    <Location>
      <X>96</X>
      <Y>269</Y>
    </Location>
    <Size>
      <CX>85</CX>
      <CY>24</CY>
    </Size>
    <Style_Transparent>false</Style_Transparent>
    <TooltipReference>Drop coins here or click to pick up Copper</TooltipReference>
    <Style_Checkbox>false</Style_Checkbox>
    <!--<RadioGroup/>-->
    <Text>60000</Text>
    <TextColor>
      <R>255</R>
      <G>255</G>
      <B>255</B>
    </TextColor>
    <Template>BDT_CopperCoin</Template>
    <!-- 
			<SoundPressed/>
			<SoundUp/>
			<SoundFlyby/>
		-->
    <DecalOffset>
      <X>2</X>
      <Y>2</Y>
    </DecalOffset>
    <DecalSize>
      <CX>18</CX>
      <CY>18</CY>
    </DecalSize>
  </Button>
  <Button item="BIGB_ChangeButton">
    <ScreenID>ChangeButton</ScreenID>
    <!--<Font>3</Font>-->
    <RelativePosition>true</RelativePosition>
    <Location>
      <X>96</X>
      <Y>295</Y>
    </Location>
    <Size>
      <CX>85</CX>
      <CY>20</CY>
    </Size>
    <Style_Transparent>false</Style_Transparent>
    <!--<TooltipReference/>-->
    <Style_Checkbox>false</Style_Checkbox>
    <!--<RadioGroup/>-->
    <Text>Change</Text>
    <TextColor>
      <R>255</R>
      <G>255</G>
      <B>255</B>
    </TextColor>
    <Template>BDT_Normal</Template>
  </Button>
  <Button item="BIGB_DoneButton">
    <ScreenID>DoneButton</ScreenID>
    <!--<Font>3</Font>-->
    <RelativePosition>true</RelativePosition>
    <Location>
      <X>96</X>
      <Y>323</Y>
    </Location>
    <Size>
      <CX>85</CX>
      <CY>20</CY>
    </Size>
    <Style_Transparent>false</Style_Transparent>
    <!--<TooltipReference/>-->
    <Style_Checkbox>false</Style_Checkbox>
    <!--<RadioGroup/>-->
    <Text>Done</Text>
    <TextColor>
      <R>255</R>
      <G>255</G>
      <B>255</B>
    </TextColor>
    <Template>BDT_Normal</Template>
  </Button>
  <Screen item="BigBankWnd">
    <!--<ScreenID/>-->
    <!--<Font/>-->
    <RelativePosition>false</RelativePosition>
    <Location>
      <X>0</X>
      <Y>25</Y>
    </Location>
    <Size>
      <CX>308</CX>
      <CY>370</CY>
    </Size>
    <Text>Bank</Text>
    <Style_Transparent>false</Style_Transparent>
    <!--<TooltipReference/>-->
    <DrawTemplate>WDT_StandardSolid</DrawTemplate>
    <Style_Titlebar>true</Style_Titlebar>
    <Style_Qmarkbox>true</Style_Qmarkbox>
    <Style_Closebox>true</Style_Closebox>
    <Style_Minimizebox>false</Style_Minimizebox>
    <Style_Border>true</Style_Border>
    <Style_Sizable>false</Style_Sizable>
    <Pieces>BIGB_BankerName</Pieces>
    <Pieces>BIGB_BankSlot0</Pieces>
    <Pieces>BIGB_BankSlot1</Pieces>
    <Pieces>BIGB_BankSlot2</Pieces>
    <Pieces>BIGB_BankSlot3</Pieces>
    <Pieces>BIGB_BankSlot4</Pieces>
    <Pieces>BIGB_BankSlot5</Pieces>
    <Pieces>BIGB_BankSlot6</Pieces>
    <Pieces>BIGB_BankSlot7</Pieces>
    <Pieces>BIGB_BankSlot8</Pieces>
    <Pieces>BIGB_BankSlot9</Pieces>
    <Pieces>BIGB_BankSlot10</Pieces>
    <Pieces>BIGB_BankSlot11</Pieces>
    <Pieces>BIGB_BankSlot12</Pieces>
    <Pieces>BIGB_BankSlot13</Pieces>
    <Pieces>BIGB_BankSlot14</Pieces>
    <Pieces>BIGB_BankSlot15</Pieces>
    <Pieces>BIGB_BankSlot16</Pieces>
    <Pieces>BIGB_BankSlot17</Pieces>
    <Pieces>BIGB_BankSlot18</Pieces>
    <Pieces>BIGB_BankSlot19</Pieces>
    <Pieces>BIGB_BankSlot20</Pieces>
    <Pieces>BIGB_BankSlot21</Pieces>
    <Pieces>BIGB_BankSlot22</Pieces>
    <Pieces>BIGB_BankSlot23</Pieces>
    <Pieces>BIGB_AutoButton</Pieces>
    <Pieces>BIGB_SharedBankSlot0</Pieces>
    <Pieces>BIGB_SharedBankSlot1</Pieces>
    <Pieces>BIGB_SharedMoney0</Pieces>
    <Pieces>BIGB_Money0</Pieces>
    <Pieces>BIGB_Money1</Pieces>
    <Pieces>BIGB_Money2</Pieces>
    <Pieces>BIGB_Money3</Pieces>
    <Pieces>BIGB_DoneButton</Pieces>
    <Pieces>BIGB_ChangeButton</Pieces>
    <Pieces>BIGB_SharedBankLabel</Pieces>
    <Pieces>BIGB_AltStorageButton</Pieces>
  </Screen>
</XML>