<?xml version="1.0" encoding="us-ascii"?>
<XML ID="EQInterfaceDefinitionLanguage">
  <Schema xmlns="EverQuestData" xmlns:dt="EverQuestDataTypes" />
  <SpellGem item="HB_SpellGem">
    <ScreenID>HB_SpellGem</ScreenID>
    <Location>
      <X>0</X>
      <Y>1</Y>
    </Location>
    <Size>
      <CX>32</CX>
      <CY>32</CY>
    </Size>
    <Font>1</Font>
    <TextColor>
      <R>255</R>
      <G>255</G>
      <B>255</B>
    </TextColor>
    <SpellGemDrawTemplate>
      <Holder>A_btmpkdBox</Holder>
      <Background>BlueIconBackground</Background>
      <!--<Highlight>A_SpellGemHighlight</Highlight>-->
    </SpellGemDrawTemplate>
    <SpellIconOffsetX>4</SpellIconOffsetX>
    <SpellIconOffsetY>4</SpellIconOffsetY>
  </SpellGem>
  <InvSlot item="HB_InvSlot">
    <ScreenID>HB_InvSlot</ScreenID>
    <Location>
      <X>0</X>
      <Y>0</Y>
    </Location>
    <Size>
      <CX>32</CX>
      <CY>32</CY>
    </Size>
    <Font>1</Font>
    <TextColor>
      <R>255</R>
      <G>255</G>
      <B>255</B>
    </TextColor>
    <Background>BlueIconBackground</Background>
    <EQType>-2</EQType>
  </InvSlot>
  <HotButton item="HB_Button1">
    <ScreenID>HB_Button1</ScreenID>
    <Font>1</Font>
    <RelativePosition>true</RelativePosition>
    <Size>
      <CX>32</CX>
      <CY>32</CY>
    </Size>
    <Text>1</Text>
    <TextColor>
      <R>255</R>
      <G>255</G>
      <B>255</B>
    </TextColor>
    <DecalOffset>
      <X>0</X>
      <Y>0</Y>
    </DecalOffset>
    <DecalSize>
      <CX>32</CX>
      <CY>32</CY>
    </DecalSize>
    <SpellGem>HB_SpellGem</SpellGem>
    <InvSlot>HB_InvSlot</InvSlot>
    <ButtonDrawTemplate>
      <Normal>A_btmpkdBox</Normal>
      <Pressed>A_btmpkdBox</Pressed>
      <Flyby>A_btmpkdBox</Flyby>
      <Disabled>BlueIconBackground</Disabled>
      <PressedFlyby>A_btmpkdBox</PressedFlyby>
    </ButtonDrawTemplate>
  </HotButton>
  <HotButton item="HB_Button2">
    <ScreenID>HB_Button2</ScreenID>
    <Font>1</Font>
    <RelativePosition>true</RelativePosition>
    <Size>
      <CX>32</CX>
      <CY>32</CY>
    </Size>
    <Text>2</Text>
    <TextColor>
      <R>255</R>
      <G>255</G>
      <B>255</B>
    </TextColor>
    <DecalOffset>
      <X>0</X>
      <Y>0</Y>
    </DecalOffset>
    <DecalSize>
      <CX>32</CX>
      <CY>32</CY>
    </DecalSize>
    <SpellGem>HB_SpellGem</SpellGem>
    <InvSlot>HB_InvSlot</InvSlot>
    <ButtonDrawTemplate>
      <Normal>A_btmpkdBox</Normal>
      <Pressed>A_btmpkdBox</Pressed>
      <Flyby>A_btmpkdBox</Flyby>
      <Disabled>BlueIconBackground</Disabled>
      <PressedFlyby>A_btmpkdBox</PressedFlyby>
    </ButtonDrawTemplate>
  </HotButton>
  <HotButton item="HB_Button3">
    <ScreenID>HB_Button3</ScreenID>
    <Font>1</Font>
    <RelativePosition>true</RelativePosition>
    <Size>
      <CX>32</CX>
      <CY>32</CY>
    </Size>
    <Text>3</Text>
    <TextColor>
      <R>255</R>
      <G>255</G>
      <B>255</B>
    </TextColor>
    <DecalOffset>
      <X>0</X>
      <Y>0</Y>
    </DecalOffset>
    <DecalSize>
      <CX>32</CX>
      <CY>32</CY>
    </DecalSize>
    <SpellGem>HB_SpellGem</SpellGem>
    <InvSlot>HB_InvSlot</InvSlot>
    <ButtonDrawTemplate>
      <Normal>A_btmpkdBox</Normal>
      <Pressed>A_btmpkdBox</Pressed>
      <Flyby>A_btmpkdBox</Flyby>
      <Disabled>BlueIconBackground</Disabled>
      <PressedFlyby>A_btmpkdBox</PressedFlyby>
    </ButtonDrawTemplate>
  </HotButton>
  <HotButton item="HB_Button4">
    <ScreenID>HB_Button4</ScreenID>
    <Font>1</Font>
    <RelativePosition>true</RelativePosition>
    <Size>
      <CX>32</CX>
      <CY>32</CY>
    </Size>
    <Text>4</Text>
    <TextColor>
      <R>255</R>
      <G>255</G>
      <B>255</B>
    </TextColor>
    <DecalOffset>
      <X>0</X>
      <Y>0</Y>
    </DecalOffset>
    <DecalSize>
      <CX>32</CX>
      <CY>32</CY>
    </DecalSize>
    <SpellGem>HB_SpellGem</SpellGem>
    <InvSlot>HB_InvSlot</InvSlot>
    <ButtonDrawTemplate>
      <Normal>A_btmpkdBox</Normal>
      <Pressed>A_btmpkdBox</Pressed>
      <Flyby>A_btmpkdBox</Flyby>
      <Disabled>BlueIconBackground</Disabled>
      <PressedFlyby>A_btmpkdBox</PressedFlyby>
    </ButtonDrawTemplate>
  </HotButton>
  <HotButton item="HB_Button5">
    <ScreenID>HB_Button5</ScreenID>
    <Font>1</Font>
    <RelativePosition>true</RelativePosition>
    <Size>
      <CX>32</CX>
      <CY>32</CY>
    </Size>
    <Text>5</Text>
    <TextColor>
      <R>255</R>
      <G>255</G>
      <B>255</B>
    </TextColor>
    <DecalOffset>
      <X>0</X>
      <Y>0</Y>
    </DecalOffset>
    <DecalSize>
      <CX>32</CX>
      <CY>32</CY>
    </DecalSize>
    <SpellGem>HB_SpellGem</SpellGem>
    <InvSlot>HB_InvSlot</InvSlot>
    <ButtonDrawTemplate>
      <Normal>A_btmpkdBox</Normal>
      <Pressed>A_btmpkdBox</Pressed>
      <Flyby>A_btmpkdBox</Flyby>
      <Disabled>BlueIconBackground</Disabled>
      <PressedFlyby>A_btmpkdBox</PressedFlyby>
    </ButtonDrawTemplate>
  </HotButton>
  <HotButton item="HB_Button6">
    <ScreenID>HB_Button6</ScreenID>
    <Font>1</Font>
    <RelativePosition>true</RelativePosition>
    <Size>
      <CX>32</CX>
      <CY>32</CY>
    </Size>
    <Text>6</Text>
    <TextColor>
      <R>255</R>
      <G>255</G>
      <B>255</B>
    </TextColor>
    <DecalOffset>
      <X>0</X>
      <Y>0</Y>
    </DecalOffset>
    <DecalSize>
      <CX>32</CX>
      <CY>32</CY>
    </DecalSize>
    <SpellGem>HB_SpellGem</SpellGem>
    <InvSlot>HB_InvSlot</InvSlot>
    <ButtonDrawTemplate>
      <Normal>A_btmpkdBox</Normal>
      <Pressed>A_btmpkdBox</Pressed>
      <Flyby>A_btmpkdBox</Flyby>
      <Disabled>BlueIconBackground</Disabled>
      <PressedFlyby>A_btmpkdBox</PressedFlyby>
    </ButtonDrawTemplate>
  </HotButton>
  <HotButton item="HB_Button7">
    <ScreenID>HB_Button7</ScreenID>
    <Font>1</Font>
    <RelativePosition>true</RelativePosition>
    <Size>
      <CX>32</CX>
      <CY>32</CY>
    </Size>
    <Text>7</Text>
    <TextColor>
      <R>255</R>
      <G>255</G>
      <B>255</B>
    </TextColor>
    <DecalOffset>
      <X>0</X>
      <Y>0</Y>
    </DecalOffset>
    <DecalSize>
      <CX>32</CX>
      <CY>32</CY>
    </DecalSize>
    <SpellGem>HB_SpellGem</SpellGem>
    <InvSlot>HB_InvSlot</InvSlot>
    <ButtonDrawTemplate>
      <Normal>A_btmpkdBox</Normal>
      <Pressed>A_btmpkdBox</Pressed>
      <Flyby>A_btmpkdBox</Flyby>
      <Disabled>BlueIconBackground</Disabled>
      <PressedFlyby>A_btmpkdBox</PressedFlyby>
    </ButtonDrawTemplate>
  </HotButton>
  <HotButton item="HB_Button8">
    <ScreenID>HB_Button8</ScreenID>
    <Font>1</Font>
    <RelativePosition>true</RelativePosition>
    <Size>
      <CX>32</CX>
      <CY>32</CY>
    </Size>
    <Text>8</Text>
    <TextColor>
      <R>255</R>
      <G>255</G>
      <B>255</B>
    </TextColor>
    <DecalOffset>
      <X>0</X>
      <Y>0</Y>
    </DecalOffset>
    <DecalSize>
      <CX>32</CX>
      <CY>32</CY>
    </DecalSize>
    <SpellGem>HB_SpellGem</SpellGem>
    <InvSlot>HB_InvSlot</InvSlot>
    <ButtonDrawTemplate>
      <Normal>A_btmpkdBox</Normal>
      <Pressed>A_btmpkdBox</Pressed>
      <Flyby>A_btmpkdBox</Flyby>
      <Disabled>BlueIconBackground</Disabled>
      <PressedFlyby>A_btmpkdBox</PressedFlyby>
    </ButtonDrawTemplate>
  </HotButton>
  <HotButton item="HB_Button9">
    <ScreenID>HB_Button9</ScreenID>
    <Font>1</Font>
    <RelativePosition>true</RelativePosition>
    <Size>
      <CX>32</CX>
      <CY>32</CY>
    </Size>
    <Text>9</Text>
    <TextColor>
      <R>255</R>
      <G>255</G>
      <B>255</B>
    </TextColor>
    <DecalOffset>
      <X>0</X>
      <Y>0</Y>
    </DecalOffset>
    <DecalSize>
      <CX>32</CX>
      <CY>32</CY>
    </DecalSize>
    <SpellGem>HB_SpellGem</SpellGem>
    <InvSlot>HB_InvSlot</InvSlot>
    <ButtonDrawTemplate>
      <Normal>A_btmpkdBox</Normal>
      <Pressed>A_btmpkdBox</Pressed>
      <Flyby>A_btmpkdBox</Flyby>
      <Disabled>BlueIconBackground</Disabled>
      <PressedFlyby>A_btmpkdBox</PressedFlyby>
    </ButtonDrawTemplate>
  </HotButton>
  <HotButton item="HB_Button10">
    <ScreenID>HB_Button10</ScreenID>
    <Font>1</Font>
    <RelativePosition>true</RelativePosition>
    <Size>
      <CX>32</CX>
      <CY>32</CY>
    </Size>
    <Text>10</Text>
    <TextColor>
      <R>255</R>
      <G>255</G>
      <B>255</B>
    </TextColor>
    <DecalOffset>
      <X>0</X>
      <Y>0</Y>
    </DecalOffset>
    <DecalSize>
      <CX>32</CX>
      <CY>32</CY>
    </DecalSize>
    <SpellGem>HB_SpellGem</SpellGem>
    <InvSlot>HB_InvSlot</InvSlot>
    <ButtonDrawTemplate>
      <Normal>A_btmpkdBox</Normal>
      <Pressed>A_btmpkdBox</Pressed>
      <Flyby>A_btmpkdBox</Flyby>
      <Disabled>BlueIconBackground</Disabled>
      <PressedFlyby>A_btmpkdBox</PressedFlyby>
    </ButtonDrawTemplate>
  </HotButton>
  <HotButton item="HB_Button11">
    <ScreenID>HB_Button11</ScreenID>
    <Font>1</Font>
    <RelativePosition>true</RelativePosition>
    <Size>
      <CX>32</CX>
      <CY>32</CY>
    </Size>
    <Text>11</Text>
    <TextColor>
      <R>255</R>
      <G>255</G>
      <B>255</B>
    </TextColor>
    <DecalOffset>
      <X>0</X>
      <Y>0</Y>
    </DecalOffset>
    <DecalSize>
      <CX>32</CX>
      <CY>32</CY>
    </DecalSize>
    <SpellGem>HB_SpellGem</SpellGem>
    <InvSlot>HB_InvSlot</InvSlot>
    <ButtonDrawTemplate>
      <Normal>A_btmpkdBox</Normal>
      <Pressed>A_btmpkdBox</Pressed>
      <Flyby>A_btmpkdBox</Flyby>
      <Disabled>BlueIconBackground</Disabled>
      <PressedFlyby>A_btmpkdBox</PressedFlyby>
    </ButtonDrawTemplate>
  </HotButton>
  <HotButton item="HB_Button12">
    <ScreenID>HB_Button12</ScreenID>
    <Font>1</Font>
    <RelativePosition>true</RelativePosition>
    <Size>
      <CX>32</CX>
      <CY>32</CY>
    </Size>
    <Text>12</Text>
    <TextColor>
      <R>255</R>
      <G>255</G>
      <B>255</B>
    </TextColor>
    <DecalOffset>
      <X>0</X>
      <Y>0</Y>
    </DecalOffset>
    <DecalSize>
      <CX>32</CX>
      <CY>32</CY>
    </DecalSize>
    <SpellGem>HB_SpellGem</SpellGem>
    <InvSlot>HB_InvSlot</InvSlot>
    <ButtonDrawTemplate>
      <Normal>A_btmpkdBox</Normal>
      <Pressed>A_btmpkdBox</Pressed>
      <Flyby>A_btmpkdBox</Flyby>
      <Disabled>BlueIconBackground</Disabled>
      <PressedFlyby>A_btmpkdBox</PressedFlyby>
    </ButtonDrawTemplate>
  </HotButton>
  <Screen item="HB_NoSpinnerBarTemplate">
    <ScreenID>HB_NoSpinnerBarTemplate</ScreenID>
    <RelativePosition>true</RelativePosition>
    <AutoStretch>true</AutoStretch>
    <TopAnchorOffset>4</TopAnchorOffset>
    <BottomAnchorOffset>4</BottomAnchorOffset>
    <LeftAnchorOffset>4</LeftAnchorOffset>
    <RightAnchorOffset>4</RightAnchorOffset>
    <TopAnchorToTop>true</TopAnchorToTop>
    <BottomAnchorToTop>false</BottomAnchorToTop>
    <LeftAnchorToLeft>true</LeftAnchorToLeft>
    <RightAnchorToLeft>false</RightAnchorToLeft>
    <UseInLayoutVertical>false</UseInLayoutVertical>
    <UseInLayoutHorizontal>false</UseInLayoutHorizontal>
  </Screen>
  <Screen item="HB_HorizontalBarTemplate">
    <ScreenID>HB_HorizontalBarTemplate</ScreenID>
    <RelativePosition>true</RelativePosition>
    <AutoStretch>true</AutoStretch>
    <TopAnchorOffset>4</TopAnchorOffset>
    <BottomAnchorOffset>4</BottomAnchorOffset>
    <LeftAnchorOffset>4</LeftAnchorOffset>
    <RightAnchorOffset>15</RightAnchorOffset>
    <TopAnchorToTop>true</TopAnchorToTop>
    <BottomAnchorToTop>false</BottomAnchorToTop>
    <LeftAnchorToLeft>true</LeftAnchorToLeft>
    <RightAnchorToLeft>false</RightAnchorToLeft>
    <UseInLayoutVertical>false</UseInLayoutVertical>
    <UseInLayoutHorizontal>false</UseInLayoutHorizontal>
  </Screen>
  <Screen item="HB_VerticalBarTemplate">
    <ScreenID>HB_VerticalBarTemplate</ScreenID>
    <RelativePosition>true</RelativePosition>
    <AutoStretch>true</AutoStretch>
    <TopAnchorOffset>15</TopAnchorOffset>
    <BottomAnchorOffset>4</BottomAnchorOffset>
    <LeftAnchorOffset>4</LeftAnchorOffset>
    <RightAnchorOffset>4</RightAnchorOffset>
    <TopAnchorToTop>true</TopAnchorToTop>
    <BottomAnchorToTop>false</BottomAnchorToTop>
    <LeftAnchorToLeft>true</LeftAnchorToLeft>
    <RightAnchorToLeft>false</RightAnchorToLeft>
    <UseInLayoutVertical>false</UseInLayoutVertical>
    <UseInLayoutHorizontal>false</UseInLayoutHorizontal>
  </Screen>
  <TileLayoutBox item="HB_HotButtonLayout">
    <ScreenID>HB_HotButtonLayout</ScreenID>
    <RelativePosition>true</RelativePosition>
    <AutoStretch>true</AutoStretch>
    <TopAnchorOffset>2</TopAnchorOffset>
    <BottomAnchorOffset>2</BottomAnchorOffset>
    <LeftAnchorOffset>2</LeftAnchorOffset>
    <RightAnchorOffset>11</RightAnchorOffset>
    <TopAnchorToTop>true</TopAnchorToTop>
    <BottomAnchorToTop>false</BottomAnchorToTop>
    <LeftAnchorToLeft>true</LeftAnchorToLeft>
    <RightAnchorToLeft>false</RightAnchorToLeft>
    <Style_Transparent>true</Style_Transparent>
    <Style_TransparentControl>true</Style_TransparentControl>
    <Spacing>2</Spacing>
    <SecondarySpacing>2</SecondarySpacing>
    <HorizontalFirst>true</HorizontalFirst>
    <AnchorToTop>true</AnchorToTop>
    <AnchorToLeft>true</AnchorToLeft>
    <FirstPieceTemplate>true</FirstPieceTemplate>
    <SnapToChildren>true</SnapToChildren>
    <Pieces>HotButton:HB_Button1</Pieces>
    <Pieces>HotButton:HB_Button2</Pieces>
    <Pieces>HotButton:HB_Button3</Pieces>
    <Pieces>HotButton:HB_Button4</Pieces>
    <Pieces>HotButton:HB_Button5</Pieces>
    <Pieces>HotButton:HB_Button6</Pieces>
    <Pieces>HotButton:HB_Button7</Pieces>
    <Pieces>HotButton:HB_Button8</Pieces>
    <Pieces>HotButton:HB_Button9</Pieces>
    <Pieces>HotButton:HB_Button10</Pieces>
    <Pieces>HotButton:HB_Button11</Pieces>
    <Pieces>HotButton:HB_Button12</Pieces>
  </TileLayoutBox>
  <Button item="HB_PageUpButton">
    <ScreenID>HB_PageUpButton</ScreenID>
    <RelativePosition>true</RelativePosition>
    <Size>
      <CX>11</CX>
      <CY>16</CY>
    </Size>
    <Template>BDT_VSBUp</Template>
  </Button>
  <Label item="HB_HorizontalCurrentPageLabel">
    <ScreenID>HB_HorizontalCurrentPageLabel</ScreenID>
    <Font>1</Font>
    <RelativePosition>true</RelativePosition>
    <Location>
      <X>0</X>
      <Y>16</Y>
    </Location>
    <Size>
      <CX>10</CX>
      <CY>11</CY>
    </Size>
    <Text>10</Text>
    <TextColor>
      <R>255</R>
      <G>255</G>
      <B>255</B>
    </TextColor>
    <AlignCenter>true</AlignCenter>
  </Label>
  <Button item="HB_PageDownButton">
    <ScreenID>HB_PageDownButton</ScreenID>
    <RelativePosition>true</RelativePosition>
    <Location>
      <X>0</X>
      <Y>27</Y>
    </Location>
    <Size>
      <CX>11</CX>
      <CY>16</CY>
    </Size>
    <Template>BDT_VSBDown</Template>
  </Button>
  <Button item="HB_PageLeftButton">
    <ScreenID>HB_PageLeftButton</ScreenID>
    <RelativePosition>true</RelativePosition>
    <Size>
      <CX>16</CX>
      <CY>11</CY>
    </Size>
    <Template>BDT_HSBLeft</Template>
  </Button>
  <Label item="HB_VerticalCurrentPageLabel">
    <ScreenID>HB_VerticalCurrentPageLabel</ScreenID>
    <Font>1</Font>
    <RelativePosition>true</RelativePosition>
    <Location>
      <X>16</X>
      <Y>0</Y>
    </Location>
    <Size>
      <CX>10</CX>
      <CY>11</CY>
    </Size>
    <Text>10</Text>
    <TextColor>
      <R>255</R>
      <G>255</G>
      <B>255</B>
    </TextColor>
    <AlignCenter>true</AlignCenter>
  </Label>
  <Button item="HB_PageRightButton">
    <ScreenID>HB_PageRightButton</ScreenID>
    <RelativePosition>true</RelativePosition>
    <Location>
      <X>27</X>
      <Y>0</Y>
    </Location>
    <Size>
      <CX>16</CX>
      <CY>11</CY>
    </Size>
    <Template>BDT_HSBRight</Template>
  </Button>
  <Screen item="HB_HorizontalBarPageButtons">
    <ScreenID>HB_HorizontalBarPageButtons</ScreenID>
    <RelativePosition>true</RelativePosition>
    <AutoStretch>true</AutoStretch>
    <TopAnchorOffset>0</TopAnchorOffset>
    <BottomAnchorOffset>43</BottomAnchorOffset>
    <LeftAnchorOffset>11</LeftAnchorOffset>
    <RightAnchorOffset>0</RightAnchorOffset>
    <TopAnchorToTop>true</TopAnchorToTop>
    <BottomAnchorToTop>true</BottomAnchorToTop>
    <LeftAnchorToLeft>false</LeftAnchorToLeft>
    <RightAnchorToLeft>false</RightAnchorToLeft>
    <Style_Transparent>true</Style_Transparent>
    <UseInLayoutVertical>false</UseInLayoutVertical>
    <UseInLayoutHorizontal>false</UseInLayoutHorizontal>
    <Pieces>HB_PageUpButton</Pieces>
    <Pieces>HB_HorizontalCurrentPageLabel</Pieces>
    <Pieces>HB_PageDownButton</Pieces>
  </Screen>
  <Screen item="HB_VerticalBarPageButtons">
    <ScreenID>HB_VerticalBarPageButtons</ScreenID>
    <RelativePosition>true</RelativePosition>
    <Style_Transparent>true</Style_Transparent>
    <Location>
      <X>1</X>
      <Y>0</Y>
    </Location>
    <Size>
      <CX>42</CX>
      <CY>11</CY>
    </Size>
    <UseInLayoutVertical>false</UseInLayoutVertical>
    <UseInLayoutHorizontal>false</UseInLayoutHorizontal>
    <Pieces>HB_PageLeftButton</Pieces>
    <Pieces>HB_VerticalCurrentPageLabel</Pieces>
    <Pieces>HB_PageRightButton</Pieces>
  </Screen>
  <LayoutVertical item="HB_LayoutV">
    <ResizeVertical>true</ResizeVertical>
    <ResizeHorizontal>true</ResizeHorizontal>
  </LayoutVertical>
  <Screen item="HotButtonWnd">
    <ScreenID />
    <Layout>HB_LayoutV</Layout>
    <Font>2</Font>
    <RelativePosition>false</RelativePosition>
    <Location>
      <X>0</X>
      <Y>230</Y>
    </Location>
    <Size>
      <CX>525</CX>
      <CY>53</CY>
    </Size>
    <DrawTemplate>WDT_Transparent</DrawTemplate>
    <Style_Qmarkbox>true</Style_Qmarkbox>
    <Style_Closebox>false</Style_Closebox>
    <Style_Border>true</Style_Border>
    <Style_Transparent>true</Style_Transparent>
    <Style_Sizable>true</Style_Sizable>
    <Style_ClientMovable>true</Style_ClientMovable>
    <Escapable>false</Escapable>
    <Pieces>TileLayoutBox:HB_HotButtonLayout</Pieces>
    <Pieces>Screen:HB_VerticalBarPageButtons</Pieces>
    <Pieces>Screen:HB_HorizontalBarPageButtons</Pieces>
    <Pieces>Screen:HB_HorizontalBarTemplate</Pieces>
    <Pieces>Screen:HB_VerticalBarTemplate</Pieces>
    <Pieces>Screen:HB_NoSpinnerBarTemplate</Pieces>
  </Screen>
  <Screen item="HotButtonWnd2">
    <ScreenID />
    <Layout>HB_LayoutV</Layout>
    <Font>2</Font>
    <RelativePosition>false</RelativePosition>
    <Location>
      <X>0</X>
      <Y>230</Y>
    </Location>
    <Size>
      <CX>525</CX>
      <CY>53</CY>
    </Size>
    <DrawTemplate>WDT_Transparent</DrawTemplate>
    <Style_Qmarkbox>true</Style_Qmarkbox>
    <Style_Closebox>false</Style_Closebox>
    <Style_Border>true</Style_Border>
    <Style_Transparent>true</Style_Transparent>
    <Style_Sizable>true</Style_Sizable>
    <Style_ClientMovable>true</Style_ClientMovable>
    <Escapable>false</Escapable>
    <Pieces>TileLayoutBox:HB_HotButtonLayout</Pieces>
    <Pieces>Screen:HB_VerticalBarPageButtons</Pieces>
    <Pieces>Screen:HB_HorizontalBarPageButtons</Pieces>
    <Pieces>Screen:HB_HorizontalBarTemplate</Pieces>
    <Pieces>Screen:HB_VerticalBarTemplate</Pieces>
    <Pieces>Screen:HB_NoSpinnerBarTemplate</Pieces>
  </Screen>
  <Screen item="HotButtonWnd3">
    <ScreenID />
    <Layout>HB_LayoutV</Layout>
    <Font>2</Font>
    <RelativePosition>false</RelativePosition>
    <Location>
      <X>0</X>
      <Y>230</Y>
    </Location>
    <Size>
      <CX>525</CX>
      <CY>53</CY>
    </Size>
    <DrawTemplate>WDT_Transparent</DrawTemplate>
    <Style_Qmarkbox>true</Style_Qmarkbox>
    <Style_Closebox>false</Style_Closebox>
    <Style_Border>true</Style_Border>
    <Style_Transparent>true</Style_Transparent>
    <Style_Sizable>true</Style_Sizable>
    <Style_ClientMovable>true</Style_ClientMovable>
    <Escapable>false</Escapable>
    <Pieces>TileLayoutBox:HB_HotButtonLayout</Pieces>
    <Pieces>Screen:HB_VerticalBarPageButtons</Pieces>
    <Pieces>Screen:HB_HorizontalBarPageButtons</Pieces>
    <Pieces>Screen:HB_HorizontalBarTemplate</Pieces>
    <Pieces>Screen:HB_VerticalBarTemplate</Pieces>
    <Pieces>Screen:HB_NoSpinnerBarTemplate</Pieces>
  </Screen>
  <Screen item="HotButtonWnd4">
    <ScreenID />
    <Layout>HB_LayoutV</Layout>
    <Font>2</Font>
    <RelativePosition>false</RelativePosition>
    <Location>
      <X>0</X>
      <Y>230</Y>
    </Location>
    <Size>
      <CX>525</CX>
      <CY>53</CY>
    </Size>
    <DrawTemplate>WDT_Transparent</DrawTemplate>
    <Style_Qmarkbox>true</Style_Qmarkbox>
    <Style_Closebox>false</Style_Closebox>
    <Style_Border>true</Style_Border>
    <Style_Transparent>true</Style_Transparent>
    <Style_Sizable>true</Style_Sizable>
    <Style_ClientMovable>true</Style_ClientMovable>
    <Escapable>false</Escapable>
    <Pieces>TileLayoutBox:HB_HotButtonLayout</Pieces>
    <Pieces>Screen:HB_VerticalBarPageButtons</Pieces>
    <Pieces>Screen:HB_HorizontalBarPageButtons</Pieces>
    <Pieces>Screen:HB_HorizontalBarTemplate</Pieces>
    <Pieces>Screen:HB_VerticalBarTemplate</Pieces>
    <Pieces>Screen:HB_NoSpinnerBarTemplate</Pieces>
  </Screen>
  <Screen item="HotButtonWnd5">
    <ScreenID />
    <Layout>HB_LayoutV</Layout>
    <Font>2</Font>
    <RelativePosition>false</RelativePosition>
    <Location>
      <X>0</X>
      <Y>230</Y>
    </Location>
    <Size>
      <CX>525</CX>
      <CY>53</CY>
    </Size>
    <DrawTemplate>WDT_Transparent</DrawTemplate>
    <Style_Qmarkbox>true</Style_Qmarkbox>
    <Style_Closebox>false</Style_Closebox>
    <Style_Border>true</Style_Border>
    <Style_Transparent>true</Style_Transparent>
    <Style_Sizable>true</Style_Sizable>
    <Style_ClientMovable>true</Style_ClientMovable>
    <Escapable>false</Escapable>
    <Pieces>TileLayoutBox:HB_HotButtonLayout</Pieces>
    <Pieces>Screen:HB_VerticalBarPageButtons</Pieces>
    <Pieces>Screen:HB_HorizontalBarPageButtons</Pieces>
    <Pieces>Screen:HB_HorizontalBarTemplate</Pieces>
    <Pieces>Screen:HB_VerticalBarTemplate</Pieces>
    <Pieces>Screen:HB_NoSpinnerBarTemplate</Pieces>
  </Screen>
  <Screen item="HotButtonWnd6">
    <ScreenID />
    <Layout>HB_LayoutV</Layout>
    <Font>2</Font>
    <RelativePosition>false</RelativePosition>
    <Location>
      <X>0</X>
      <Y>230</Y>
    </Location>
    <Size>
      <CX>525</CX>
      <CY>53</CY>
    </Size>
    <DrawTemplate>WDT_Transparent</DrawTemplate>
    <Style_Qmarkbox>true</Style_Qmarkbox>
    <Style_Closebox>false</Style_Closebox>
    <Style_Border>true</Style_Border>
    <Style_Transparent>true</Style_Transparent>
    <Style_Sizable>true</Style_Sizable>
    <Style_ClientMovable>true</Style_ClientMovable>
    <Escapable>false</Escapable>
    <Pieces>TileLayoutBox:HB_HotButtonLayout</Pieces>
    <Pieces>Screen:HB_VerticalBarPageButtons</Pieces>
    <Pieces>Screen:HB_HorizontalBarPageButtons</Pieces>
    <Pieces>Screen:HB_HorizontalBarTemplate</Pieces>
    <Pieces>Screen:HB_VerticalBarTemplate</Pieces>
    <Pieces>Screen:HB_NoSpinnerBarTemplate</Pieces>
  </Screen>
  <Screen item="HotButtonWnd7">
    <ScreenID />
    <Layout>HB_LayoutV</Layout>
    <Font>2</Font>
    <RelativePosition>false</RelativePosition>
    <Location>
      <X>0</X>
      <Y>230</Y>
    </Location>
    <Size>
      <CX>525</CX>
      <CY>53</CY>
    </Size>
    <DrawTemplate>WDT_Transparent</DrawTemplate>
    <Style_Qmarkbox>true</Style_Qmarkbox>
    <Style_Closebox>false</Style_Closebox>
    <Style_Border>true</Style_Border>
    <Style_Transparent>true</Style_Transparent>
    <Style_Sizable>true</Style_Sizable>
    <Style_ClientMovable>true</Style_ClientMovable>
    <Escapable>false</Escapable>
    <Pieces>TileLayoutBox:HB_HotButtonLayout</Pieces>
    <Pieces>Screen:HB_VerticalBarPageButtons</Pieces>
    <Pieces>Screen:HB_HorizontalBarPageButtons</Pieces>
    <Pieces>Screen:HB_HorizontalBarTemplate</Pieces>
    <Pieces>Screen:HB_VerticalBarTemplate</Pieces>
    <Pieces>Screen:HB_NoSpinnerBarTemplate</Pieces>
  </Screen>
  <Screen item="HotButtonWnd8">
    <ScreenID />
    <Layout>HB_LayoutV</Layout>
    <Font>2</Font>
    <RelativePosition>false</RelativePosition>
    <Location>
      <X>0</X>
      <Y>230</Y>
    </Location>
    <Size>
      <CX>525</CX>
      <CY>53</CY>
    </Size>
    <DrawTemplate>WDT_Transparent</DrawTemplate>
    <Style_Qmarkbox>true</Style_Qmarkbox>
    <Style_Closebox>false</Style_Closebox>
    <Style_Border>true</Style_Border>
    <Style_Transparent>true</Style_Transparent>
    <Style_Sizable>true</Style_Sizable>
    <Style_ClientMovable>true</Style_ClientMovable>
    <Escapable>false</Escapable>
    <Pieces>TileLayoutBox:HB_HotButtonLayout</Pieces>
    <Pieces>Screen:HB_VerticalBarPageButtons</Pieces>
    <Pieces>Screen:HB_HorizontalBarPageButtons</Pieces>
    <Pieces>Screen:HB_HorizontalBarTemplate</Pieces>
    <Pieces>Screen:HB_VerticalBarTemplate</Pieces>
    <Pieces>Screen:HB_NoSpinnerBarTemplate</Pieces>
  </Screen>
  <Screen item="HotButtonWnd9">
    <ScreenID />
    <Layout>HB_LayoutV</Layout>
    <Font>2</Font>
    <RelativePosition>false</RelativePosition>
    <Location>
      <X>0</X>
      <Y>230</Y>
    </Location>
    <Size>
      <CX>525</CX>
      <CY>53</CY>
    </Size>
    <DrawTemplate>WDT_Transparent</DrawTemplate>
    <Style_Qmarkbox>true</Style_Qmarkbox>
    <Style_Closebox>false</Style_Closebox>
    <Style_Border>true</Style_Border>
    <Style_Transparent>true</Style_Transparent>
    <Style_Sizable>true</Style_Sizable>
    <Style_ClientMovable>true</Style_ClientMovable>
    <Escapable>false</Escapable>
    <Pieces>TileLayoutBox:HB_HotButtonLayout</Pieces>
    <Pieces>Screen:HB_VerticalBarPageButtons</Pieces>
    <Pieces>Screen:HB_HorizontalBarPageButtons</Pieces>
    <Pieces>Screen:HB_HorizontalBarTemplate</Pieces>
    <Pieces>Screen:HB_VerticalBarTemplate</Pieces>
    <Pieces>Screen:HB_NoSpinnerBarTemplate</Pieces>
  </Screen>
  <Screen item="HotButtonWnd10">
    <ScreenID />
    <Layout>HB_LayoutV</Layout>
    <Font>2</Font>
    <RelativePosition>false</RelativePosition>
    <Location>
      <X>0</X>
      <Y>230</Y>
    </Location>
    <Size>
      <CX>525</CX>
      <CY>53</CY>
    </Size>
    <DrawTemplate>WDT_Transparent</DrawTemplate>
    <Style_Qmarkbox>true</Style_Qmarkbox>
    <Style_Closebox>false</Style_Closebox>
    <Style_Border>true</Style_Border>
    <Style_Transparent>true</Style_Transparent>
    <Style_Sizable>true</Style_Sizable>
    <Style_ClientMovable>true</Style_ClientMovable>
    <Escapable>false</Escapable>
    <Pieces>TileLayoutBox:HB_HotButtonLayout</Pieces>
    <Pieces>Screen:HB_VerticalBarPageButtons</Pieces>
    <Pieces>Screen:HB_HorizontalBarPageButtons</Pieces>
    <Pieces>Screen:HB_HorizontalBarTemplate</Pieces>
    <Pieces>Screen:HB_VerticalBarTemplate</Pieces>
    <Pieces>Screen:HB_NoSpinnerBarTemplate</Pieces>
  </Screen>
</XML>