<?xml version="1.0" encoding="us-ascii"?>
<XML ID="EQInterfaceDefinitionLanguage">
<Schema xmlns="EverQuestData" xmlns:dt="EverQuestDataTypes" />

<!-- Textures -->
<TextureInfo item="pudui_wp_hud.png">
    <Size>
        <CX>512</CX>
        <CY>512</CY>
    </Size>
</TextureInfo>
<TextureInfo item="pudui_window_frame.png">
    <Size>
        <CX>256</CX>
        <CY>256</CY>
    </Size>
</TextureInfo>
<TextureInfo item="pudhud_scrollbargutter.png">
    <Size>
        <CX>16</CX>
        <CY>16</CY>
    </Size>
</TextureInfo>
<TextureInfo item="pudui_bg_hud.png">
    <Size>
        <CX>256</CX>
        <CY>256</CY>
    </Size>
</TextureInfo>
<TextureInfo item="pudui_bg_window.png">
    <Size>
        <CX>16</CX>
        <CY>16</CY>
    </Size>
</TextureInfo>
<TextureInfo item="pudui_bg_dark.png">
    <Size>
        <CX>16</CX>
        <CY>16</CY>
    </Size>
</TextureInfo>
<TextureInfo item="pudui_decals.png">
    <Size>
        <CX>128</CX>
        <CY>128</CY>
    </Size>
</TextureInfo>
<TextureInfo item="pudui_buttons.png">
    <Size>
        <CX>256</CX>
        <CY>256</CY>
    </Size>
</TextureInfo>
<TextureInfo item="pudui_hotbuttons.png">
    <Size>
        <CX>128</CX>
        <CY>256</CY>
    </Size>
</TextureInfo>
<TextureInfo item="pudui_gauges.png">
    <Size>
        <CX>512</CX>
        <CY>256</CY>
    </Size>
</TextureInfo>
<TextureInfo item="pudui_castbar.png">
    <Size>
        <CX>512</CX>
        <CY>32</CY>
    </Size>
</TextureInfo>
<TextureInfo item="pudui_compass.png">
    <Size>
        <CX>256</CX>
        <CY>64</CY>
    </Size>
</TextureInfo>
<TextureInfo item="pudui_inventory_slots.png">
    <Size>
        <CX>256</CX>
        <CY>256</CY>
    </Size>
</TextureInfo>

<!-- Title Bars -->
<Ui2DAnimation item="A_pudhudTitleBar">
	<Cycle>true</Cycle>
	<Frames>
		<Texture>pudui_wp_hud.png</Texture>
		<Location>
			<X>1</X>
			<Y>491</Y>
		</Location>
		<Size>
			<CX>3</CX>
			<CY>16</CY>
		</Size>
		<Hotspot>
			<X>0</X>
			<Y>0</Y>
		</Hotspot>
		<Duration>1000</Duration>
	</Frames>
</Ui2DAnimation>

<!-- Gauges -->
<Ui2DAnimation item="A_pudGaugeNormalBackground">
	<Cycle>true</Cycle>
	<Frames>
		<Texture>pudui_gauges.png</Texture>
		<Location>
			<X>1</X>
			<Y>63</Y>
		</Location>
		<Size>
			<CX>120</CX>
			<CY>20</CY>
		</Size>
		<Hotspot>
			<X>0</X>
			<Y>0</Y>
		</Hotspot>
		<Duration>1000</Duration>
	</Frames>
</Ui2DAnimation>
<Ui2DAnimation item="A_pudGaugeNormalFill">
	<Cycle>true</Cycle>
	<Frames>
		<Texture>pudui_gauges.png</Texture>
		<Location>
			<X>1</X>
			<Y>84</Y>
		</Location>
		<Size>
			<CX>120</CX>
			<CY>20</CY>
		</Size>
		<Hotspot>
			<X>0</X>
			<Y>0</Y>
		</Hotspot>
		<Duration>1000</Duration>
	</Frames>
</Ui2DAnimation>
<Ui2DAnimation item="A_pudGaugeCastbarBackground">
	<Cycle>true</Cycle>
	<Frames>
		<Texture>pudui_castbar.png</Texture>
		<Location>
			<X>0</X>
			<Y>0</Y>
		</Location>
		<Size>
			<CX>512</CX>
			<CY>16</CY>
		</Size>
		<Hotspot>
			<X>0</X>
			<Y>0</Y>
		</Hotspot>
		<Duration>1000</Duration>
	</Frames>
</Ui2DAnimation>
<Ui2DAnimation item="A_pudGaugeCastbarFill">
	<Cycle>true</Cycle>
	<Frames>
		<Texture>pudui_castbar.png</Texture>
		<Location>
			<X>0</X>
			<Y>16</Y>
		</Location>
		<Size>
			<CX>512</CX>
			<CY>16</CY>
		</Size>
		<Hotspot>
			<X>0</X>
			<Y>0</Y>
		</Hotspot>
		<Duration>1000</Duration>
	</Frames>
</Ui2DAnimation>
<Ui2DAnimation item="A_pudGaugeHealthBackground">
	<Cycle>true</Cycle>
	<Frames>
		<Texture>pudui_gauges.png</Texture>
		<Location>
			<X>1</X>
			<Y>1</Y>
		</Location>
		<Size>
			<CX>200</CX>
			<CY>30</CY>
		</Size>
		<Hotspot>
			<X>0</X>
			<Y>0</Y>
		</Hotspot>
		<Duration>1000</Duration>
	</Frames>
</Ui2DAnimation>
<Ui2DAnimation item="A_pudGaugeHealthFill">
	<Cycle>true</Cycle>
	<Frames>
		<Texture>pudui_gauges.png</Texture>
		<Location>
			<X>1</X>
			<Y>32</Y>
		</Location>
		<Size>
			<CX>200</CX>
			<CY>30</CY>
		</Size>
		<Hotspot>
			<X>0</X>
			<Y>0</Y>
		</Hotspot>
		<Duration>1000</Duration>
	</Frames>
</Ui2DAnimation>
<Ui2DAnimation item="A_pudGaugeEndManaBackground">
	<Cycle>true</Cycle>
	<Frames>
		<Texture>pudui_gauges.png</Texture>
		<Location>
			<X>202</X>
			<Y>1</Y>
		</Location>
		<Size>
			<CX>200</CX>
			<CY>12</CY>
		</Size>
		<Hotspot>
			<X>0</X>
			<Y>0</Y>
		</Hotspot>
		<Duration>1000</Duration>
	</Frames>
</Ui2DAnimation>
<Ui2DAnimation item="A_pudGaugeEndManaFill">
	<Cycle>true</Cycle>
	<Frames>
		<Texture>pudui_gauges.png</Texture>
		<Location>
			<X>202</X>
			<Y>14</Y>
		</Location>
		<Size>
			<CX>200</CX>
			<CY>12</CY>
		</Size>
		<Hotspot>
			<X>0</X>
			<Y>0</Y>
		</Hotspot>
		<Duration>1000</Duration>
	</Frames>
</Ui2DAnimation>
<Ui2DAnimation item="A_pudGaugeExTarBackground">
	<Cycle>true</Cycle>
	<Frames>
		<Texture>pudui_gauges.png</Texture>
		<Location>
			<X>202</X>
			<Y>27</Y>
		</Location>
		<Size>
			<CX>150</CX>
			<CY>18</CY>
		</Size>
		<Hotspot>
			<X>0</X>
			<Y>0</Y>
		</Hotspot>
		<Duration>1000</Duration>
	</Frames>
</Ui2DAnimation>
<Ui2DAnimation item="A_pudGaugeExTarFill">
	<Cycle>true</Cycle>
	<Frames>
		<Texture>pudui_gauges.png</Texture>
		<Location>
			<X>202</X>
			<Y>45</Y>
		</Location>
		<Size>
			<CX>150</CX>
			<CY>18</CY>
		</Size>
		<Hotspot>
			<X>0</X>
			<Y>0</Y>
		</Hotspot>
		<Duration>1000</Duration>
	</Frames>
</Ui2DAnimation>
<Ui2DAnimation item="A_pudGaugeGroupHealthBackground">
	<Cycle>true</Cycle>
	<Frames>
		<Texture>pudui_gauges.png</Texture>
		<Location>
			<X>353</X>
			<Y>27</Y>
		</Location>
		<Size>
			<CX>120</CX>
			<CY>30</CY>
		</Size>
		<Hotspot>
			<X>0</X>
			<Y>0</Y>
		</Hotspot>
		<Duration>1000</Duration>
	</Frames>
</Ui2DAnimation>
<Ui2DAnimation item="A_pudGaugeGroupHealthFill">
	<Cycle>true</Cycle>
	<Frames>
		<Texture>pudui_gauges.png</Texture>
		<Location>
			<X>353</X>
			<Y>58</Y>
		</Location>
		<Size>
			<CX>120</CX>
			<CY>30</CY>
		</Size>
		<Hotspot>
			<X>0</X>
			<Y>0</Y>
		</Hotspot>
		<Duration>1000</Duration>
	</Frames>
</Ui2DAnimation>
<Ui2DAnimation item="A_pudGaugeGroupEndManaBackground">
	<Cycle>true</Cycle>
	<Frames>
		<Texture>pudui_gauges.png</Texture>
		<Location>
			<X>353</X>
			<Y>89</Y>
		</Location>
		<Size>
			<CX>120</CX>
			<CY>8</CY>
		</Size>
		<Hotspot>
			<X>0</X>
			<Y>0</Y>
		</Hotspot>
		<Duration>1000</Duration>
	</Frames>
</Ui2DAnimation>
<Ui2DAnimation item="A_pudGaugeGroupEndManaFill">
	<Cycle>true</Cycle>
	<Frames>
		<Texture>pudui_gauges.png</Texture>
		<Location>
			<X>353</X>
			<Y>98</Y>
		</Location>
		<Size>
			<CX>120</CX>
			<CY>8</CY>
		</Size>
		<Hotspot>
			<X>0</X>
			<Y>0</Y>
		</Hotspot>
		<Duration>1000</Duration>
	</Frames>
</Ui2DAnimation>
<Ui2DAnimation item="A_pudGaugeGroupPetBackground">
	<Cycle>true</Cycle>
	<Frames>
		<Texture>pudui_gauges.png</Texture>
		<Location>
			<X>353</X>
			<Y>107</Y>
		</Location>
		<Size>
			<CX>120</CX>
			<CY>8</CY>
		</Size>
		<Hotspot>
			<X>0</X>
			<Y>0</Y>
		</Hotspot>
		<Duration>1000</Duration>
	</Frames>
</Ui2DAnimation>
<Ui2DAnimation item="A_pudGaugePetBackground">
	<Cycle>true</Cycle>
	<Frames>
		<Texture>pudui_gauges.png</Texture>
		<Location>
			<X>121</X>
			<Y>64</Y>
		</Location>
		<Size>
			<CX>152</CX>
			<CY>24</CY>
		</Size>
		<Hotspot>
			<X>0</X>
			<Y>0</Y>
		</Hotspot>
		<Duration>1000</Duration>
	</Frames>
</Ui2DAnimation>
<Ui2DAnimation item="A_pudGaugePetFill">
	<Cycle>true</Cycle>
	<Frames>
		<Texture>pudui_gauges.png</Texture>
		<Location>
			<X>121</X>
			<Y>89</Y>
		</Location>
		<Size>
			<CX>152</CX>
			<CY>24</CY>
		</Size>
		<Hotspot>
			<X>0</X>
			<Y>0</Y>
		</Hotspot>
		<Duration>1000</Duration>
	</Frames>
</Ui2DAnimation>

<!-- Frame Parts -->
<Ui2DAnimation item="A_PudHudBlankFrame2px">
	<Cycle>true</Cycle>
	<Frames>
		<Texture>pudui_wp_hud.png</Texture>
		<Location>
			<X>509</X>
			<Y>1</Y>
		</Location>
		<Size>
			<CX>2</CX>
			<CY>2</CY>
		</Size>
		<Hotspot>
			<X>0</X>
			<Y>0</Y>
		</Hotspot>
		<Duration>1000</Duration>
	</Frames>
</Ui2DAnimation>
<Ui2DAnimation item="A_PudHudFrame1px">
	<Cycle>true</Cycle>
	<Frames>
		<Texture>pudui_wp_hud.png</Texture>
		<Location>
			<X>2</X>
			<Y>509</Y>
		</Location>
		<Size>
			<CX>1</CX>
			<CY>1</CY>
		</Size>
		<Hotspot>
			<X>0</X>
			<Y>0</Y>
		</Hotspot>
		<Duration>1000</Duration>
	</Frames>
</Ui2DAnimation>
<Ui2DAnimation item="A_pudBagTitleBar">
	<Cycle>true</Cycle>
	<Frames>
		<Texture>pudui_bg_window.png</Texture>
		<Location>
			<X>1</X>
			<Y>1</Y>
		</Location>
		<Size>
			<CX>2</CX>
			<CY>2</CY>
		</Size>
		<Hotspot>
			<X>0</X>
			<Y>0</Y>
		</Hotspot>
		<Duration>1000</Duration>
	</Frames>
</Ui2DAnimation>
<Ui2DAnimation item="A_pudInvBag">
	<Frames>
		<Texture>pudui_inventory_slots.png</Texture>
		<Location>
			<X>1</X>
			<Y>1</Y>
		</Location>
		<Size>
			<CX>40</CX>
			<CY>40</CY>
		</Size>
		<Hotspot>
			<X>0</X>
			<Y>0</Y>
		</Hotspot>
	</Frames>
</Ui2DAnimation>

<!-- Button Parts -->
<Ui2DAnimation item="A_pudDestroyNormal">
	<Cycle>true</Cycle>
	<Frames>
		<Texture>pudui_buttons.png</Texture>
		<Location>
			<X>175</X>
			<Y>85</Y>
		</Location>
		<Size>
			<CX>80</CX>
			<CY>40</CY>
		</Size>
		<Hotspot>
			<X>0</X>
			<Y>0</Y>
		</Hotspot>
		<Duration>1000</Duration>
	</Frames>
</Ui2DAnimation>
<Ui2DAnimation item="A_pudDestroyFlyby">
	<Cycle>true</Cycle>
	<Frames>
		<Texture>pudui_buttons.png</Texture>
		<Location>
			<X>175</X>
			<Y>126</Y>
		</Location>
		<Size>
			<CX>80</CX>
			<CY>40</CY>
		</Size>
		<Hotspot>
			<X>0</X>
			<Y>0</Y>
		</Hotspot>
		<Duration>1000</Duration>
	</Frames>
</Ui2DAnimation>
<Ui2DAnimation item="A_pudDestroyPressed">
	<Cycle>true</Cycle>
	<Frames>
		<Texture>pudui_buttons.png</Texture>
		<Location>
			<X>175</X>
			<Y>167</Y>
		</Location>
		<Size>
			<CX>80</CX>
			<CY>40</CY>
		</Size>
		<Hotspot>
			<X>0</X>
			<Y>0</Y>
		</Hotspot>
		<Duration>1000</Duration>
	</Frames>
</Ui2DAnimation>
<Ui2DAnimation item="A_pudGroupInviteNormal">
	<Cycle>true</Cycle>
	<Frames>
		<Texture>pudui_buttons.png</Texture>
		<Location>
			<X>100</X>
			<Y>60</Y>
		</Location>
		<Size>
			<CX>18</CX>
			<CY>18</CY>
		</Size>
		<Hotspot>
			<X>0</X>
			<Y>0</Y>
		</Hotspot>
		<Duration>1000</Duration>
	</Frames>
</Ui2DAnimation>
<Ui2DAnimation item="A_pudGroupInvitePressed">
	<Cycle>true</Cycle>
	<Frames>
		<Texture>pudui_buttons.png</Texture>
		<Location>
			<X>99</X>
			<Y>41</Y>
		</Location>
		<Size>
			<CX>18</CX>
			<CY>18</CY>
		</Size>
		<Hotspot>
			<X>0</X>
			<Y>0</Y>
		</Hotspot>
		<Duration>1000</Duration>
	</Frames>
</Ui2DAnimation>
<Ui2DAnimation item="A_pudGroupInviteFlyby">
	<Cycle>true</Cycle>
	<Frames>
		<Texture>pudui_buttons.png</Texture>
		<Location>
			<X>100</X>
			<Y>42</Y>
		</Location>
		<Size>
			<CX>18</CX>
			<CY>18</CY>
		</Size>
		<Hotspot>
			<X>0</X>
			<Y>0</Y>
		</Hotspot>
		<Duration>1000</Duration>
	</Frames>
</Ui2DAnimation>
<Ui2DAnimation item="A_pudGroupInviteDisabled">
	<Cycle>true</Cycle>
	<Frames>
		<Texture>pudui_buttons.png</Texture>
		<Location>
			<X>0</X>
			<Y>0</Y>
		</Location>
		<Size>
			<CX>0</CX>
			<CY>0</CY>
		</Size>
		<Hotspot>
			<X>0</X>
			<Y>0</Y>
		</Hotspot>
		<Duration>1000</Duration>
	</Frames>
</Ui2DAnimation>
<Ui2DAnimation item="A_pudGroupDisbandNormal">
	<Cycle>true</Cycle>
	<Frames>
		<Texture>pudui_buttons.png</Texture>
		<Location>
			<X>118</X>
			<Y>60</Y>
		</Location>
		<Size>
			<CX>18</CX>
			<CY>18</CY>
		</Size>
		<Hotspot>
			<X>0</X>
			<Y>0</Y>
		</Hotspot>
		<Duration>1000</Duration>
	</Frames>
</Ui2DAnimation>
<Ui2DAnimation item="A_pudGroupDisbandPressed">
	<Cycle>true</Cycle>
	<Frames>
		<Texture>pudui_buttons.png</Texture>
		<Location>
			<X>117</X>
			<Y>41</Y>
		</Location>
		<Size>
			<CX>18</CX>
			<CY>18</CY>
		</Size>
		<Hotspot>
			<X>0</X>
			<Y>0</Y>
		</Hotspot>
		<Duration>1000</Duration>
	</Frames>
</Ui2DAnimation>
<Ui2DAnimation item="A_pudGroupDisbandFlyby">
	<Cycle>true</Cycle>
	<Frames>
		<Texture>pudui_buttons.png</Texture>
		<Location>
			<X>118</X>
			<Y>42</Y>
		</Location>
		<Size>
			<CX>18</CX>
			<CY>18</CY>
		</Size>
		<Hotspot>
			<X>0</X>
			<Y>0</Y>
		</Hotspot>
		<Duration>1000</Duration>
	</Frames>
</Ui2DAnimation>
<Ui2DAnimation item="A_pudGroupDisbandDisabled">
	<Cycle>true</Cycle>
	<Frames>
		<Texture>pudui_buttons.png</Texture>
		<Location>
			<X>0</X>
			<Y>0</Y>
		</Location>
		<Size>
			<CX>0</CX>
			<CY>0</CY>
		</Size>
		<Hotspot>
			<X>0</X>
			<Y>0</Y>
		</Hotspot>
		<Duration>1000</Duration>
	</Frames>
</Ui2DAnimation>
<Ui2DAnimation item="A_pudGroupDeclineNormal">
	<Cycle>true</Cycle>
	<Frames>
		<Texture>pudui_buttons.png</Texture>
		<Location>
			<X>82</X>
			<Y>60</Y>
		</Location>
		<Size>
			<CX>18</CX>
			<CY>18</CY>
		</Size>
		<Hotspot>
			<X>0</X>
			<Y>0</Y>
		</Hotspot>
		<Duration>1000</Duration>
	</Frames>
</Ui2DAnimation>
<Ui2DAnimation item="A_pudGroupDeclinePressed">
	<Cycle>true</Cycle>
	<Frames>
		<Texture>pudui_buttons.png</Texture>
		<Location>
			<X>81</X>
			<Y>41</Y>
		</Location>
		<Size>
			<CX>18</CX>
			<CY>18</CY>
		</Size>
		<Hotspot>
			<X>0</X>
			<Y>0</Y>
		</Hotspot>
		<Duration>1000</Duration>
	</Frames>
</Ui2DAnimation>
<Ui2DAnimation item="A_pudGroupDeclineFlyby">
	<Cycle>true</Cycle>
	<Frames>
		<Texture>pudui_buttons.png</Texture>
		<Location>
			<X>82</X>
			<Y>42</Y>
		</Location>
		<Size>
			<CX>18</CX>
			<CY>18</CY>
		</Size>
		<Hotspot>
			<X>0</X>
			<Y>0</Y>
		</Hotspot>
		<Duration>1000</Duration>
	</Frames>
</Ui2DAnimation>
<Ui2DAnimation item="A_pudGroupDeclineDisabled">
	<Cycle>true</Cycle>
	<Frames>
		<Texture>pudui_buttons.png</Texture>
		<Location>
			<X>0</X>
			<Y>0</Y>
		</Location>
		<Size>
			<CX>0</CX>
			<CY>0</CY>
		</Size>
		<Hotspot>
			<X>0</X>
			<Y>0</Y>
		</Hotspot>
		<Duration>1000</Duration>
	</Frames>
</Ui2DAnimation>
<Ui2DAnimation item="A_pudGroupFollowNormal">
	<Cycle>true</Cycle>
	<Frames>
		<Texture>pudui_buttons.png</Texture>
		<Location>
			<X>1</X>
			<Y>60</Y>
		</Location>
		<Size>
			<CX>81</CX>
			<CY>18</CY>
		</Size>
		<Hotspot>
			<X>0</X>
			<Y>0</Y>
		</Hotspot>
		<Duration>1000</Duration>
	</Frames>
</Ui2DAnimation>
<Ui2DAnimation item="A_pudGroupFollowPressed">
	<Cycle>true</Cycle>
	<Frames>
		<Texture>pudui_buttons.png</Texture>
		<Location>
			<X>0</X>
			<Y>41</Y>
		</Location>
		<Size>
			<CX>81</CX>
			<CY>18</CY>
		</Size>
		<Hotspot>
			<X>0</X>
			<Y>0</Y>
		</Hotspot>
		<Duration>1000</Duration>
	</Frames>
</Ui2DAnimation>
<Ui2DAnimation item="A_pudGroupFollowFlyby">
	<Cycle>true</Cycle>
	<Frames>
		<Texture>pudui_buttons.png</Texture>
		<Location>
			<X>1</X>
			<Y>42</Y>
		</Location>
		<Size>
			<CX>81</CX>
			<CY>18</CY>
		</Size>
		<Hotspot>
			<X>0</X>
			<Y>0</Y>
		</Hotspot>
		<Duration>1000</Duration>
	</Frames>
</Ui2DAnimation>
<Ui2DAnimation item="A_pudGroupFollowDisabled">
	<Cycle>true</Cycle>
	<Frames>
		<Texture>pudui_buttons.png</Texture>
		<Location>
			<X>0</X>
			<Y>0</Y>
		</Location>
		<Size>
			<CX>0</CX>
			<CY>0</CY>
		</Size>
		<Hotspot>
			<X>0</X>
			<Y>0</Y>
		</Hotspot>
		<Duration>1000</Duration>
	</Frames>
</Ui2DAnimation>
	<Ui2DAnimation item="A_HotButtonNormal">
		<Cycle>true</Cycle>
		<Frames>
			<Texture>pudui_hotbuttons.png</Texture>
			<Location>
				<X>1</X>
				<Y>1</Y>
			</Location>
			<Size>
				<CX>50</CX>
				<CY>50</CY>
			</Size>
			<Hotspot>
				<X>0</X>
				<Y>0</Y>
			</Hotspot>
			<Duration>1000</Duration>
		</Frames>
	</Ui2DAnimation>
	<Ui2DAnimation item="A_HotButtonPressed">
		<Cycle>true</Cycle>
		<Frames>
			<Texture>pudui_hotbuttons.png</Texture>
			<Location>
				<X>1</X>
				<Y>52</Y>
			</Location>
			<Size>
				<CX>50</CX>
				<CY>50</CY>
			</Size>
			<Hotspot>
				<X>0</X>
				<Y>0</Y>
			</Hotspot>
			<Duration>1000</Duration>
		</Frames>
	</Ui2DAnimation>
	<Ui2DAnimation item="A_HotButtonFlyby">
		<Cycle>true</Cycle>
		<Frames>
			<Texture>pudui_hotbuttons.png</Texture>
			<Location>
				<X>52</X>
				<Y>1</Y>
			</Location>
			<Size>
				<CX>50</CX>
				<CY>50</CY>
			</Size>
			<Hotspot>
				<X>0</X>
				<Y>0</Y>
			</Hotspot>
			<Duration>1000</Duration>
		</Frames>
	</Ui2DAnimation>
	<Ui2DAnimation item="A_HotButtonPressedFlyby">
		<Cycle>true</Cycle>
		<Frames>
			<Texture>pudui_hotbuttons.png</Texture>
			<Location>
				<X>52</X>
				<Y>52</Y>
			</Location>
			<Size>
				<CX>50</CX>
				<CY>50</CY>
			</Size>
			<Hotspot>
				<X>0</X>
				<Y>0</Y>
			</Hotspot>
			<Duration>1000</Duration>
		</Frames>
	</Ui2DAnimation>
	<Ui2DAnimation item="A_HotButtonDisabled">
		<Cycle>true</Cycle>
		<Frames>
			<Texture>pudui_hotbuttons.tga</Texture>
			<Location>
				<X>1</X>
				<Y>1</Y>
			</Location>
			<Size>
				<CX>50</CX>
				<CY>50</CY>
			</Size>
			<Hotspot>
				<X>0</X>
				<Y>0</Y>
			</Hotspot>
			<Duration>1000</Duration>
		</Frames>
	</Ui2DAnimation>
	<Ui2DAnimation item="A_pudSpellGemHolder">
		<Frames>
			<Texture>pudui_hotbuttons.png</Texture>
			<Location>
				<X>52</X>
				<Y>103</Y>
			</Location>
			<Size>
				<CX>50</CX>
				<CY>50</CY>
			</Size>
		</Frames>
	</Ui2DAnimation>
	<Ui2DAnimation item="A_pudSpellGemHighlight">
		<Frames>
			<Texture>window_pieces02.tga</Texture>
			<Location>
				<X>0</X>
				<Y>250</Y>
			</Location>
			<Size>
				<CX>0</CX>
				<CY>0</CY>
			</Size>
		</Frames>
	</Ui2DAnimation>
	<Ui2DAnimation item="A_pudSpellGemBackground">
		<Frames>
			<Texture>pudui_hotbuttons.png</Texture>
			<Location>
				<X>1</X>
				<Y>103</Y>
			</Location>
			<Size>
				<CX>50</CX>
				<CY>50</CY>
			</Size>
		</Frames>
	</Ui2DAnimation>
<Ui2DAnimation item="A_pudDecalTrashNormal">
	<Cycle>true</Cycle>
	<Frames>
		<Texture>pudui_decals.png</Texture>
		<Location>
			<X>0</X>
			<Y>27</Y>
		</Location>
		<Size>
			<CX>25</CX>
			<CY>25</CY>
		</Size>
		<Hotspot>
			<X>0</X>
			<Y>0</Y>
		</Hotspot>
		<Duration>1000</Duration>
	</Frames>
</Ui2DAnimation>
<Ui2DAnimation item="A_pudDecalTrashFlyby">
	<Cycle>true</Cycle>
	<Frames>
		<Texture>pudui_decals.png</Texture>
		<Location>
			<X>24</X>
			<Y>27</Y>
		</Location>
		<Size>
			<CX>25</CX>
			<CY>25</CY>
		</Size>
		<Hotspot>
			<X>0</X>
			<Y>0</Y>
		</Hotspot>
		<Duration>1000</Duration>
	</Frames>
</Ui2DAnimation>
<Ui2DAnimation item="A_pudDecalBookNormal">
	<Cycle>true</Cycle>
	<Frames>
		<Texture>pudui_decals.png</Texture>
		<Location>
			<X>1</X>
			<Y>1</Y>
		</Location>
		<Size>
			<CX>24</CX>
			<CY>24</CY>
		</Size>
		<Hotspot>
			<X>0</X>
			<Y>0</Y>
		</Hotspot>
		<Duration>1000</Duration>
	</Frames>
</Ui2DAnimation>
<Ui2DAnimation item="A_pudDecalBookPressed">
	<Cycle>true</Cycle>
	<Frames>
		<Texture>pudui_decals.png</Texture>
		<Location>
			<X>51</X>
			<Y>1</Y>
		</Location>
		<Size>
			<CX>24</CX>
			<CY>24</CY>
		</Size>
		<Hotspot>
			<X>0</X>
			<Y>0</Y>
		</Hotspot>
		<Duration>1000</Duration>
	</Frames>
</Ui2DAnimation>
<Ui2DAnimation item="A_pudDecalBookFlyby">
	<Cycle>true</Cycle>
	<Frames>
		<Texture>pudui_decals.png</Texture>
		<Location>
			<X>26</X>
			<Y>1</Y>
		</Location>
		<Size>
			<CX>24</CX>
			<CY>24</CY>
		</Size>
		<Hotspot>
			<X>0</X>
			<Y>0</Y>
		</Hotspot>
		<Duration>1000</Duration>
	</Frames>
</Ui2DAnimation>
<Ui2DAnimation item="A_pudDecalBookFlybyPressed">
	<Cycle>true</Cycle>
	<Frames>
		<Texture>pudui_decals.png</Texture>
		<Location>
			<X>76</X>
			<Y>1</Y>
		</Location>
		<Size>
			<CX>24</CX>
			<CY>24</CY>
		</Size>
		<Hotspot>
			<X>0</X>
			<Y>0</Y>
		</Hotspot>
		<Duration>1000</Duration>
	</Frames>
</Ui2DAnimation>
<Ui2DAnimation item="A_pudBtnNormal">
	<Cycle>true</Cycle>
	<Frames>
		<Texture>pudui_buttons.png</Texture>
		<Location>
			<X>1</X>
			<Y>1</Y>
		</Location>
		<Size>
			<CX>72</CX>
			<CY>20</CY>
		</Size>
		<Hotspot>
			<X>0</X>
			<Y>0</Y>
		</Hotspot>
		<Duration>1000</Duration>
	</Frames>
</Ui2DAnimation>
<Ui2DAnimation item="A_pudBtnPressed">
	<Cycle>true</Cycle>
	<Frames>
		<Texture>pudui_buttons.png</Texture>
		<Location>
			<X>1</X>
			<Y>21</Y>
		</Location>
		<Size>
			<CX>72</CX>
			<CY>20</CY>
		</Size>
		<Hotspot>
			<X>0</X>
			<Y>0</Y>
		</Hotspot>
		<Duration>1000</Duration>
	</Frames>
</Ui2DAnimation>
<Ui2DAnimation item="A_pudBtnFlyby">
	<Cycle>true</Cycle>
	<Frames>
		<Texture>pudui_buttons.png</Texture>
		<Location>
			<X>73</X>
			<Y>1</Y>
		</Location>
		<Size>
			<CX>72</CX>
			<CY>20</CY>
		</Size>
		<Hotspot>
			<X>0</X>
			<Y>0</Y>
		</Hotspot>
		<Duration>1000</Duration>
	</Frames>
</Ui2DAnimation>
<Ui2DAnimation item="A_pudBtnPressedFlyby">
	<Cycle>true</Cycle>
	<Frames>
		<Texture>pudui_buttons.png</Texture>
		<Location>
			<X>73</X>
			<Y>21</Y>
		</Location>
		<Size>
			<CX>72</CX>
			<CY>20</CY>
		</Size>
		<Hotspot>
			<X>0</X>
			<Y>0</Y>
		</Hotspot>
		<Duration>1000</Duration>
	</Frames>
</Ui2DAnimation>
<Ui2DAnimation item="A_pudBtnDisabled">
	<Cycle>true</Cycle>
	<Frames>
		<Texture>pudui_buttons.png</Texture>
		<Location>
			<X>0</X>
			<Y>0</Y>
		</Location>
		<Size>
			<CX>1</CX>
			<CY>1</CY>
		</Size>
		<Hotspot>
			<X>0</X>
			<Y>0</Y>
		</Hotspot>
		<Duration>1000</Duration>
	</Frames>
</Ui2DAnimation>
<Ui2DAnimation item="A_pudBtnSmallSquareNormal">
	<Cycle>true</Cycle>
	<Frames>
		<Texture>pudui_buttons.png</Texture>
		<Location>
			<X>146</X>
			<Y>1</Y>
		</Location>
		<Size>
			<CX>24</CX>
			<CY>24</CY>
		</Size>
		<Hotspot>
			<X>0</X>
			<Y>0</Y>
		</Hotspot>
		<Duration>1000</Duration>
	</Frames>
</Ui2DAnimation>
<Ui2DAnimation item="A_pudBtnSmallSquarePressed">
	<Cycle>true</Cycle>
	<Frames>
		<Texture>pudui_buttons.png</Texture>
		<Location>
			<X>146</X>
			<Y>25</Y>
		</Location>
		<Size>
			<CX>24</CX>
			<CY>24</CY>
		</Size>
		<Hotspot>
			<X>0</X>
			<Y>0</Y>
		</Hotspot>
		<Duration>1000</Duration>
	</Frames>
</Ui2DAnimation>
<Ui2DAnimation item="A_pudBtnSmallSquareFlyby">
	<Cycle>true</Cycle>
	<Frames>
		<Texture>pudui_buttons.png</Texture>
		<Location>
			<X>170</X>
			<Y>1</Y>
		</Location>
		<Size>
			<CX>24</CX>
			<CY>24</CY>
		</Size>
		<Hotspot>
			<X>0</X>
			<Y>0</Y>
		</Hotspot>
		<Duration>1000</Duration>
	</Frames>
</Ui2DAnimation>
<Ui2DAnimation item="A_pudBtnSmallSquarePressedFlyby">
	<Cycle>true</Cycle>
	<Frames>
		<Texture>pudui_buttons.png</Texture>
		<Location>
			<X>170</X>
			<Y>25</Y>
		</Location>
		<Size>
			<CX>24</CX>
			<CY>24</CY>
		</Size>
		<Hotspot>
			<X>0</X>
			<Y>0</Y>
		</Hotspot>
		<Duration>1000</Duration>
	</Frames>
</Ui2DAnimation>
<Ui2DAnimation item="A_pudBtnSmallSquareDisabled">
	<Cycle>true</Cycle>
	<Frames>
		<Texture>pudui_buttons.png</Texture>
		<Location>
			<X>0</X>
			<Y>0</Y>
		</Location>
		<Size>
			<CX>1</CX>
			<CY>1</CY>
		</Size>
		<Hotspot>
			<X>0</X>
			<Y>0</Y>
		</Hotspot>
		<Duration>1000</Duration>
	</Frames>
</Ui2DAnimation>
	<Ui2DAnimation item="A_pudhudCloseBtnNormal">
		<Cycle>true</Cycle>
		<Frames>
			<Texture>pudui_window_frame.png</Texture>
			<Location>
				<X>40</X>
				<Y>13</Y>
			</Location>
			<Size>
				<CX>12</CX>
				<CY>12</CY>
			</Size>
			<Hotspot>
				<X>0</X>
				<Y>0</Y>
			</Hotspot>
			<Duration>1000</Duration>
		</Frames>
	</Ui2DAnimation>
	<Ui2DAnimation item="A_pudhudCloseBtnPressed">
		<Cycle>true</Cycle>
		<Frames>
			<Texture>pudui_window_frame.png</Texture>
			<Location>
				<X>51</X>
				<Y>12</Y>
			</Location>
			<Size>
				<CX>12</CX>
				<CY>12</CY>
			</Size>
			<Hotspot>
				<X>0</X>
				<Y>0</Y>
			</Hotspot>
			<Duration>1000</Duration>
		</Frames>
	</Ui2DAnimation>
	<Ui2DAnimation item="A_pudhudCloseBtnFlyby">
		<Cycle>true</Cycle>
		<Frames>
			<Texture>pudui_window_frame.png</Texture>
			<Location>
				<X>52</X>
				<Y>13</Y>
			</Location>
			<Size>
				<CX>12</CX>
				<CY>12</CY>
			</Size>
			<Hotspot>
				<X>0</X>
				<Y>0</Y>
			</Hotspot>
			<Duration>1000</Duration>
		</Frames>
	</Ui2DAnimation>
	<Ui2DAnimation item="A_pudhudCloseBtnDisabled">
		<Cycle>true</Cycle>
		<Frames>
			<Texture>pudui_window_frame.png</Texture>
			<Location>
				<X>0</X>
				<Y>0</Y>
			</Location>
			<Size>
				<CX>1</CX>
				<CY>1</CY>
			</Size>
			<Hotspot>
				<X>0</X>
				<Y>0</Y>
			</Hotspot>
			<Duration>1000</Duration>
		</Frames>
	</Ui2DAnimation>
	<Ui2DAnimation item="A_pudhudCloseBtnPressedFlyby">
		<Cycle>true</Cycle>
		<Frames>
			<Texture>pudui_window_frame.png</Texture>
			<Location>
				<X>51</X>
				<Y>12</Y>
			</Location>
			<Size>
				<CX>12</CX>
				<CY>12</CY>
			</Size>
			<Hotspot>
				<X>0</X>
				<Y>0</Y>
			</Hotspot>
			<Duration>1000</Duration>
		</Frames>
	</Ui2DAnimation>
	<Ui2DAnimation item="A_pudhudMinimizeBtnNormal">
		<Cycle>true</Cycle>
		<Frames>
			<Texture>pudui_window_frame.png</Texture>
			<Location>
				<X>88</X>
				<Y>13</Y>
			</Location>
			<Size>
				<CX>12</CX>
				<CY>12</CY>
			</Size>
			<Hotspot>
				<X>0</X>
				<Y>0</Y>
			</Hotspot>
			<Duration>1000</Duration>
		</Frames>
	</Ui2DAnimation>
	<Ui2DAnimation item="A_pudhudMinimizeBtnPressed">
		<Cycle>true</Cycle>
		<Frames>
			<Texture>pudui_window_frame.png</Texture>
			<Location>
				<X>99</X>
				<Y>12</Y>
			</Location>
			<Size>
				<CX>12</CX>
				<CY>12</CY>
			</Size>
			<Hotspot>
				<X>0</X>
				<Y>0</Y>
			</Hotspot>
			<Duration>1000</Duration>
		</Frames>
	</Ui2DAnimation>
	<Ui2DAnimation item="A_pudhudMinimizeBtnFlyby">
		<Cycle>true</Cycle>
		<Frames>
			<Texture>pudui_window_frame.png</Texture>
			<Location>
				<X>100</X>
				<Y>13</Y>
			</Location>
			<Size>
				<CX>12</CX>
				<CY>12</CY>
			</Size>
			<Hotspot>
				<X>0</X>
				<Y>0</Y>
			</Hotspot>
			<Duration>1000</Duration>
		</Frames>
	</Ui2DAnimation>
	<Ui2DAnimation item="A_pudhudMinimizeBtnDisabled">
		<Cycle>true</Cycle>
		<Frames>
			<Texture>pudui_window_frame.png</Texture>
			<Location>
				<X>0</X>
				<Y>0</Y>
			</Location>
			<Size>
				<CX>1</CX>
				<CY>1</CY>
			</Size>
			<Hotspot>
				<X>0</X>
				<Y>0</Y>
			</Hotspot>
			<Duration>1000</Duration>
		</Frames>
	</Ui2DAnimation>
	<Ui2DAnimation item="A_pudhudMinimizeBtnPressedFlyby">
		<Cycle>true</Cycle>
		<Frames>
			<Texture>pudui_window_frame.png</Texture>
			<Location>
				<X>99</X>
				<Y>12</Y>
			</Location>
			<Size>
				<CX>12</CX>
				<CY>12</CY>
			</Size>
			<Hotspot>
				<X>0</X>
				<Y>0</Y>
			</Hotspot>
			<Duration>1000</Duration>
		</Frames>
	</Ui2DAnimation>
	<!-- Combo Box Dropdown -->
	<Ui2DAnimation item="A_pudComboNormal">
		<Cycle>true</Cycle>
	<Frames>
		<Texture>pudui_wp_hud.png</Texture>
		<Location>
			<X>443</X>
			<Y>40</Y>
		</Location>
		<Size>
			<CX>14</CX>
			<CY>20</CY>
		</Size>
		<Hotspot>
			<X>0</X>
			<Y>0</Y>
		</Hotspot>
		<Duration>1000</Duration>
	</Frames>
	</Ui2DAnimation>

<!-- Button Templates -->
<ButtonDrawTemplate item="BDT_pudDestroyItem">
	<Normal>A_pudDestroyNormal</Normal>
	<Pressed>A_pudDestroyPressed</Pressed>
	<PressedFlyby>A_pudDestroyPressed</PressedFlyby>
	<Flyby>A_pudDestroyFlyby</Flyby>
	<PressedFlyby>A_BtnPressedFlyby</PressedFlyby>
	<NormalDecal>A_pudDecalTrashNormal</NormalDecal>
	<PressedDecal>A_pudDecalTrashNormal</PressedDecal>
	<FlybyDecal>A_pudDecalTrashFlyby</FlybyDecal>
	<PressedFlybyDecal>A_pudDecalTrashFlyby</PressedFlybyDecal>
</ButtonDrawTemplate>
<ButtonDrawTemplate item="BDT_pudGroupInvite">
	<Normal>A_pudGroupInviteNormal</Normal>
	<Pressed>A_pudGroupInvitePressed</Pressed>
	<Flyby>A_pudGroupInviteFlyby</Flyby>
	<Disabled>A_pudGroupInviteDisabled</Disabled>
	<PressedFlyby>A_pudGroupInvitePressed</PressedFlyby>
</ButtonDrawTemplate>
<ButtonDrawTemplate item="BDT_pudGroupDisband">
	<Normal>A_pudGroupDisbandNormal</Normal>
	<Pressed>A_pudGroupDisbandPressed</Pressed>
	<Flyby>A_pudGroupDisbandFlyby</Flyby>
	<Disabled>A_pudGroupDisbandDisabled</Disabled>
	<PressedFlyby>A_pudGroupDisbandPressed</PressedFlyby>
</ButtonDrawTemplate>
<ButtonDrawTemplate item="BDT_pudGroupFollow">
	<Normal>A_pudGroupFollowNormal</Normal>
	<Pressed>A_pudGroupFollowPressed</Pressed>
	<Flyby>A_pudGroupFollowFlyby</Flyby>
	<Disabled>A_pudGroupFollowDisabled</Disabled>
	<PressedFlyby>A_pudGroupFollowPressed</PressedFlyby>
</ButtonDrawTemplate>
<ButtonDrawTemplate item="BDT_pudGroupDecline">
	<Normal>A_pudGroupDeclineNormal</Normal>
	<Pressed>A_pudGroupDeclinePressed</Pressed>
	<Flyby>A_pudGroupDeclineFlyby</Flyby>
	<Disabled>A_pudGroupDeclineDisabled</Disabled>
	<PressedFlyby>A_pudGroupDeclinePressed</PressedFlyby>
</ButtonDrawTemplate>
<ButtonDrawTemplate item="BDT_pudNormal">
	<Normal>A_pudBtnNormal</Normal>
	<Pressed>A_pudBtnPressed</Pressed>
	<Flyby>A_pudBtnFlyby</Flyby>
	<Disabled>A_pudBtnDisabled</Disabled>
	<PressedFlyby>A_pudBtnPressedFlyby</PressedFlyby>
</ButtonDrawTemplate>
<ButtonDrawTemplate item="BDT_pudSmallSquare">
	<Normal>A_pudBtnSmallSquareNormal</Normal>
	<Pressed>A_pudBtnSmallSquarePressed</Pressed>
	<Flyby>A_pudBtnSmallSquareFlyby</Flyby>
	<Disabled>A_pudBtnSmallSquareDisabled</Disabled>
	<PressedFlyby>A_pudBtnSmallSquarePressedFlyby</PressedFlyby>
</ButtonDrawTemplate>

<!-- Window Templates -->
<WindowDrawTemplate item="WDT_PudHudInvisBorder">
	<Background>pudui_bg_hud.png</Background>
	<VSBTemplate>
		<UpButton>
			<Normal>A_VSBUpNormal</Normal>
			<Pressed>A_VSBUpPressed</Pressed>
			<Flyby>A_VSBUpFlyby</Flyby>
			<Disabled>A_VSBUpDisabled</Disabled>
			<PressedFlyby>A_VSBUpPressedFlyby</PressedFlyby>
		</UpButton>
		<DownButton>
			<Normal>A_VSBDownNormal</Normal>
			<Pressed>A_VSBDownPressed</Pressed>
			<Flyby>A_VSBDownFlyby</Flyby>
			<Disabled>A_VSBDownDisabled</Disabled>
			<PressedFlyby>A_VSBDownPressedFlyby</PressedFlyby>
		</DownButton>
		<Thumb>
			<Top>A_VSBThumbTop</Top>
			<Bottom>A_VSBThumbBottom</Bottom>
			<Middle>A_VSBThumbMiddle</Middle>
			<OverlapLeft>0</OverlapLeft>
			<OverlapTop>0</OverlapTop>
			<OverlapRight>0</OverlapRight>
			<OverlapBottom>0</OverlapBottom>
		</Thumb>
		<MiddleTextureInfo>pudhud_scrollbargutter.png</MiddleTextureInfo>
		<MiddleTint>
			<Alpha>255</Alpha>
			<R>128</R>
			<G>128</G>
			<B>128</B>
		</MiddleTint>
	</VSBTemplate>
	<HSBTemplate>
		<UpButton>
			<Normal>A_HSBLeftNormal</Normal>
			<Pressed>A_HSBLeftPressed</Pressed>
			<Flyby>A_HSBLeftFlyby</Flyby>
			<Disabled>A_HSBLeftDisabled</Disabled>
			<PressedFlyby>A_HSBLeftPressedFlyby</PressedFlyby>
		</UpButton>
		<DownButton>
			<Normal>A_HSBRightNormal</Normal>
			<Pressed>A_HSBRightPressed</Pressed>
			<Flyby>A_HSBRightFlyby</Flyby>
			<Disabled>A_HSBRightDisabled</Disabled>
			<PressedFlyby>A_HSBRightPressedFlyby</PressedFlyby>
		</DownButton>
		<Thumb>
			<Right>A_HSBThumbRight</Right>
			<Left>A_HSBThumbLeft</Left>
			<Middle>A_HSBThumbMiddle</Middle>
			<OverlapLeft>0</OverlapLeft>
			<OverlapTop>0</OverlapTop>
			<OverlapRight>0</OverlapRight>
			<OverlapBottom>0</OverlapBottom>
		</Thumb>
		<MiddleTextureInfo>pudhud_scrollbargutter.png</MiddleTextureInfo>
		<MiddleTint>
			<Alpha>255</Alpha>
			<R>128</R>
			<G>128</G>
			<B>128</B>
		</MiddleTint>
	</HSBTemplate>
	<CloseBox>
		<Normal>A_CloseBtnNormal</Normal>
		<Pressed>A_CloseBtnPressed</Pressed>
		<Flyby>A_CloseBtnFlyby</Flyby>
		<Disabled>A_CloseBtnDisabled</Disabled>
		<PressedFlyby>A_CloseBtnPressedFlyby</PressedFlyby>
	</CloseBox>
	<QMarkBox>
		<Normal>A_QMarkBtnNormal</Normal>
		<Pressed>A_QMarkBtnPressed</Pressed>
		<Flyby>A_QMarkBtnFlyby</Flyby>
		<Disabled>A_QMarkBtnDisabled</Disabled>
		<PressedFlyby>A_QMarkBtnPressedFlyby</PressedFlyby>
	</QMarkBox>
	<MinimizeBox>
		<Normal>A_MinimizeBtnNormal</Normal>
		<Pressed>A_MinimizeBtnPressed</Pressed>
		<Flyby>A_MinimizeBtnFlyby</Flyby>
		<Disabled>A_MinimizeBtnDisabled</Disabled>
		<PressedFlyby>A_MinimizeBtnPressedFlyby</PressedFlyby>
	</MinimizeBox>
	<MaximizeBox>
		<Normal>A_MaximizeBtnNormal</Normal>
		<Pressed>A_MaximizeBtnPressed</Pressed>
		<Flyby>A_MaximizeBtnFlyby</Flyby>
		<Disabled>A_MaximizeBtnDisabled</Disabled>
		<PressedFlyby>A_MaximizeBtnPressedFlyby</PressedFlyby>
	</MaximizeBox>
	<TileBox>
		<Normal>A_TileBtnNormal</Normal>
		<Pressed>A_TileBtnPressed</Pressed>
		<Flyby>A_TileBtnFlyby</Flyby>
		<Disabled>A_TileBtnDisabled</Disabled>
		<PressedFlyby>A_TileBtnPressedFlyby</PressedFlyby>
	</TileBox>
	<Border>
		<TopLeft>A_PudHudBlankFrame2px</TopLeft>
		<Top>A_PudHudBlankFrame2px</Top>
		<TopRight>A_PudHudBlankFrame2px</TopRight>
		<RightTop>A_PudHudBlankFrame2px</RightTop>
		<Right>A_PudHudBlankFrame2px</Right>
		<RightBottom>A_PudHudBlankFrame2px</RightBottom>
		<BottomRight>A_PudHudBlankFrame2px</BottomRight>
		<Bottom>A_PudHudBlankFrame2px</Bottom>
		<BottomLeft>A_PudHudBlankFrame2px</BottomLeft>
		<LeftTop>A_PudHudBlankFrame2px</LeftTop>
		<Left>A_PudHudBlankFrame2px</Left>
		<LeftBottom>A_PudHudBlankFrame2px</LeftBottom>
		<OverlapLeft>0</OverlapLeft>
		<OverlapTop>0</OverlapTop>
		<OverlapRight>0</OverlapRight>
		<OverlapBottom>0</OverlapBottom>
	</Border>
	<Titlebar>
		<Right>A_PudHudBlankFrame2px</Right>
		<Left>A_PudHudBlankFrame2px</Left>
		<Middle>A_PudHudBlankFrame2px</Middle>
		<OverlapLeft>0</OverlapLeft>
		<OverlapTop>0</OverlapTop>
		<OverlapRight>0</OverlapRight>
		<OverlapBottom>0</OverlapBottom>
	</Titlebar>
</WindowDrawTemplate>
<WindowDrawTemplate item="WDT_PudHud">
	<Background>pudui_bg_hud.png</Background>
	<VSBTemplate>
		<UpButton>
			<Normal>A_VSBUpNormal</Normal>
			<Pressed>A_VSBUpPressed</Pressed>
			<Flyby>A_VSBUpFlyby</Flyby>
			<Disabled>A_VSBUpDisabled</Disabled>
			<PressedFlyby>A_VSBUpPressedFlyby</PressedFlyby>
		</UpButton>
		<DownButton>
			<Normal>A_VSBDownNormal</Normal>
			<Pressed>A_VSBDownPressed</Pressed>
			<Flyby>A_VSBDownFlyby</Flyby>
			<Disabled>A_VSBDownDisabled</Disabled>
			<PressedFlyby>A_VSBDownPressedFlyby</PressedFlyby>
		</DownButton>
		<Thumb>
			<Top>A_VSBThumbTop</Top>
			<Bottom>A_VSBThumbBottom</Bottom>
			<Middle>A_VSBThumbMiddle</Middle>
			<OverlapLeft>0</OverlapLeft>
			<OverlapTop>0</OverlapTop>
			<OverlapRight>0</OverlapRight>
			<OverlapBottom>0</OverlapBottom>
		</Thumb>
		<MiddleTextureInfo>pudhud_scrollbargutter.png</MiddleTextureInfo>
		<MiddleTint>
			<Alpha>255</Alpha>
			<R>128</R>
			<G>128</G>
			<B>128</B>
		</MiddleTint>
	</VSBTemplate>
	<HSBTemplate>
		<UpButton>
			<Normal>A_HSBLeftNormal</Normal>
			<Pressed>A_HSBLeftPressed</Pressed>
			<Flyby>A_HSBLeftFlyby</Flyby>
			<Disabled>A_HSBLeftDisabled</Disabled>
			<PressedFlyby>A_HSBLeftPressedFlyby</PressedFlyby>
		</UpButton>
		<DownButton>
			<Normal>A_HSBRightNormal</Normal>
			<Pressed>A_HSBRightPressed</Pressed>
			<Flyby>A_HSBRightFlyby</Flyby>
			<Disabled>A_HSBRightDisabled</Disabled>
			<PressedFlyby>A_HSBRightPressedFlyby</PressedFlyby>
		</DownButton>
		<Thumb>
			<Right>A_HSBThumbRight</Right>
			<Left>A_HSBThumbLeft</Left>
			<Middle>A_HSBThumbMiddle</Middle>
			<OverlapLeft>0</OverlapLeft>
			<OverlapTop>0</OverlapTop>
			<OverlapRight>0</OverlapRight>
			<OverlapBottom>0</OverlapBottom>
		</Thumb>
		<MiddleTextureInfo>pudhud_scrollbargutter.png</MiddleTextureInfo>
		<MiddleTint>
			<Alpha>255</Alpha>
			<R>128</R>
			<G>128</G>
			<B>128</B>
		</MiddleTint>
	</HSBTemplate>
	<CloseBox>
		<Normal>A_pudhudCloseBtnNormal</Normal>
		<Pressed>A_pudhudCloseBtnPressed</Pressed>
		<Flyby>A_pudhudCloseBtnFlyby</Flyby>
		<Disabled>A_pudhudCloseBtnDisabled</Disabled>
		<PressedFlyby>A_pudhudCloseBtnPressedFlyby</PressedFlyby>
	</CloseBox>
	<QMarkBox>
		<Normal>A_QMarkBtnNormal</Normal>
		<Pressed>A_QMarkBtnPressed</Pressed>
		<Flyby>A_QMarkBtnFlyby</Flyby>
		<Disabled>A_QMarkBtnDisabled</Disabled>
		<PressedFlyby>A_QMarkBtnPressedFlyby</PressedFlyby>
	</QMarkBox>
	<MinimizeBox>
		<Normal>A_pudhudMinimizeBtnNormal</Normal>
		<Pressed>A_pudhudMinimizeBtnPressed</Pressed>
		<Flyby>A_pudhudMinimizeBtnFlyby</Flyby>
		<Disabled>A_pudhudMinimizeBtnDisabled</Disabled>
		<PressedFlyby>A_pudhudMinimizeBtnPressedFlyby</PressedFlyby>
	</MinimizeBox>
	<MaximizeBox>
		<Normal>A_MaximizeBtnNormal</Normal>
		<Pressed>A_MaximizeBtnPressed</Pressed>
		<Flyby>A_MaximizeBtnFlyby</Flyby>
		<Disabled>A_MaximizeBtnDisabled</Disabled>
		<PressedFlyby>A_MaximizeBtnPressedFlyby</PressedFlyby>
	</MaximizeBox>
	<TileBox>
		<Normal>A_TileBtnNormal</Normal>
		<Pressed>A_TileBtnPressed</Pressed>
		<Flyby>A_TileBtnFlyby</Flyby>
		<Disabled>A_TileBtnDisabled</Disabled>
		<PressedFlyby>A_TileBtnPressedFlyby</PressedFlyby>
	</TileBox>
	<Border>
		<TopLeft>A_PudHudFrame1px</TopLeft>
		<Top>A_PudHudFrame1px</Top>
		<TopRight>A_PudHudFrame1px</TopRight>
		<RightTop>A_PudHudFrame1px</RightTop>
		<Right>A_PudHudFrame1px</Right>
		<RightBottom>A_PudHudFrame1px</RightBottom>
		<BottomRight>A_PudHudFrame1px</BottomRight>
		<Bottom>A_PudHudFrame1px</Bottom>
		<BottomLeft>A_PudHudFrame1px</BottomLeft>
		<LeftTop>A_PudHudFrame1px</LeftTop>
		<Left>A_PudHudFrame1px</Left>
		<LeftBottom>A_PudHudFrame1px</LeftBottom>
		<OverlapLeft>0</OverlapLeft>
		<OverlapTop>0</OverlapTop>
		<OverlapRight>0</OverlapRight>
		<OverlapBottom>0</OverlapBottom>
	</Border>
	<Titlebar>
		<Right>A_pudhudTitleBar</Right>
		<Left>A_pudhudTitleBar</Left>
		<Middle>A_pudhudTitleBar</Middle>
		<OverlapLeft>0</OverlapLeft>
		<OverlapTop>0</OverlapTop>
		<OverlapRight>0</OverlapRight>
		<OverlapBottom>0</OverlapBottom>
	</Titlebar>
</WindowDrawTemplate>
</XML>
